bucket,group_id,item_id,label,token_length
400–600,arxiv-2001.06139v1,arxiv-2001.06139v1_ai_generated_llama-3.3-70b-instruct,2,507
400–600,arxiv-2001.06139v1,arxiv-2001.06139v1_ai_generated_llama-3.3-70b-instruct_THEN_gpt-4o-2024-11-20,2,485
400–600,arxiv-2001.06139v1,arxiv-2001.06139v1_human_ai_polished_gpt-3.5-turbo,1,550
400–600,arxiv-2001.06139v1,arxiv-2001.06139v1_human_written,0,539
400–600,arxiv-2001.06885v2,arxiv-2001.06885v2_ai_generated_gpt-3.5-turbo,2,477
200–400,arxiv-2001.06885v2,arxiv-2001.06885v2_ai_humanized_tool,3,252
400–600,arxiv-2001.06885v2,arxiv-2001.06885v2_human_ai_polished_gpt-3.5-turbo,1,465
400–600,arxiv-2001.06885v2,arxiv-2001.06885v2_human_written,0,458
400–600,arxiv-2001.11535v1,arxiv-2001.11535v1_ai_generated_gpt-3.5-turbo,2,467
400–600,arxiv-2001.11535v1,arxiv-2001.11535v1_ai_generated_gpt-3.5-turbo_THEN_gpt-3.5-turbo,2,476
400–600,arxiv-2001.11535v1,arxiv-2001.11535v1_human_ai_polished_claude-3-5-sonnet-20241022,1,452
400–600,arxiv-2001.11535v1,arxiv-2001.11535v1_human_written,0,424
400–600,arxiv-2002.05994v1,arxiv-2002.05994v1_ai_generated_claude-3-5-sonnet-20241022,2,431
400–600,arxiv-2002.05994v1,arxiv-2002.05994v1_ai_generated_claude-3-5-sonnet-20241022_THEN_gemini-1.5-pro-002,2,467
400–600,arxiv-2002.05994v1,arxiv-2002.05994v1_human_ai_polished_gpt-4o-2024-11-20,1,498
400–600,arxiv-2002.05994v1,arxiv-2002.05994v1_human_written,0,445
600–800,arxiv-2002.08851v1,arxiv-2002.08851v1_ai_generated_gpt-3.5-turbo,2,662
600–800,arxiv-2002.08851v1,arxiv-2002.08851v1_ai_generated_gpt-3.5-turbo_THEN_claude-3-5-sonnet-20241022,2,633
600–800,arxiv-2002.08851v1,arxiv-2002.08851v1_human_ai_polished_gemini-1.5-pro-002,1,656
600–800,arxiv-2002.08851v1,arxiv-2002.08851v1_human_written,0,648
600–800,arxiv-2002.10101v1,arxiv-2002.10101v1_ai_generated_claude-3-5-sonnet-20241022,2,647
600–800,arxiv-2002.10101v1,arxiv-2002.10101v1_ai_generated_claude-3-5-sonnet-20241022_THEN_gpt-3.5-turbo,2,690
600–800,arxiv-2002.10101v1,arxiv-2002.10101v1_human_ai_polished_gpt-4o-2024-11-20,1,662
600–800,arxiv-2002.10101v1,arxiv-2002.10101v1_human_written,0,649
400–600,arxiv-2003.00703v1,arxiv-2003.00703v1_ai_generated_qwen2.5-72b-instruct,2,469
400–600,arxiv-2003.00703v1,arxiv-2003.00703v1_ai_generated_qwen2.5-72b-instruct_THEN_gpt-3.5-turbo,2,502
400–600,arxiv-2003.00703v1,arxiv-2003.00703v1_human_ai_polished_gpt-3.5-turbo,1,470
400–600,arxiv-2003.00703v1,arxiv-2003.00703v1_human_written,0,477
400–600,arxiv-2003.13830v1,arxiv-2003.13830v1_ai_generated_claude-3-5-sonnet-20241022,2,411
200–400,arxiv-2003.13830v1,arxiv-2003.13830v1_ai_generated_claude-3-5-sonnet-20241022_THEN_claude-3-5-sonnet-20241022,2,399
200–400,arxiv-2003.13830v1,arxiv-2003.13830v1_human_ai_polished_claude-3-5-sonnet-20241022,1,398
400–600,arxiv-2003.13830v1,arxiv-2003.13830v1_human_written,0,406
400–600,arxiv-2004.01493v4,arxiv-2004.01493v4_ai_generated_llama-3.3-70b-instruct,2,597
600–800,arxiv-2004.01493v4,arxiv-2004.01493v4_ai_generated_llama-3.3-70b-instruct_THEN_claude-3-5-sonnet-20241022,2,603
600–800,arxiv-2004.01493v4,arxiv-2004.01493v4_human_ai_polished_gemini-1.5-pro-002,1,619
600–800,arxiv-2004.01493v4,arxiv-2004.01493v4_human_written,0,634
400–600,arxiv-2004.02073v1,arxiv-2004.02073v1_ai_generated_llama-3.3-70b-instruct,2,417
400–600,arxiv-2004.02073v1,arxiv-2004.02073v1_ai_generated_llama-3.3-70b-instruct_THEN_gemini-1.5-pro-002,2,454
400–600,arxiv-2004.02073v1,arxiv-2004.02073v1_human_ai_polished_claude-3-5-sonnet-20241022,1,450
400–600,arxiv-2004.02073v1,arxiv-2004.02073v1_human_written,0,418
400–600,arxiv-2004.12186v2,arxiv-2004.12186v2_ai_generated_gpt-4o-2024-11-20,2,552
400–600,arxiv-2004.12186v2,arxiv-2004.12186v2_ai_generated_gpt-4o-2024-11-20_THEN_claude-3-5-sonnet-20241022,2,547
600–800,arxiv-2004.12186v2,arxiv-2004.12186v2_human_ai_polished_claude-3-5-sonnet-20241022,1,676
600–800,arxiv-2004.12186v2,arxiv-2004.12186v2_human_written,0,605
200–400,arxiv-2005.03256v1,arxiv-2005.03256v1_ai_generated_gpt-3.5-turbo,2,256
200–400,arxiv-2005.03256v1,arxiv-2005.03256v1_ai_generated_gpt-3.5-turbo_THEN_gpt-4o-2024-11-20,2,266
200–400,arxiv-2005.03256v1,arxiv-2005.03256v1_human_ai_polished_gpt-4o-2024-11-20,1,265
200–400,arxiv-2005.03256v1,arxiv-2005.03256v1_human_written,0,269
200–400,arxiv-2005.04170v1,arxiv-2005.04170v1_ai_generated_gpt-4o-2024-11-20,2,346
200–400,arxiv-2005.04170v1,arxiv-2005.04170v1_ai_generated_gpt-4o-2024-11-20_THEN_gemini-1.5-pro-002,2,341
200–400,arxiv-2005.04170v1,arxiv-2005.04170v1_human_ai_polished_gpt-3.5-turbo,1,350
200–400,arxiv-2005.04170v1,arxiv-2005.04170v1_human_written,0,352
200–400,arxiv-2005.05610v1,arxiv-2005.05610v1_ai_generated_gpt-3.5-turbo,2,392
400–600,arxiv-2005.05610v1,arxiv-2005.05610v1_ai_generated_gpt-3.5-turbo_THEN_gemini-1.5-pro-002,2,433
400–600,arxiv-2005.05610v1,arxiv-2005.05610v1_human_ai_polished_claude-3-5-sonnet-20241022,1,406
400–600,arxiv-2005.05610v1,arxiv-2005.05610v1_human_written,0,405
400–600,arxiv-2005.09081v2,arxiv-2005.09081v2_ai_generated_gpt-4o-2024-11-20,2,474
200–400,arxiv-2005.09081v2,arxiv-2005.09081v2_ai_humanized_tool,3,399
400–600,arxiv-2005.09081v2,arxiv-2005.09081v2_human_ai_polished_gpt-3.5-turbo,1,465
400–600,arxiv-2005.09081v2,arxiv-2005.09081v2_human_written,0,475
400–600,arxiv-2006.00978v2,arxiv-2006.00978v2_ai_generated_gemini-1.5-pro-002,2,453
400–600,arxiv-2006.00978v2,arxiv-2006.00978v2_ai_generated_gemini-1.5-pro-002_THEN_gpt-4o-2024-11-20,2,426
400–600,arxiv-2006.00978v2,arxiv-2006.00978v2_human_ai_polished_gpt-3.5-turbo,1,492
400–600,arxiv-2006.00978v2,arxiv-2006.00978v2_human_written,0,513
400–600,arxiv-2006.01524v2,arxiv-2006.01524v2_ai_generated_gpt-4o-2024-11-20,2,429
400–600,arxiv-2006.01524v2,arxiv-2006.01524v2_ai_generated_gpt-4o-2024-11-20_THEN_gpt-3.5-turbo,2,502
600–800,arxiv-2006.01524v2,arxiv-2006.01524v2_human_ai_polished_claude-3-5-sonnet-20241022,1,768
600–800,arxiv-2006.01524v2,arxiv-2006.01524v2_human_written,0,657
400–600,arxiv-2006.05538v1,arxiv-2006.05538v1_ai_generated_gpt-4o-2024-11-20,2,536
400–600,arxiv-2006.05538v1,arxiv-2006.05538v1_ai_generated_gpt-4o-2024-11-20_THEN_gpt-3.5-turbo,2,581
400–600,arxiv-2006.05538v1,arxiv-2006.05538v1_human_ai_polished_claude-3-5-sonnet-20241022,1,576
400–600,arxiv-2006.05538v1,arxiv-2006.05538v1_human_written,0,550
200–400,arxiv-2006.10168v1,arxiv-2006.10168v1_ai_generated_gpt-4o-2024-11-20,2,226
200–400,arxiv-2006.10168v1,arxiv-2006.10168v1_ai_generated_gpt-4o-2024-11-20_THEN_gpt-3.5-turbo,2,235
200–400,arxiv-2006.10168v1,arxiv-2006.10168v1_human_ai_polished_gpt-3.5-turbo,1,254
200–400,arxiv-2006.10168v1,arxiv-2006.10168v1_human_written,0,250
200–400,arxiv-2006.10632v3,arxiv-2006.10632v3_ai_generated_gpt-4o-2024-11-20,2,358
200–400,arxiv-2006.10632v3,arxiv-2006.10632v3_ai_generated_gpt-4o-2024-11-20_THEN_gpt-3.5-turbo,2,374
400–600,arxiv-2006.10632v3,arxiv-2006.10632v3_human_ai_polished_gemini-1.5-pro-002,1,505
400–600,arxiv-2006.10632v3,arxiv-2006.10632v3_human_written,0,513
600–800,arxiv-2006.11035v1,arxiv-2006.11035v1_ai_generated_gemini-1.5-pro-002,2,601
600–800,arxiv-2006.11035v1,arxiv-2006.11035v1_ai_humanized_tool,3,673
400–600,arxiv-2006.11035v1,arxiv-2006.11035v1_human_ai_polished_gemini-1.5-pro-002,1,585
400–600,arxiv-2006.11035v1,arxiv-2006.11035v1_human_written,0,567
600–800,arxiv-2006.13611v1,arxiv-2006.13611v1_ai_generated_claude-3-5-sonnet-20241022,2,722
600–800,arxiv-2006.13611v1,arxiv-2006.13611v1_ai_generated_claude-3-5-sonnet-20241022_THEN_gpt-4o-2024-11-20,2,655
800+,arxiv-2006.13611v1,arxiv-2006.13611v1_human_ai_polished_claude-3-5-sonnet-20241022,1,825
600–800,arxiv-2006.13611v1,arxiv-2006.13611v1_human_written,0,726
400–600,arxiv-2007.00216v1,arxiv-2007.00216v1_ai_generated_gemini-1.5-pro-002,2,464
400–600,arxiv-2007.00216v1,arxiv-2007.00216v1_ai_humanized_tool,3,542
400–600,arxiv-2007.00216v1,arxiv-2007.00216v1_human_ai_polished_gpt-3.5-turbo,1,497
400–600,arxiv-2007.00216v1,arxiv-2007.00216v1_human_written,0,453
200–400,arxiv-2007.00349v1,arxiv-2007.00349v1_ai_generated_gpt-4o-2024-11-20,2,309
200–400,arxiv-2007.00349v1,arxiv-2007.00349v1_ai_humanized_tool,3,367
200–400,arxiv-2007.00349v1,arxiv-2007.00349v1_human_ai_polished_gpt-4o-2024-11-20,1,239
200–400,arxiv-2007.00349v1,arxiv-2007.00349v1_human_written,0,310
800+,arxiv-2007.09555v1,arxiv-2007.09555v1_ai_generated_gpt-4o-2024-11-20,2,1063
800+,arxiv-2007.09555v1,arxiv-2007.09555v1_ai_generated_gpt-4o-2024-11-20_THEN_claude-3-5-sonnet-20241022,2,1061
800+,arxiv-2007.09555v1,arxiv-2007.09555v1_human_ai_polished_gpt-4o-2024-11-20,1,1110
800+,arxiv-2007.09555v1,arxiv-2007.09555v1_human_written,0,1048
200–400,arxiv-2007.11053v1,arxiv-2007.11053v1_ai_generated_gpt-4o-2024-11-20,2,366
200–400,arxiv-2007.11053v1,arxiv-2007.11053v1_ai_humanized_tool,3,349
200–400,arxiv-2007.11053v1,arxiv-2007.11053v1_human_ai_polished_claude-3-5-sonnet-20241022,1,364
200–400,arxiv-2007.11053v1,arxiv-2007.11053v1_human_written,0,347
400–600,arxiv-2008.02457v2,arxiv-2008.02457v2_ai_generated_claude-3-5-sonnet-20241022,2,537
400–600,arxiv-2008.02457v2,arxiv-2008.02457v2_ai_generated_claude-3-5-sonnet-20241022_THEN_gemini-1.5-pro-002,2,547
600–800,arxiv-2008.02457v2,arxiv-2008.02457v2_human_ai_polished_claude-3-5-sonnet-20241022,1,624
400–600,arxiv-2008.02457v2,arxiv-2008.02457v2_human_written,0,508
400–600,arxiv-2008.10522v2,arxiv-2008.10522v2_ai_generated_gpt-4o-2024-11-20,2,413
400–600,arxiv-2008.10522v2,arxiv-2008.10522v2_ai_humanized_tool,3,418
400–600,arxiv-2008.10522v2,arxiv-2008.10522v2_human_ai_polished_claude-3-5-sonnet-20241022,1,486
400–600,arxiv-2008.10522v2,arxiv-2008.10522v2_human_written,0,418
400–600,arxiv-2009.10579v2,arxiv-2009.10579v2_ai_generated_gemini-1.5-pro-002,2,496
400–600,arxiv-2009.10579v2,arxiv-2009.10579v2_ai_generated_gemini-1.5-pro-002_THEN_gpt-3.5-turbo,2,550
400–600,arxiv-2009.10579v2,arxiv-2009.10579v2_human_ai_polished_gemini-1.5-pro-002,1,495
400–600,arxiv-2009.10579v2,arxiv-2009.10579v2_human_written,0,462
200–400,arxiv-2009.10749v5,arxiv-2009.10749v5_ai_generated_gpt-3.5-turbo,2,293
200–400,arxiv-2009.10749v5,arxiv-2009.10749v5_ai_generated_gpt-3.5-turbo_THEN_claude-3-5-sonnet-20241022,2,302
200–400,arxiv-2009.10749v5,arxiv-2009.10749v5_human_ai_polished_claude-3-5-sonnet-20241022,1,316
200–400,arxiv-2009.10749v5,arxiv-2009.10749v5_human_written,0,312
400–600,arxiv-2010.01498v2,arxiv-2010.01498v2_ai_generated_gemini-1.5-pro-002,2,500
400–600,arxiv-2010.01498v2,arxiv-2010.01498v2_ai_generated_gemini-1.5-pro-002_THEN_claude-3-5-sonnet-20241022,2,469
400–600,arxiv-2010.01498v2,arxiv-2010.01498v2_human_ai_polished_gpt-4o-2024-11-20,1,489
400–600,arxiv-2010.01498v2,arxiv-2010.01498v2_human_written,0,498
400–600,arxiv-2010.06367v3,arxiv-2010.06367v3_ai_generated_claude-3-5-sonnet-20241022,2,472
400–600,arxiv-2010.06367v3,arxiv-2010.06367v3_ai_generated_claude-3-5-sonnet-20241022_THEN_claude-3-5-sonnet-20241022,2,481
400–600,arxiv-2010.06367v3,arxiv-2010.06367v3_human_ai_polished_gpt-3.5-turbo,1,472
400–600,arxiv-2010.06367v3,arxiv-2010.06367v3_human_written,0,460
600–800,arxiv-2010.09576v1,arxiv-2010.09576v1_ai_generated_qwen2.5-72b-instruct,2,685
600–800,arxiv-2010.09576v1,arxiv-2010.09576v1_ai_generated_qwen2.5-72b-instruct_THEN_gpt-4o-2024-11-20,2,748
600–800,arxiv-2010.09576v1,arxiv-2010.09576v1_human_ai_polished_claude-3-5-sonnet-20241022,1,766
600–800,arxiv-2010.09576v1,arxiv-2010.09576v1_human_written,0,693
400–600,arxiv-2010.11266v1,arxiv-2010.11266v1_ai_generated_gpt-3.5-turbo,2,527
400–600,arxiv-2010.11266v1,arxiv-2010.11266v1_ai_generated_gpt-3.5-turbo_THEN_gpt-4o-2024-11-20,2,599
400–600,arxiv-2010.11266v1,arxiv-2010.11266v1_human_ai_polished_claude-3-5-sonnet-20241022,1,584
400–600,arxiv-2010.11266v1,arxiv-2010.11266v1_human_written,0,548
800+,arxiv-2010.14377v2,arxiv-2010.14377v2_ai_generated_gemini-1.5-pro-002,2,800
800+,arxiv-2010.14377v2,arxiv-2010.14377v2_ai_humanized_tool,3,873
800+,arxiv-2010.14377v2,arxiv-2010.14377v2_human_ai_polished_gemini-1.5-pro-002,1,887
800+,arxiv-2010.14377v2,arxiv-2010.14377v2_human_written,0,838
600–800,arxiv-2011.00836v2,arxiv-2011.00836v2_ai_generated_claude-3-5-sonnet-20241022,2,628
600–800,arxiv-2011.00836v2,arxiv-2011.00836v2_ai_generated_claude-3-5-sonnet-20241022_THEN_gemini-1.5-pro-002,2,627
600–800,arxiv-2011.00836v2,arxiv-2011.00836v2_human_ai_polished_gemini-1.5-pro-002,1,666
600–800,arxiv-2011.00836v2,arxiv-2011.00836v2_human_written,0,688
400–600,arxiv-2011.02675v2,arxiv-2011.02675v2_ai_generated_gpt-4o-2024-11-20,2,561
600–800,arxiv-2011.02675v2,arxiv-2011.02675v2_ai_generated_gpt-4o-2024-11-20_THEN_claude-3-5-sonnet-20241022,2,783
200–400,arxiv-2011.02675v2,arxiv-2011.02675v2_human_ai_polished_gpt-4o-2024-11-20,1,343
800+,arxiv-2011.02675v2,arxiv-2011.02675v2_human_written,0,867
200–400,arxiv-2011.08101v2,arxiv-2011.08101v2_ai_generated_claude-3-5-sonnet-20241022,2,328
200–400,arxiv-2011.08101v2,arxiv-2011.08101v2_ai_generated_claude-3-5-sonnet-20241022_THEN_gpt-4o-2024-11-20,2,323
200–400,arxiv-2011.08101v2,arxiv-2011.08101v2_human_ai_polished_claude-3-5-sonnet-20241022,1,318
200–400,arxiv-2011.08101v2,arxiv-2011.08101v2_human_written,0,289
400–600,arxiv-2012.09889v1,arxiv-2012.09889v1_ai_generated_claude-3-5-sonnet-20241022,2,456
400–600,arxiv-2012.09889v1,arxiv-2012.09889v1_ai_generated_claude-3-5-sonnet-20241022_THEN_gpt-4o-2024-11-20,2,477
400–600,arxiv-2012.09889v1,arxiv-2012.09889v1_human_ai_polished_gpt-3.5-turbo,1,478
400–600,arxiv-2012.09889v1,arxiv-2012.09889v1_human_written,0,482
400–600,arxiv-2101.00773v1,arxiv-2101.00773v1_ai_generated_qwen2.5-72b-instruct,2,563
400–600,arxiv-2101.00773v1,arxiv-2101.00773v1_ai_generated_qwen2.5-72b-instruct_THEN_gpt-3.5-turbo,2,571
400–600,arxiv-2101.00773v1,arxiv-2101.00773v1_human_ai_polished_claude-3-5-sonnet-20241022,1,549
400–600,arxiv-2101.00773v1,arxiv-2101.00773v1_human_written,0,553
600–800,arxiv-2101.12045v1,arxiv-2101.12045v1_ai_generated_qwen2.5-72b-instruct,2,632
600–800,arxiv-2101.12045v1,arxiv-2101.12045v1_ai_generated_qwen2.5-72b-instruct_THEN_gpt-4o-2024-11-20,2,690
600–800,arxiv-2101.12045v1,arxiv-2101.12045v1_human_ai_polished_gemini-1.5-pro-002,1,667
600–800,arxiv-2101.12045v1,arxiv-2101.12045v1_human_written,0,635
600–800,arxiv-2102.03013v1,arxiv-2102.03013v1_ai_generated_gemini-1.5-pro-002,2,678
200–400,arxiv-2102.03013v1,arxiv-2102.03013v1_ai_humanized_human,3,235
600–800,arxiv-2102.03013v1,arxiv-2102.03013v1_human_ai_polished_claude-3-5-sonnet-20241022,1,727
600–800,arxiv-2102.03013v1,arxiv-2102.03013v1_human_written,0,636
400–600,arxiv-2102.03762v1,arxiv-2102.03762v1_ai_generated_gpt-3.5-turbo,2,481
400–600,arxiv-2102.03762v1,arxiv-2102.03762v1_ai_generated_gpt-3.5-turbo_THEN_gpt-3.5-turbo,2,473
400–600,arxiv-2102.03762v1,arxiv-2102.03762v1_human_ai_polished_claude-3-5-sonnet-20241022,1,476
400–600,arxiv-2102.03762v1,arxiv-2102.03762v1_human_written,0,407
400–600,arxiv-2102.05738v2,arxiv-2102.05738v2_ai_generated_claude-3-5-sonnet-20241022,2,484
400–600,arxiv-2102.05738v2,arxiv-2102.05738v2_ai_generated_claude-3-5-sonnet-20241022_THEN_gemini-1.5-pro-002,2,510
400–600,arxiv-2102.05738v2,arxiv-2102.05738v2_human_ai_polished_gpt-3.5-turbo,1,503
400–600,arxiv-2102.05738v2,arxiv-2102.05738v2_human_written,0,472
200–400,arxiv-2102.09299v2,arxiv-2102.09299v2_ai_generated_llama-3.3-70b-instruct,2,218
200–400,arxiv-2102.09299v2,arxiv-2102.09299v2_ai_generated_llama-3.3-70b-instruct_THEN_gpt-3.5-turbo,2,220
0–200,arxiv-2102.09299v2,arxiv-2102.09299v2_human_ai_polished_gpt-4o-2024-11-20,1,198
200–400,arxiv-2102.09299v2,arxiv-2102.09299v2_human_written,0,218
400–600,arxiv-2102.09667v2,arxiv-2102.09667v2_ai_generated_claude-3-5-sonnet-20241022,2,595
400–600,arxiv-2102.09667v2,arxiv-2102.09667v2_ai_generated_claude-3-5-sonnet-20241022_THEN_claude-3-5-sonnet-20241022,2,585
400–600,arxiv-2102.09667v2,arxiv-2102.09667v2_human_ai_polished_gpt-3.5-turbo,1,566
400–600,arxiv-2102.09667v2,arxiv-2102.09667v2_human_written,0,567
200–400,arxiv-2102.10476v3,arxiv-2102.10476v3_ai_generated_qwen2.5-72b-instruct,2,372
200–400,arxiv-2102.10476v3,arxiv-2102.10476v3_ai_generated_qwen2.5-72b-instruct_THEN_gpt-4o-2024-11-20,2,320
200–400,arxiv-2102.10476v3,arxiv-2102.10476v3_human_ai_polished_gpt-3.5-turbo,1,290
200–400,arxiv-2102.10476v3,arxiv-2102.10476v3_human_written,0,398
600–800,arxiv-2102.13011v2,arxiv-2102.13011v2_ai_generated_gpt-4o-2024-11-20,2,606
400–600,arxiv-2102.13011v2,arxiv-2102.13011v2_ai_generated_gpt-4o-2024-11-20_THEN_claude-3-5-sonnet-20241022,2,585
600–800,arxiv-2102.13011v2,arxiv-2102.13011v2_human_ai_polished_claude-3-5-sonnet-20241022,1,676
400–600,arxiv-2102.13011v2,arxiv-2102.13011v2_human_written,0,596
0–200,arxiv-2103.02017v1,arxiv-2103.02017v1_ai_generated_qwen2.5-72b-instruct,2,122
0–200,arxiv-2103.02017v1,arxiv-2103.02017v1_ai_generated_qwen2.5-72b-instruct_THEN_gpt-4o-2024-11-20,2,122
0–200,arxiv-2103.02017v1,arxiv-2103.02017v1_human_ai_polished_gpt-3.5-turbo,1,113
0–200,arxiv-2103.02017v1,arxiv-2103.02017v1_human_written,0,61
400–600,arxiv-2103.03400v1,arxiv-2103.03400v1_ai_generated_qwen2.5-72b-instruct,2,577
400–600,arxiv-2103.03400v1,arxiv-2103.03400v1_ai_generated_qwen2.5-72b-instruct_THEN_gpt-4o-2024-11-20,2,591
400–600,arxiv-2103.03400v1,arxiv-2103.03400v1_human_ai_polished_gpt-3.5-turbo,1,585
400–600,arxiv-2103.03400v1,arxiv-2103.03400v1_human_written,0,573
800+,arxiv-2103.05127v2,arxiv-2103.05127v2_ai_generated_claude-3-5-sonnet-20241022,2,894
800+,arxiv-2103.05127v2,arxiv-2103.05127v2_ai_generated_claude-3-5-sonnet-20241022_THEN_gpt-3.5-turbo,2,996
800+,arxiv-2103.05127v2,arxiv-2103.05127v2_human_ai_polished_gemini-1.5-pro-002,1,907
800+,arxiv-2103.05127v2,arxiv-2103.05127v2_human_written,0,825
200–400,arxiv-2103.11233v4,arxiv-2103.11233v4_ai_generated_gpt-3.5-turbo,2,357
200–400,arxiv-2103.11233v4,arxiv-2103.11233v4_ai_generated_gpt-3.5-turbo_THEN_claude-3-5-sonnet-20241022,2,373
200–400,arxiv-2103.11233v4,arxiv-2103.11233v4_human_ai_polished_claude-3-5-sonnet-20241022,1,254
200–400,arxiv-2103.11233v4,arxiv-2103.11233v4_human_written,0,356
400–600,arxiv-2103.13482v2,arxiv-2103.13482v2_ai_generated_claude-3-5-sonnet-20241022,2,430
400–600,arxiv-2103.13482v2,arxiv-2103.13482v2_ai_humanized_tool,3,467
200–400,arxiv-2103.13482v2,arxiv-2103.13482v2_human_ai_polished_gpt-3.5-turbo,1,339
400–600,arxiv-2103.13482v2,arxiv-2103.13482v2_human_written,0,461
400–600,arxiv-2104.00924v1,arxiv-2104.00924v1_ai_generated_qwen2.5-72b-instruct,2,589
400–600,arxiv-2104.00924v1,arxiv-2104.00924v1_ai_humanized_human,3,598
600–800,arxiv-2104.00924v1,arxiv-2104.00924v1_human_ai_polished_gpt-4o-2024-11-20,1,614
600–800,arxiv-2104.00924v1,arxiv-2104.00924v1_human_written,0,619
600–800,arxiv-2104.14291v1,arxiv-2104.14291v1_ai_generated_gpt-4o-2024-11-20,2,789
600–800,arxiv-2104.14291v1,arxiv-2104.14291v1_ai_generated_gpt-4o-2024-11-20_THEN_claude-3-5-sonnet-20241022,2,660
600–800,arxiv-2104.14291v1,arxiv-2104.14291v1_human_ai_polished_claude-3-5-sonnet-20241022,1,620
600–800,arxiv-2104.14291v1,arxiv-2104.14291v1_human_written,0,602
400–600,arxiv-2105.00781v1,arxiv-2105.00781v1_ai_generated_gpt-4o-2024-11-20,2,520
400–600,arxiv-2105.00781v1,arxiv-2105.00781v1_ai_humanized_tool,3,508
200–400,arxiv-2105.00781v1,arxiv-2105.00781v1_human_ai_polished_gpt-4o-2024-11-20,1,341
400–600,arxiv-2105.00781v1,arxiv-2105.00781v1_human_written,0,564
400–600,arxiv-2105.01046v1,arxiv-2105.01046v1_ai_generated_gpt-4o-2024-11-20,2,535
200–400,arxiv-2105.01046v1,arxiv-2105.01046v1_ai_humanized_human,3,342
400–600,arxiv-2105.01046v1,arxiv-2105.01046v1_human_ai_polished_claude-3-5-sonnet-20241022,1,551
400–600,arxiv-2105.01046v1,arxiv-2105.01046v1_human_written,0,562
800+,arxiv-2105.02095v5,arxiv-2105.02095v5_ai_generated_gpt-3.5-turbo,2,816
800+,arxiv-2105.02095v5,arxiv-2105.02095v5_ai_generated_gpt-3.5-turbo_THEN_gemini-1.5-pro-002,2,851
800+,arxiv-2105.02095v5,arxiv-2105.02095v5_human_ai_polished_gpt-4o-2024-11-20,1,806
800+,arxiv-2105.02095v5,arxiv-2105.02095v5_human_written,0,819
400–600,arxiv-2105.02291v2,arxiv-2105.02291v2_ai_generated_qwen2.5-72b-instruct,2,599
600–800,arxiv-2105.02291v2,arxiv-2105.02291v2_ai_generated_qwen2.5-72b-instruct_THEN_claude-3-5-sonnet-20241022,2,630
600–800,arxiv-2105.02291v2,arxiv-2105.02291v2_human_ai_polished_gemini-1.5-pro-002,1,641
600–800,arxiv-2105.02291v2,arxiv-2105.02291v2_human_written,0,630
400–600,arxiv-2105.03625v2,arxiv-2105.03625v2_ai_generated_gemini-1.5-pro-002,2,585
200–400,arxiv-2105.03625v2,arxiv-2105.03625v2_ai_humanized_tool,3,331
600–800,arxiv-2105.03625v2,arxiv-2105.03625v2_human_ai_polished_claude-3-5-sonnet-20241022,1,614
400–600,arxiv-2105.03625v2,arxiv-2105.03625v2_human_written,0,558
600–800,arxiv-2105.12062v2,arxiv-2105.12062v2_ai_generated_claude-3-5-sonnet-20241022,2,609
600–800,arxiv-2105.12062v2,arxiv-2105.12062v2_ai_generated_claude-3-5-sonnet-20241022_THEN_gemini-1.5-pro-002,2,654
600–800,arxiv-2105.12062v2,arxiv-2105.12062v2_human_ai_polished_claude-3-5-sonnet-20241022,1,750
600–800,arxiv-2105.12062v2,arxiv-2105.12062v2_human_written,0,659
400–600,arxiv-2106.02624v2,arxiv-2106.02624v2_ai_generated_gpt-4o-2024-11-20,2,444
400–600,arxiv-2106.02624v2,arxiv-2106.02624v2_ai_generated_gpt-4o-2024-11-20_THEN_gemini-1.5-pro-002,2,434
400–600,arxiv-2106.02624v2,arxiv-2106.02624v2_human_ai_polished_gpt-3.5-turbo,1,428
200–400,arxiv-2106.02624v2,arxiv-2106.02624v2_human_written,0,387
800+,arxiv-2106.11182v1,arxiv-2106.11182v1_ai_generated_gemini-1.5-pro-002,2,954
800+,arxiv-2106.11182v1,arxiv-2106.11182v1_ai_generated_gemini-1.5-pro-002_THEN_gpt-4o-2024-11-20,2,1165
800+,arxiv-2106.11182v1,arxiv-2106.11182v1_human_ai_polished_gpt-4o-2024-11-20,1,871
600–800,arxiv-2106.11182v1,arxiv-2106.11182v1_human_written,0,761
800+,arxiv-2106.12449v2,arxiv-2106.12449v2_ai_generated_qwen2.5-72b-instruct,2,830
800+,arxiv-2106.12449v2,arxiv-2106.12449v2_ai_generated_qwen2.5-72b-instruct_THEN_gemini-1.5-pro-002,2,870
800+,arxiv-2106.12449v2,arxiv-2106.12449v2_human_ai_polished_gpt-4o-2024-11-20,1,895
800+,arxiv-2106.12449v2,arxiv-2106.12449v2_human_written,0,872
600–800,arxiv-2108.05028v2,arxiv-2108.05028v2_ai_generated_gpt-4o-2024-11-20,2,779
600–800,arxiv-2108.05028v2,arxiv-2108.05028v2_ai_generated_gpt-4o-2024-11-20_THEN_gpt-3.5-turbo,2,712
800+,arxiv-2108.05028v2,arxiv-2108.05028v2_human_ai_polished_gemini-1.5-pro-002,1,807
600–800,arxiv-2108.05028v2,arxiv-2108.05028v2_human_written,0,740
800+,arxiv-2108.05348v1,arxiv-2108.05348v1_ai_generated_gemini-1.5-pro-002,2,925
800+,arxiv-2108.05348v1,arxiv-2108.05348v1_ai_generated_gemini-1.5-pro-002_THEN_gemini-1.5-pro-002,2,955
800+,arxiv-2108.05348v1,arxiv-2108.05348v1_human_ai_polished_gemini-1.5-pro-002,1,936
800+,arxiv-2108.05348v1,arxiv-2108.05348v1_human_written,0,870
400–600,arxiv-2108.10709v1,arxiv-2108.10709v1_ai_generated_gemini-1.5-pro-002,2,409
400–600,arxiv-2108.10709v1,arxiv-2108.10709v1_ai_generated_gemini-1.5-pro-002_THEN_gpt-3.5-turbo,2,427
400–600,arxiv-2108.10709v1,arxiv-2108.10709v1_human_ai_polished_claude-3-5-sonnet-20241022,1,510
400–600,arxiv-2108.10709v1,arxiv-2108.10709v1_human_written,0,420
200–400,arxiv-2109.05954v13,arxiv-2109.05954v13_ai_generated_gpt-4o-2024-11-20,2,209
200–400,arxiv-2109.05954v13,arxiv-2109.05954v13_ai_humanized_tool,3,214
200–400,arxiv-2109.05954v13,arxiv-2109.05954v13_human_ai_polished_gemini-1.5-pro-002,1,239
200–400,arxiv-2109.05954v13,arxiv-2109.05954v13_human_written,0,233
400–600,arxiv-2109.11579v1,arxiv-2109.11579v1_ai_generated_claude-3-5-sonnet-20241022,2,545
600–800,arxiv-2109.11579v1,arxiv-2109.11579v1_ai_humanized_tool,3,647
400–600,arxiv-2109.11579v1,arxiv-2109.11579v1_human_ai_polished_gpt-3.5-turbo,1,542
400–600,arxiv-2109.11579v1,arxiv-2109.11579v1_human_written,0,519
400–600,arxiv-2109.13563v1,arxiv-2109.13563v1_ai_generated_qwen2.5-72b-instruct,2,401
400–600,arxiv-2109.13563v1,arxiv-2109.13563v1_ai_generated_qwen2.5-72b-instruct_THEN_gpt-3.5-turbo,2,412
400–600,arxiv-2109.13563v1,arxiv-2109.13563v1_human_ai_polished_claude-3-5-sonnet-20241022,1,409
400–600,arxiv-2109.13563v1,arxiv-2109.13563v1_human_written,0,421
200–400,arxiv-2110.03372v2,arxiv-2110.03372v2_ai_generated_gpt-3.5-turbo,2,397
400–600,arxiv-2110.03372v2,arxiv-2110.03372v2_ai_generated_gpt-3.5-turbo_THEN_gpt-3.5-turbo,2,428
400–600,arxiv-2110.03372v2,arxiv-2110.03372v2_human_ai_polished_gemini-1.5-pro-002,1,406
200–400,arxiv-2110.03372v2,arxiv-2110.03372v2_human_written,0,382
400–600,arxiv-2110.04972v2,arxiv-2110.04972v2_ai_generated_llama-3.3-70b-instruct,2,474
400–600,arxiv-2110.04972v2,arxiv-2110.04972v2_ai_humanized_tool,3,527
400–600,arxiv-2110.04972v2,arxiv-2110.04972v2_human_ai_polished_claude-3-5-sonnet-20241022,1,464
400–600,arxiv-2110.04972v2,arxiv-2110.04972v2_human_written,0,466
200–400,arxiv-2110.13264v1,arxiv-2110.13264v1_ai_generated_gpt-3.5-turbo,2,295
200–400,arxiv-2110.13264v1,arxiv-2110.13264v1_ai_generated_gpt-3.5-turbo_THEN_gemini-1.5-pro-002,2,302
200–400,arxiv-2110.13264v1,arxiv-2110.13264v1_human_ai_polished_gpt-3.5-turbo,1,266
200–400,arxiv-2110.13264v1,arxiv-2110.13264v1_human_written,0,292
600–800,arxiv-2110.15730v1,arxiv-2110.15730v1_ai_generated_claude-3-5-sonnet-20241022,2,619
600–800,arxiv-2110.15730v1,arxiv-2110.15730v1_ai_generated_claude-3-5-sonnet-20241022_THEN_claude-3-5-sonnet-20241022,2,665
600–800,arxiv-2110.15730v1,arxiv-2110.15730v1_human_ai_polished_gpt-4o-2024-11-20,1,615
600–800,arxiv-2110.15730v1,arxiv-2110.15730v1_human_written,0,610
200–400,arxiv-2111.11442v1,arxiv-2111.11442v1_ai_generated_claude-3-5-sonnet-20241022,2,397
400–600,arxiv-2111.11442v1,arxiv-2111.11442v1_ai_generated_claude-3-5-sonnet-20241022_THEN_claude-3-5-sonnet-20241022,2,418
400–600,arxiv-2111.11442v1,arxiv-2111.11442v1_human_ai_polished_gemini-1.5-pro-002,1,501
400–600,arxiv-2111.11442v1,arxiv-2111.11442v1_human_written,0,407
400–600,arxiv-2112.05451v2,arxiv-2112.05451v2_ai_generated_claude-3-5-sonnet-20241022,2,430
400–600,arxiv-2112.05451v2,arxiv-2112.05451v2_ai_generated_claude-3-5-sonnet-20241022_THEN_claude-3-5-sonnet-20241022,2,412
200–400,arxiv-2112.05451v2,arxiv-2112.05451v2_human_ai_polished_gpt-3.5-turbo,1,327
400–600,arxiv-2112.05451v2,arxiv-2112.05451v2_human_written,0,443
200–400,arxiv-2112.05798v1,arxiv-2112.05798v1_ai_generated_llama-3.3-70b-instruct,2,365
200–400,arxiv-2112.05798v1,arxiv-2112.05798v1_ai_humanized_tool,3,393
200–400,arxiv-2112.05798v1,arxiv-2112.05798v1_human_ai_polished_claude-3-5-sonnet-20241022,1,381
200–400,arxiv-2112.05798v1,arxiv-2112.05798v1_human_written,0,389
400–600,arxiv-2112.06447v4,arxiv-2112.06447v4_ai_generated_gpt-3.5-turbo,2,463
400–600,arxiv-2112.06447v4,arxiv-2112.06447v4_ai_humanized_tool,3,488
400–600,arxiv-2112.06447v4,arxiv-2112.06447v4_human_ai_polished_gpt-3.5-turbo,1,463
400–600,arxiv-2112.06447v4,arxiv-2112.06447v4_human_written,0,472
200–400,arxiv-2112.06449v1,arxiv-2112.06449v1_ai_generated_gpt-4o-2024-11-20,2,251
200–400,arxiv-2112.06449v1,arxiv-2112.06449v1_ai_generated_gpt-4o-2024-11-20_THEN_gpt-3.5-turbo,2,244
400–600,arxiv-2112.06449v1,arxiv-2112.06449v1_human_ai_polished_claude-3-5-sonnet-20241022,1,458
400–600,arxiv-2112.06449v1,arxiv-2112.06449v1_human_written,0,429
400–600,arxiv-2112.08791v1,arxiv-2112.08791v1_ai_generated_gemini-1.5-pro-002,2,533
200–400,arxiv-2112.08791v1,arxiv-2112.08791v1_ai_generated_gemini-1.5-pro-002_THEN_gpt-4o-2024-11-20,2,381
400–600,arxiv-2112.08791v1,arxiv-2112.08791v1_human_ai_polished_gemini-1.5-pro-002,1,541
400–600,arxiv-2112.08791v1,arxiv-2112.08791v1_human_written,0,509
400–600,arxiv-2201.07531v2,arxiv-2201.07531v2_ai_generated_llama-3.3-70b-instruct,2,509
400–600,arxiv-2201.07531v2,arxiv-2201.07531v2_ai_generated_llama-3.3-70b-instruct_THEN_gpt-4o-2024-11-20,2,521
400–600,arxiv-2201.07531v2,arxiv-2201.07531v2_human_ai_polished_claude-3-5-sonnet-20241022,1,598
400–600,arxiv-2201.07531v2,arxiv-2201.07531v2_human_written,0,520
400–600,arxiv-2201.08675v2,arxiv-2201.08675v2_ai_generated_claude-3-5-sonnet-20241022,2,428
400–600,arxiv-2201.08675v2,arxiv-2201.08675v2_ai_humanized_tool,3,430
200–400,arxiv-2201.08675v2,arxiv-2201.08675v2_human_ai_polished_gpt-3.5-turbo,1,353
400–600,arxiv-2201.08675v2,arxiv-2201.08675v2_human_written,0,442
400–600,arxiv-2201.10908v1,arxiv-2201.10908v1_ai_generated_gemini-1.5-pro-002,2,560
400–600,arxiv-2201.10908v1,arxiv-2201.10908v1_ai_generated_gemini-1.5-pro-002_THEN_claude-3-5-sonnet-20241022,2,552
600–800,arxiv-2201.10908v1,arxiv-2201.10908v1_human_ai_polished_claude-3-5-sonnet-20241022,1,612
400–600,arxiv-2201.10908v1,arxiv-2201.10908v1_human_written,0,539
600–800,arxiv-2203.04749v3,arxiv-2203.04749v3_ai_generated_gemini-1.5-pro-002,2,681
600–800,arxiv-2203.04749v3,arxiv-2203.04749v3_ai_generated_gemini-1.5-pro-002_THEN_claude-3-5-sonnet-20241022,2,692
600–800,arxiv-2203.04749v3,arxiv-2203.04749v3_human_ai_polished_gpt-4o-2024-11-20,1,719
600–800,arxiv-2203.04749v3,arxiv-2203.04749v3_human_written,0,716
600–800,arxiv-2203.11491v1,arxiv-2203.11491v1_ai_generated_qwen2.5-72b-instruct,2,627
400–600,arxiv-2203.11491v1,arxiv-2203.11491v1_ai_humanized_tool,3,535
600–800,arxiv-2203.11491v1,arxiv-2203.11491v1_human_ai_polished_gpt-3.5-turbo,1,687
600–800,arxiv-2203.11491v1,arxiv-2203.11491v1_human_written,0,678
200–400,arxiv-2203.17253v1,arxiv-2203.17253v1_ai_generated_gpt-3.5-turbo,2,340
200–400,arxiv-2203.17253v1,arxiv-2203.17253v1_ai_generated_gpt-3.5-turbo_THEN_claude-3-5-sonnet-20241022,2,333
200–400,arxiv-2203.17253v1,arxiv-2203.17253v1_human_ai_polished_gpt-3.5-turbo,1,230
200–400,arxiv-2203.17253v1,arxiv-2203.17253v1_human_written,0,244
200–400,arxiv-2204.02777v1,arxiv-2204.02777v1_ai_generated_llama-3.3-70b-instruct,2,253
200–400,arxiv-2204.02777v1,arxiv-2204.02777v1_ai_generated_llama-3.3-70b-instruct_THEN_gpt-3.5-turbo,2,263
200–400,arxiv-2204.02777v1,arxiv-2204.02777v1_human_ai_polished_gemini-1.5-pro-002,1,290
200–400,arxiv-2204.02777v1,arxiv-2204.02777v1_human_written,0,280
200–400,arxiv-2205.00934v1,arxiv-2205.00934v1_ai_generated_gpt-3.5-turbo,2,267
200–400,arxiv-2205.00934v1,arxiv-2205.00934v1_ai_generated_gpt-3.5-turbo_THEN_claude-3-5-sonnet-20241022,2,256
200–400,arxiv-2205.00934v1,arxiv-2205.00934v1_human_ai_polished_gemini-1.5-pro-002,1,264
200–400,arxiv-2205.00934v1,arxiv-2205.00934v1_human_written,0,254
400–600,arxiv-2205.04195v1,arxiv-2205.04195v1_ai_generated_qwen2.5-72b-instruct,2,445
400–600,arxiv-2205.04195v1,arxiv-2205.04195v1_ai_generated_qwen2.5-72b-instruct_THEN_gpt-3.5-turbo,2,403
400–600,arxiv-2205.04195v1,arxiv-2205.04195v1_human_ai_polished_claude-3-5-sonnet-20241022,1,504
400–600,arxiv-2205.04195v1,arxiv-2205.04195v1_human_written,0,456
600–800,arxiv-2205.07056v1,arxiv-2205.07056v1_ai_generated_gemini-1.5-pro-002,2,699
600–800,arxiv-2205.07056v1,arxiv-2205.07056v1_ai_generated_gemini-1.5-pro-002_THEN_claude-3-5-sonnet-20241022,2,696
600–800,arxiv-2205.07056v1,arxiv-2205.07056v1_human_ai_polished_gpt-4o-2024-11-20,1,697
600–800,arxiv-2205.07056v1,arxiv-2205.07056v1_human_written,0,700
200–400,arxiv-2205.07421v3,arxiv-2205.07421v3_ai_generated_qwen2.5-72b-instruct,2,361
400–600,arxiv-2205.07421v3,arxiv-2205.07421v3_ai_generated_qwen2.5-72b-instruct_THEN_gemini-1.5-pro-002,2,420
200–400,arxiv-2205.07421v3,arxiv-2205.07421v3_human_ai_polished_gemini-1.5-pro-002,1,385
200–400,arxiv-2205.07421v3,arxiv-2205.07421v3_human_written,0,376
400–600,arxiv-2205.08648v1,arxiv-2205.08648v1_ai_generated_gpt-4o-2024-11-20,2,468
200–400,arxiv-2205.08648v1,arxiv-2205.08648v1_ai_humanized_tool,3,240
400–600,arxiv-2205.08648v1,arxiv-2205.08648v1_human_ai_polished_claude-3-5-sonnet-20241022,1,401
200–400,arxiv-2205.08648v1,arxiv-2205.08648v1_human_written,0,381
400–600,arxiv-2205.12042v1,arxiv-2205.12042v1_ai_generated_llama-3.3-70b-instruct,2,557
400–600,arxiv-2205.12042v1,arxiv-2205.12042v1_ai_generated_llama-3.3-70b-instruct_THEN_claude-3-5-sonnet-20241022,2,579
400–600,arxiv-2205.12042v1,arxiv-2205.12042v1_human_ai_polished_gpt-3.5-turbo,1,553
600–800,arxiv-2205.12042v1,arxiv-2205.12042v1_human_written,0,611
600–800,arxiv-2207.06982v1,arxiv-2207.06982v1_ai_generated_claude-3-5-sonnet-20241022,2,640
600–800,arxiv-2207.06982v1,arxiv-2207.06982v1_ai_generated_claude-3-5-sonnet-20241022_THEN_claude-3-5-sonnet-20241022,2,629
600–800,arxiv-2207.06982v1,arxiv-2207.06982v1_human_ai_polished_gpt-4o-2024-11-20,1,619
600–800,arxiv-2207.06982v1,arxiv-2207.06982v1_human_written,0,661
800+,arxiv-2207.14648v1,arxiv-2207.14648v1_ai_generated_claude-3-5-sonnet-20241022,2,835
800+,arxiv-2207.14648v1,arxiv-2207.14648v1_ai_generated_claude-3-5-sonnet-20241022_THEN_claude-3-5-sonnet-20241022,2,877
800+,arxiv-2207.14648v1,arxiv-2207.14648v1_human_ai_polished_gemini-1.5-pro-002,1,858
800+,arxiv-2207.14648v1,arxiv-2207.14648v1_human_written,0,808
400–600,arxiv-2208.08437v1,arxiv-2208.08437v1_ai_generated_gpt-3.5-turbo,2,517
400–600,arxiv-2208.08437v1,arxiv-2208.08437v1_ai_generated_gpt-3.5-turbo_THEN_gpt-3.5-turbo,2,591
400–600,arxiv-2208.08437v1,arxiv-2208.08437v1_human_ai_polished_gemini-1.5-pro-002,1,549
400–600,arxiv-2208.08437v1,arxiv-2208.08437v1_human_written,0,495
400–600,arxiv-2208.11267v2,arxiv-2208.11267v2_ai_generated_gemini-1.5-pro-002,2,565
600–800,arxiv-2208.11267v2,arxiv-2208.11267v2_ai_generated_gemini-1.5-pro-002_THEN_claude-3-5-sonnet-20241022,2,600
600–800,arxiv-2208.11267v2,arxiv-2208.11267v2_human_ai_polished_claude-3-5-sonnet-20241022,1,674
400–600,arxiv-2208.11267v2,arxiv-2208.11267v2_human_written,0,566
400–600,arxiv-2209.14558v2,arxiv-2209.14558v2_ai_generated_gpt-3.5-turbo,2,530
400–600,arxiv-2209.14558v2,arxiv-2209.14558v2_ai_generated_gpt-3.5-turbo_THEN_claude-3-5-sonnet-20241022,2,506
400–600,arxiv-2209.14558v2,arxiv-2209.14558v2_human_ai_polished_gpt-4o-2024-11-20,1,496
400–600,arxiv-2209.14558v2,arxiv-2209.14558v2_human_written,0,502
400–600,arxiv-2210.02637v1,arxiv-2210.02637v1_ai_generated_qwen2.5-72b-instruct,2,556
400–600,arxiv-2210.02637v1,arxiv-2210.02637v1_ai_generated_qwen2.5-72b-instruct_THEN_gpt-4o-2024-11-20,2,455
400–600,arxiv-2210.02637v1,arxiv-2210.02637v1_human_ai_polished_gpt-3.5-turbo,1,592
400–600,arxiv-2210.02637v1,arxiv-2210.02637v1_human_written,0,577
400–600,arxiv-2210.05130v1,arxiv-2210.05130v1_ai_generated_qwen2.5-72b-instruct,2,510
400–600,arxiv-2210.05130v1,arxiv-2210.05130v1_ai_humanized_tool,3,554
400–600,arxiv-2210.05130v1,arxiv-2210.05130v1_human_ai_polished_gpt-3.5-turbo,1,538
400–600,arxiv-2210.05130v1,arxiv-2210.05130v1_human_written,0,539
400–600,arxiv-2210.05665v1,arxiv-2210.05665v1_ai_generated_gpt-4o-2024-11-20,2,518
400–600,arxiv-2210.05665v1,arxiv-2210.05665v1_ai_humanized_human,3,572
400–600,arxiv-2210.05665v1,arxiv-2210.05665v1_human_ai_polished_gpt-3.5-turbo,1,494
400–600,arxiv-2210.05665v1,arxiv-2210.05665v1_human_written,0,507
800+,arxiv-2210.08911v2,arxiv-2210.08911v2_ai_generated_gpt-3.5-turbo,2,3924
800+,arxiv-2210.08911v2,arxiv-2210.08911v2_ai_generated_gpt-3.5-turbo_THEN_gpt-4o-2024-11-20,2,1501
800+,arxiv-2210.08911v2,arxiv-2210.08911v2_human_ai_polished_gpt-3.5-turbo,1,1558
800+,arxiv-2210.08911v2,arxiv-2210.08911v2_human_written,0,1556
400–600,arxiv-2211.02678v3,arxiv-2211.02678v3_ai_generated_qwen2.5-72b-instruct,2,567
400–600,arxiv-2211.02678v3,arxiv-2211.02678v3_ai_generated_qwen2.5-72b-instruct_THEN_gpt-3.5-turbo,2,498
400–600,arxiv-2211.02678v3,arxiv-2211.02678v3_human_ai_polished_claude-3-5-sonnet-20241022,1,571
600–800,arxiv-2211.02678v3,arxiv-2211.02678v3_human_written,0,601
400–600,arxiv-2211.03588v1,arxiv-2211.03588v1_ai_generated_gemini-1.5-pro-002,2,402
200–400,arxiv-2211.03588v1,arxiv-2211.03588v1_ai_humanized_human,3,208
200–400,arxiv-2211.03588v1,arxiv-2211.03588v1_human_ai_polished_gpt-4o-2024-11-20,1,363
200–400,arxiv-2211.03588v1,arxiv-2211.03588v1_human_written,0,384
600–800,arxiv-2211.09001v1,arxiv-2211.09001v1_ai_generated_claude-3-5-sonnet-20241022,2,693
600–800,arxiv-2211.09001v1,arxiv-2211.09001v1_ai_humanized_tool,3,634
600–800,arxiv-2211.09001v1,arxiv-2211.09001v1_human_ai_polished_claude-3-5-sonnet-20241022,1,745
600–800,arxiv-2211.09001v1,arxiv-2211.09001v1_human_written,0,706
400–600,arxiv-2211.10924v1,arxiv-2211.10924v1_ai_generated_gemini-1.5-pro-002,2,573
400–600,arxiv-2211.10924v1,arxiv-2211.10924v1_ai_generated_gemini-1.5-pro-002_THEN_claude-3-5-sonnet-20241022,2,592
400–600,arxiv-2211.10924v1,arxiv-2211.10924v1_human_ai_polished_claude-3-5-sonnet-20241022,1,556
400–600,arxiv-2211.10924v1,arxiv-2211.10924v1_human_written,0,546
400–600,arxiv-2211.13672v2,arxiv-2211.13672v2_ai_generated_gpt-4o-2024-11-20,2,409
400–600,arxiv-2211.13672v2,arxiv-2211.13672v2_ai_generated_gpt-4o-2024-11-20_THEN_claude-3-5-sonnet-20241022,2,413
200–400,arxiv-2211.13672v2,arxiv-2211.13672v2_human_ai_polished_gemini-1.5-pro-002,1,399
200–400,arxiv-2211.13672v2,arxiv-2211.13672v2_human_written,0,399
400–600,arxiv-2212.04231v2,arxiv-2212.04231v2_ai_generated_llama-3.3-70b-instruct,2,497
800+,arxiv-2212.04231v2,arxiv-2212.04231v2_ai_generated_llama-3.3-70b-instruct_THEN_gpt-3.5-turbo,2,825
400–600,arxiv-2212.04231v2,arxiv-2212.04231v2_human_ai_polished_claude-3-5-sonnet-20241022,1,591
400–600,arxiv-2212.04231v2,arxiv-2212.04231v2_human_written,0,586
400–600,arxiv-2212.09290v1,arxiv-2212.09290v1_ai_generated_gpt-3.5-turbo,2,476
400–600,arxiv-2212.09290v1,arxiv-2212.09290v1_ai_generated_gpt-3.5-turbo_THEN_gpt-3.5-turbo,2,464
400–600,arxiv-2212.09290v1,arxiv-2212.09290v1_human_ai_polished_gemini-1.5-pro-002,1,536
400–600,arxiv-2212.09290v1,arxiv-2212.09290v1_human_written,0,501
400–600,arxiv-2212.09748v2,arxiv-2212.09748v2_ai_generated_gpt-3.5-turbo,2,498
200–400,arxiv-2212.09748v2,arxiv-2212.09748v2_ai_humanized_tool,3,398
200–400,arxiv-2212.09748v2,arxiv-2212.09748v2_human_ai_polished_gpt-4o-2024-11-20,1,350
400–600,arxiv-2212.09748v2,arxiv-2212.09748v2_human_written,0,543
200–400,arxiv-2301.02239v2,arxiv-2301.02239v2_ai_generated_gpt-3.5-turbo,2,238
200–400,arxiv-2301.02239v2,arxiv-2301.02239v2_ai_generated_gpt-3.5-turbo_THEN_gemini-1.5-pro-002,2,229
200–400,arxiv-2301.02239v2,arxiv-2301.02239v2_human_ai_polished_gpt-4o-2024-11-20,1,223
200–400,arxiv-2301.02239v2,arxiv-2301.02239v2_human_written,0,232
400–600,arxiv-2301.11970v2,arxiv-2301.11970v2_ai_generated_gemini-1.5-pro-002,2,452
200–400,arxiv-2301.11970v2,arxiv-2301.11970v2_ai_generated_gemini-1.5-pro-002_THEN_gpt-3.5-turbo,2,393
400–600,arxiv-2301.11970v2,arxiv-2301.11970v2_human_ai_polished_gpt-3.5-turbo,1,475
400–600,arxiv-2301.11970v2,arxiv-2301.11970v2_human_written,0,512
400–600,arxiv-2302.03848v1,arxiv-2302.03848v1_ai_generated_qwen2.5-72b-instruct,2,497
400–600,arxiv-2302.03848v1,arxiv-2302.03848v1_ai_generated_qwen2.5-72b-instruct_THEN_gemini-1.5-pro-002,2,505
400–600,arxiv-2302.03848v1,arxiv-2302.03848v1_human_ai_polished_gpt-3.5-turbo,1,537
400–600,arxiv-2302.03848v1,arxiv-2302.03848v1_human_written,0,518
400–600,arxiv-2302.10761v2,arxiv-2302.10761v2_ai_generated_gemini-1.5-pro-002,2,441
400–600,arxiv-2302.10761v2,arxiv-2302.10761v2_ai_generated_gemini-1.5-pro-002_THEN_claude-3-5-sonnet-20241022,2,464
400–600,arxiv-2302.10761v2,arxiv-2302.10761v2_human_ai_polished_gpt-3.5-turbo,1,438
400–600,arxiv-2302.10761v2,arxiv-2302.10761v2_human_written,0,442
400–600,arxiv-2302.12559v3,arxiv-2302.12559v3_ai_generated_qwen2.5-72b-instruct,2,532
400–600,arxiv-2302.12559v3,arxiv-2302.12559v3_ai_generated_qwen2.5-72b-instruct_THEN_gpt-4o-2024-11-20,2,518
400–600,arxiv-2302.12559v3,arxiv-2302.12559v3_human_ai_polished_gpt-3.5-turbo,1,560
400–600,arxiv-2302.12559v3,arxiv-2302.12559v3_human_written,0,545
400–600,arxiv-2303.05195v1,arxiv-2303.05195v1_ai_generated_qwen2.5-72b-instruct,2,507
400–600,arxiv-2303.05195v1,arxiv-2303.05195v1_ai_humanized_tool,3,406
400–600,arxiv-2303.05195v1,arxiv-2303.05195v1_human_ai_polished_gpt-3.5-turbo,1,530
400–600,arxiv-2303.05195v1,arxiv-2303.05195v1_human_written,0,520
400–600,arxiv-2304.01329v2,arxiv-2304.01329v2_ai_generated_llama-3.3-70b-instruct,2,544
600–800,arxiv-2304.01329v2,arxiv-2304.01329v2_ai_generated_llama-3.3-70b-instruct_THEN_gemini-1.5-pro-002,2,664
600–800,arxiv-2304.01329v2,arxiv-2304.01329v2_human_ai_polished_claude-3-5-sonnet-20241022,1,635
600–800,arxiv-2304.01329v2,arxiv-2304.01329v2_human_written,0,643
400–600,arxiv-2305.01161v1,arxiv-2305.01161v1_ai_generated_claude-3-5-sonnet-20241022,2,455
600–800,arxiv-2305.01161v1,arxiv-2305.01161v1_ai_generated_claude-3-5-sonnet-20241022_THEN_gpt-3.5-turbo,2,608
400–600,arxiv-2305.01161v1,arxiv-2305.01161v1_human_ai_polished_gpt-4o-2024-11-20,1,470
400–600,arxiv-2305.01161v1,arxiv-2305.01161v1_human_written,0,432
400–600,arxiv-2305.03939v4,arxiv-2305.03939v4_ai_generated_claude-3-5-sonnet-20241022,2,468
400–600,arxiv-2305.03939v4,arxiv-2305.03939v4_ai_generated_claude-3-5-sonnet-20241022_THEN_gemini-1.5-pro-002,2,509
200–400,arxiv-2305.03939v4,arxiv-2305.03939v4_human_ai_polished_gpt-4o-2024-11-20,1,301
400–600,arxiv-2305.03939v4,arxiv-2305.03939v4_human_written,0,410
800+,arxiv-2305.12655v1,arxiv-2305.12655v1_ai_generated_claude-3-5-sonnet-20241022,2,918
800+,arxiv-2305.12655v1,arxiv-2305.12655v1_ai_generated_claude-3-5-sonnet-20241022_THEN_gpt-4o-2024-11-20,2,1025
800+,arxiv-2305.12655v1,arxiv-2305.12655v1_human_ai_polished_gpt-4o-2024-11-20,1,932
800+,arxiv-2305.12655v1,arxiv-2305.12655v1_human_written,0,936
400–600,arxiv-2305.14107v1,arxiv-2305.14107v1_ai_generated_claude-3-5-sonnet-20241022,2,576
200–400,arxiv-2305.14107v1,arxiv-2305.14107v1_ai_humanized_tool,3,386
200–400,arxiv-2305.14107v1,arxiv-2305.14107v1_human_ai_polished_gpt-4o-2024-11-20,1,347
400–600,arxiv-2305.14107v1,arxiv-2305.14107v1_human_written,0,582
600–800,arxiv-2305.14387v4,arxiv-2305.14387v4_ai_generated_gemini-1.5-pro-002,2,734
600–800,arxiv-2305.14387v4,arxiv-2305.14387v4_ai_generated_gemini-1.5-pro-002_THEN_gpt-3.5-turbo,2,642
600–800,arxiv-2305.14387v4,arxiv-2305.14387v4_human_ai_polished_gpt-4o-2024-11-20,1,757
600–800,arxiv-2305.14387v4,arxiv-2305.14387v4_human_written,0,720
800+,arxiv-2305.15734v1,arxiv-2305.15734v1_ai_generated_claude-3-5-sonnet-20241022,2,811
800+,arxiv-2305.15734v1,arxiv-2305.15734v1_ai_generated_claude-3-5-sonnet-20241022_THEN_gpt-3.5-turbo,2,914
800+,arxiv-2305.15734v1,arxiv-2305.15734v1_human_ai_polished_gemini-1.5-pro-002,1,846
800+,arxiv-2305.15734v1,arxiv-2305.15734v1_human_written,0,834
600–800,arxiv-2305.16473v1,arxiv-2305.16473v1_ai_generated_gpt-3.5-turbo,2,661
600–800,arxiv-2305.16473v1,arxiv-2305.16473v1_ai_generated_gpt-3.5-turbo_THEN_gpt-4o-2024-11-20,2,749
600–800,arxiv-2305.16473v1,arxiv-2305.16473v1_human_ai_polished_gpt-3.5-turbo,1,602
600–800,arxiv-2305.16473v1,arxiv-2305.16473v1_human_written,0,616
200–400,arxiv-2306.01881v1,arxiv-2306.01881v1_ai_generated_qwen2.5-72b-instruct,2,374
200–400,arxiv-2306.01881v1,arxiv-2306.01881v1_ai_humanized_human,3,292
400–600,arxiv-2306.01881v1,arxiv-2306.01881v1_human_ai_polished_claude-3-5-sonnet-20241022,1,404
200–400,arxiv-2306.01881v1,arxiv-2306.01881v1_human_written,0,368
400–600,arxiv-2306.02475v1,arxiv-2306.02475v1_ai_generated_llama-3.3-70b-instruct,2,472
400–600,arxiv-2306.02475v1,arxiv-2306.02475v1_ai_generated_llama-3.3-70b-instruct_THEN_gpt-3.5-turbo,2,449
400–600,arxiv-2306.02475v1,arxiv-2306.02475v1_human_ai_polished_claude-3-5-sonnet-20241022,1,546
400–600,arxiv-2306.02475v1,arxiv-2306.02475v1_human_written,0,528
400–600,arxiv-2306.08270v1,arxiv-2306.08270v1_ai_generated_qwen2.5-72b-instruct,2,473
400–600,arxiv-2306.08270v1,arxiv-2306.08270v1_ai_generated_qwen2.5-72b-instruct_THEN_gemini-1.5-pro-002,2,503
400–600,arxiv-2306.08270v1,arxiv-2306.08270v1_human_ai_polished_gpt-3.5-turbo,1,512
400–600,arxiv-2306.08270v1,arxiv-2306.08270v1_human_written,0,449
400–600,arxiv-2306.15308v1,arxiv-2306.15308v1_ai_generated_llama-3.3-70b-instruct,2,405
400–600,arxiv-2306.15308v1,arxiv-2306.15308v1_ai_generated_llama-3.3-70b-instruct_THEN_gpt-4o-2024-11-20,2,411
400–600,arxiv-2306.15308v1,arxiv-2306.15308v1_human_ai_polished_gpt-3.5-turbo,1,403
200–400,arxiv-2306.15308v1,arxiv-2306.15308v1_human_written,0,392
600–800,arxiv-2307.13782v1,arxiv-2307.13782v1_ai_generated_claude-3-5-sonnet-20241022,2,607
600–800,arxiv-2307.13782v1,arxiv-2307.13782v1_ai_generated_claude-3-5-sonnet-20241022_THEN_gpt-3.5-turbo,2,663
600–800,arxiv-2307.13782v1,arxiv-2307.13782v1_human_ai_polished_gemini-1.5-pro-002,1,648
400–600,arxiv-2307.13782v1,arxiv-2307.13782v1_human_written,0,589
200–400,arxiv-2308.02665v1,arxiv-2308.02665v1_ai_generated_gpt-4o-2024-11-20,2,367
200–400,arxiv-2308.02665v1,arxiv-2308.02665v1_ai_generated_gpt-4o-2024-11-20_THEN_gemini-1.5-pro-002,2,388
200–400,arxiv-2308.02665v1,arxiv-2308.02665v1_human_ai_polished_gemini-1.5-pro-002,1,394
200–400,arxiv-2308.02665v1,arxiv-2308.02665v1_human_written,0,369
400–600,arxiv-2308.08484v1,arxiv-2308.08484v1_ai_generated_gpt-4o-2024-11-20,2,521
400–600,arxiv-2308.08484v1,arxiv-2308.08484v1_ai_humanized_tool,3,519
200–400,arxiv-2308.08484v1,arxiv-2308.08484v1_human_ai_polished_gpt-4o-2024-11-20,1,274
400–600,arxiv-2308.08484v1,arxiv-2308.08484v1_human_written,0,534
200–400,arxiv-2308.09354v1,arxiv-2308.09354v1_ai_generated_gpt-4o-2024-11-20,2,374
400–600,arxiv-2308.09354v1,arxiv-2308.09354v1_ai_generated_gpt-4o-2024-11-20_THEN_claude-3-5-sonnet-20241022,2,489
400–600,arxiv-2308.09354v1,arxiv-2308.09354v1_human_ai_polished_claude-3-5-sonnet-20241022,1,511
400–600,arxiv-2308.09354v1,arxiv-2308.09354v1_human_written,0,480
400–600,arxiv-2308.09502v1,arxiv-2308.09502v1_ai_generated_gpt-4o-2024-11-20,2,524
400–600,arxiv-2308.09502v1,arxiv-2308.09502v1_ai_humanized_human,3,529
800+,arxiv-2308.09502v1,arxiv-2308.09502v1_human_ai_polished_gemini-1.5-pro-002,1,1161
800+,arxiv-2308.09502v1,arxiv-2308.09502v1_human_written,0,1077
400–600,arxiv-2308.10079v3,arxiv-2308.10079v3_ai_generated_gpt-3.5-turbo,2,486
400–600,arxiv-2308.10079v3,arxiv-2308.10079v3_ai_generated_gpt-3.5-turbo_THEN_gpt-3.5-turbo,2,497
400–600,arxiv-2308.10079v3,arxiv-2308.10079v3_human_ai_polished_claude-3-5-sonnet-20241022,1,537
400–600,arxiv-2308.10079v3,arxiv-2308.10079v3_human_written,0,546
400–600,arxiv-2308.10989v2,arxiv-2308.10989v2_ai_generated_qwen2.5-72b-instruct,2,481
400–600,arxiv-2308.10989v2,arxiv-2308.10989v2_ai_generated_qwen2.5-72b-instruct_THEN_claude-3-5-sonnet-20241022,2,457
400–600,arxiv-2308.10989v2,arxiv-2308.10989v2_human_ai_polished_claude-3-5-sonnet-20241022,1,536
400–600,arxiv-2308.10989v2,arxiv-2308.10989v2_human_written,0,476
200–400,arxiv-2309.04605v1,arxiv-2309.04605v1_ai_generated_qwen2.5-72b-instruct,2,293
200–400,arxiv-2309.04605v1,arxiv-2309.04605v1_ai_humanized_human,3,282
200–400,arxiv-2309.04605v1,arxiv-2309.04605v1_human_ai_polished_gpt-3.5-turbo,1,298
200–400,arxiv-2309.04605v1,arxiv-2309.04605v1_human_written,0,290
400–600,arxiv-2309.06908v1,arxiv-2309.06908v1_ai_generated_qwen2.5-72b-instruct,2,468
400–600,arxiv-2309.06908v1,arxiv-2309.06908v1_ai_humanized_human,3,488
400–600,arxiv-2309.06908v1,arxiv-2309.06908v1_human_ai_polished_gpt-3.5-turbo,1,463
400–600,arxiv-2309.06908v1,arxiv-2309.06908v1_human_written,0,472
600–800,arxiv-2309.10910v1,arxiv-2309.10910v1_ai_generated_qwen2.5-72b-instruct,2,602
600–800,arxiv-2309.10910v1,arxiv-2309.10910v1_ai_generated_qwen2.5-72b-instruct_THEN_claude-3-5-sonnet-20241022,2,604
400–600,arxiv-2309.10910v1,arxiv-2309.10910v1_human_ai_polished_gpt-4o-2024-11-20,1,559
400–600,arxiv-2309.10910v1,arxiv-2309.10910v1_human_written,0,559
600–800,arxiv-2310.02836v1,arxiv-2310.02836v1_ai_generated_gemini-1.5-pro-002,2,734
600–800,arxiv-2310.02836v1,arxiv-2310.02836v1_ai_generated_gemini-1.5-pro-002_THEN_claude-3-5-sonnet-20241022,2,727
600–800,arxiv-2310.02836v1,arxiv-2310.02836v1_human_ai_polished_gpt-4o-2024-11-20,1,738
600–800,arxiv-2310.02836v1,arxiv-2310.02836v1_human_written,0,738
200–400,arxiv-2310.04171v3,arxiv-2310.04171v3_ai_generated_gpt-4o-2024-11-20,2,397
400–600,arxiv-2310.04171v3,arxiv-2310.04171v3_ai_generated_gpt-4o-2024-11-20_THEN_claude-3-5-sonnet-20241022,2,401
200–400,arxiv-2310.04171v3,arxiv-2310.04171v3_human_ai_polished_gpt-3.5-turbo,1,300
200–400,arxiv-2310.04171v3,arxiv-2310.04171v3_human_written,0,398
600–800,arxiv-2310.05055v3,arxiv-2310.05055v3_ai_generated_gemini-1.5-pro-002,2,661
600–800,arxiv-2310.05055v3,arxiv-2310.05055v3_ai_humanized_tool,3,764
400–600,arxiv-2310.05055v3,arxiv-2310.05055v3_human_ai_polished_claude-3-5-sonnet-20241022,1,578
600–800,arxiv-2310.05055v3,arxiv-2310.05055v3_human_written,0,618
800+,arxiv-2310.05910v2,arxiv-2310.05910v2_ai_generated_qwen2.5-72b-instruct,2,916
600–800,arxiv-2310.05910v2,arxiv-2310.05910v2_ai_humanized_tool,3,797
800+,arxiv-2310.05910v2,arxiv-2310.05910v2_human_ai_polished_gemini-1.5-pro-002,1,1014
800+,arxiv-2310.05910v2,arxiv-2310.05910v2_human_written,0,1052
600–800,arxiv-2310.06002v1,arxiv-2310.06002v1_ai_generated_llama-3.3-70b-instruct,2,652
800+,arxiv-2310.06002v1,arxiv-2310.06002v1_ai_generated_llama-3.3-70b-instruct_THEN_gpt-3.5-turbo,2,918
600–800,arxiv-2310.06002v1,arxiv-2310.06002v1_human_ai_polished_gemini-1.5-pro-002,1,687
600–800,arxiv-2310.06002v1,arxiv-2310.06002v1_human_written,0,675
400–600,arxiv-2310.15469v1,arxiv-2310.15469v1_ai_generated_claude-3-5-sonnet-20241022,2,526
400–600,arxiv-2310.15469v1,arxiv-2310.15469v1_ai_generated_claude-3-5-sonnet-20241022_THEN_claude-3-5-sonnet-20241022,2,543
400–600,arxiv-2310.15469v1,arxiv-2310.15469v1_human_ai_polished_gpt-3.5-turbo,1,578
400–600,arxiv-2310.15469v1,arxiv-2310.15469v1_human_written,0,560
400–600,arxiv-2310.15940v1,arxiv-2310.15940v1_ai_generated_gpt-3.5-turbo,2,400
400–600,arxiv-2310.15940v1,arxiv-2310.15940v1_ai_generated_gpt-3.5-turbo_THEN_claude-3-5-sonnet-20241022,2,427
400–600,arxiv-2310.15940v1,arxiv-2310.15940v1_human_ai_polished_gpt-4o-2024-11-20,1,461
200–400,arxiv-2310.15940v1,arxiv-2310.15940v1_human_written,0,396
400–600,arxiv-2311.00637v2,arxiv-2311.00637v2_ai_generated_gpt-4o-2024-11-20,2,505
400–600,arxiv-2311.00637v2,arxiv-2311.00637v2_ai_generated_gpt-4o-2024-11-20_THEN_claude-3-5-sonnet-20241022,2,511
400–600,arxiv-2311.00637v2,arxiv-2311.00637v2_human_ai_polished_gpt-4o-2024-11-20,1,531
400–600,arxiv-2311.00637v2,arxiv-2311.00637v2_human_written,0,537
400–600,arxiv-2311.02075v1,arxiv-2311.02075v1_ai_generated_gpt-4o-2024-11-20,2,425
400–600,arxiv-2311.02075v1,arxiv-2311.02075v1_ai_generated_gpt-4o-2024-11-20_THEN_gemini-1.5-pro-002,2,544
600–800,arxiv-2311.02075v1,arxiv-2311.02075v1_human_ai_polished_gemini-1.5-pro-002,1,606
400–600,arxiv-2311.02075v1,arxiv-2311.02075v1_human_written,0,532
600–800,arxiv-2311.02921v3,arxiv-2311.02921v3_ai_generated_claude-3-5-sonnet-20241022,2,730
600–800,arxiv-2311.02921v3,arxiv-2311.02921v3_ai_generated_claude-3-5-sonnet-20241022_THEN_gemini-1.5-pro-002,2,746
600–800,arxiv-2311.02921v3,arxiv-2311.02921v3_human_ai_polished_gpt-4o-2024-11-20,1,740
600–800,arxiv-2311.02921v3,arxiv-2311.02921v3_human_written,0,731
800+,arxiv-2311.04978v2,arxiv-2311.04978v2_ai_generated_gpt-3.5-turbo,2,962
600–800,arxiv-2311.04978v2,arxiv-2311.04978v2_ai_generated_gpt-3.5-turbo_THEN_gpt-4o-2024-11-20,2,712
600–800,arxiv-2311.04978v2,arxiv-2311.04978v2_human_ai_polished_gpt-3.5-turbo,1,674
600–800,arxiv-2311.04978v2,arxiv-2311.04978v2_human_written,0,679
200–400,arxiv-2311.05736v1,arxiv-2311.05736v1_ai_generated_qwen2.5-72b-instruct,2,353
200–400,arxiv-2311.05736v1,arxiv-2311.05736v1_ai_generated_qwen2.5-72b-instruct_THEN_claude-3-5-sonnet-20241022,2,351
200–400,arxiv-2311.05736v1,arxiv-2311.05736v1_human_ai_polished_gemini-1.5-pro-002,1,392
200–400,arxiv-2311.05736v1,arxiv-2311.05736v1_human_written,0,370
400–600,arxiv-2311.08566v1,arxiv-2311.08566v1_ai_generated_gpt-3.5-turbo,2,439
400–600,arxiv-2311.08566v1,arxiv-2311.08566v1_ai_generated_gpt-3.5-turbo_THEN_claude-3-5-sonnet-20241022,2,445
400–600,arxiv-2311.08566v1,arxiv-2311.08566v1_human_ai_polished_claude-3-5-sonnet-20241022,1,454
400–600,arxiv-2311.08566v1,arxiv-2311.08566v1_human_written,0,446
600–800,arxiv-2311.13333v2,arxiv-2311.13333v2_ai_generated_claude-3-5-sonnet-20241022,2,609
600–800,arxiv-2311.13333v2,arxiv-2311.13333v2_ai_generated_claude-3-5-sonnet-20241022_THEN_gpt-4o-2024-11-20,2,683
600–800,arxiv-2311.13333v2,arxiv-2311.13333v2_human_ai_polished_claude-3-5-sonnet-20241022,1,719
600–800,arxiv-2311.13333v2,arxiv-2311.13333v2_human_written,0,675
600–800,arxiv-2311.16311v1,arxiv-2311.16311v1_ai_generated_llama-3.3-70b-instruct,2,715
800+,arxiv-2311.16311v1,arxiv-2311.16311v1_ai_humanized_tool,3,857
200–400,arxiv-2311.16311v1,arxiv-2311.16311v1_human_ai_polished_gpt-4o-2024-11-20,1,220
600–800,arxiv-2311.16311v1,arxiv-2311.16311v1_human_written,0,687
400–600,arxiv-2312.01188v1,arxiv-2312.01188v1_ai_generated_qwen2.5-72b-instruct,2,482
400–600,arxiv-2312.01188v1,arxiv-2312.01188v1_ai_generated_qwen2.5-72b-instruct_THEN_gemini-1.5-pro-002,2,438
400–600,arxiv-2312.01188v1,arxiv-2312.01188v1_human_ai_polished_gemini-1.5-pro-002,1,478
400–600,arxiv-2312.01188v1,arxiv-2312.01188v1_human_written,0,467
600–800,arxiv-2312.06729v2,arxiv-2312.06729v2_ai_generated_claude-3-5-sonnet-20241022,2,698
600–800,arxiv-2312.06729v2,arxiv-2312.06729v2_ai_generated_claude-3-5-sonnet-20241022_THEN_gpt-4o-2024-11-20,2,724
600–800,arxiv-2312.06729v2,arxiv-2312.06729v2_human_ai_polished_claude-3-5-sonnet-20241022,1,706
600–800,arxiv-2312.06729v2,arxiv-2312.06729v2_human_written,0,690
600–800,arxiv-2312.10351v1,arxiv-2312.10351v1_ai_generated_gemini-1.5-pro-002,2,736
600–800,arxiv-2312.10351v1,arxiv-2312.10351v1_ai_generated_gemini-1.5-pro-002_THEN_gemini-1.5-pro-002,2,734
600–800,arxiv-2312.10351v1,arxiv-2312.10351v1_human_ai_polished_claude-3-5-sonnet-20241022,1,765
600–800,arxiv-2312.10351v1,arxiv-2312.10351v1_human_written,0,705
600–800,arxiv-2312.11658v2,arxiv-2312.11658v2_ai_generated_llama-3.3-70b-instruct,2,643
400–600,arxiv-2312.11658v2,arxiv-2312.11658v2_ai_generated_llama-3.3-70b-instruct_THEN_gpt-3.5-turbo,2,504
600–800,arxiv-2312.11658v2,arxiv-2312.11658v2_human_ai_polished_claude-3-5-sonnet-20241022,1,683
600–800,arxiv-2312.11658v2,arxiv-2312.11658v2_human_written,0,643
600–800,arxiv-2312.14250v1,arxiv-2312.14250v1_ai_generated_claude-3-5-sonnet-20241022,2,651
800+,arxiv-2312.14250v1,arxiv-2312.14250v1_ai_generated_claude-3-5-sonnet-20241022_THEN_gpt-3.5-turbo,2,1216
600–800,arxiv-2312.14250v1,arxiv-2312.14250v1_human_ai_polished_gpt-3.5-turbo,1,661
600–800,arxiv-2312.14250v1,arxiv-2312.14250v1_human_written,0,630
200–400,arxiv-2401.04980v1,arxiv-2401.04980v1_ai_generated_gpt-3.5-turbo,2,360
200–400,arxiv-2401.04980v1,arxiv-2401.04980v1_ai_generated_gpt-3.5-turbo_THEN_gemini-1.5-pro-002,2,359
200–400,arxiv-2401.04980v1,arxiv-2401.04980v1_human_ai_polished_gpt-3.5-turbo,1,329
200–400,arxiv-2401.04980v1,arxiv-2401.04980v1_human_written,0,333
600–800,arxiv-2401.12941v1,arxiv-2401.12941v1_ai_generated_llama-3.3-70b-instruct,2,606
600–800,arxiv-2401.12941v1,arxiv-2401.12941v1_ai_generated_llama-3.3-70b-instruct_THEN_gpt-3.5-turbo,2,707
600–800,arxiv-2401.12941v1,arxiv-2401.12941v1_human_ai_polished_claude-3-5-sonnet-20241022,1,657
400–600,arxiv-2401.12941v1,arxiv-2401.12941v1_human_written,0,599
600–800,arxiv-2401.13185v1,arxiv-2401.13185v1_ai_generated_gemini-1.5-pro-002,2,622
600–800,arxiv-2401.13185v1,arxiv-2401.13185v1_ai_humanized_tool,3,745
200–400,arxiv-2401.13185v1,arxiv-2401.13185v1_human_ai_polished_gpt-4o-2024-11-20,1,206
400–600,arxiv-2401.13185v1,arxiv-2401.13185v1_human_written,0,589
600–800,arxiv-2401.13656v1,arxiv-2401.13656v1_ai_generated_gemini-1.5-pro-002,2,654
400–600,arxiv-2401.13656v1,arxiv-2401.13656v1_ai_generated_gemini-1.5-pro-002_THEN_gpt-3.5-turbo,2,514
600–800,arxiv-2401.13656v1,arxiv-2401.13656v1_human_ai_polished_claude-3-5-sonnet-20241022,1,653
600–800,arxiv-2401.13656v1,arxiv-2401.13656v1_human_written,0,623
600–800,arxiv-2401.14081v1,arxiv-2401.14081v1_ai_generated_gemini-1.5-pro-002,2,661
600–800,arxiv-2401.14081v1,arxiv-2401.14081v1_ai_generated_gemini-1.5-pro-002_THEN_gpt-3.5-turbo,2,712
600–800,arxiv-2401.14081v1,arxiv-2401.14081v1_human_ai_polished_claude-3-5-sonnet-20241022,1,719
600–800,arxiv-2401.14081v1,arxiv-2401.14081v1_human_written,0,605
400–600,arxiv-2401.14894v1,arxiv-2401.14894v1_ai_generated_gpt-3.5-turbo,2,562
400–600,arxiv-2401.14894v1,arxiv-2401.14894v1_ai_generated_gpt-3.5-turbo_THEN_claude-3-5-sonnet-20241022,2,580
600–800,arxiv-2401.14894v1,arxiv-2401.14894v1_human_ai_polished_claude-3-5-sonnet-20241022,1,629
600–800,arxiv-2401.14894v1,arxiv-2401.14894v1_human_written,0,634
200–400,arxiv-2402.01721v2,arxiv-2402.01721v2_ai_generated_claude-3-5-sonnet-20241022,2,373
400–600,arxiv-2402.01721v2,arxiv-2402.01721v2_ai_generated_claude-3-5-sonnet-20241022_THEN_gpt-3.5-turbo,2,431
400–600,arxiv-2402.01721v2,arxiv-2402.01721v2_human_ai_polished_gpt-3.5-turbo,1,413
400–600,arxiv-2402.01721v2,arxiv-2402.01721v2_human_written,0,416
400–600,arxiv-2402.03277v1,arxiv-2402.03277v1_ai_generated_gpt-3.5-turbo,2,401
400–600,arxiv-2402.03277v1,arxiv-2402.03277v1_ai_generated_gpt-3.5-turbo_THEN_gemini-1.5-pro-002,2,421
400–600,arxiv-2402.03277v1,arxiv-2402.03277v1_human_ai_polished_gpt-4o-2024-11-20,1,406
200–400,arxiv-2402.03277v1,arxiv-2402.03277v1_human_written,0,391
600–800,arxiv-2402.04964v1,arxiv-2402.04964v1_ai_generated_gpt-3.5-turbo,2,607
600–800,arxiv-2402.04964v1,arxiv-2402.04964v1_ai_generated_gpt-3.5-turbo_THEN_claude-3-5-sonnet-20241022,2,610
600–800,arxiv-2402.04964v1,arxiv-2402.04964v1_human_ai_polished_gemini-1.5-pro-002,1,607
400–600,arxiv-2402.04964v1,arxiv-2402.04964v1_human_written,0,591
400–600,arxiv-2402.08046v2,arxiv-2402.08046v2_ai_generated_qwen2.5-72b-instruct,2,598
600–800,arxiv-2402.08046v2,arxiv-2402.08046v2_ai_generated_qwen2.5-72b-instruct_THEN_claude-3-5-sonnet-20241022,2,631
400–600,arxiv-2402.08046v2,arxiv-2402.08046v2_human_ai_polished_gpt-4o-2024-11-20,1,564
400–600,arxiv-2402.08046v2,arxiv-2402.08046v2_human_written,0,564
800+,arxiv-2402.11813v1,arxiv-2402.11813v1_ai_generated_claude-3-5-sonnet-20241022,2,806
800+,arxiv-2402.11813v1,arxiv-2402.11813v1_ai_generated_claude-3-5-sonnet-20241022_THEN_claude-3-5-sonnet-20241022,2,833
800+,arxiv-2402.11813v1,arxiv-2402.11813v1_human_ai_polished_gpt-4o-2024-11-20,1,850
800+,arxiv-2402.11813v1,arxiv-2402.11813v1_human_written,0,839
400–600,arxiv-2402.13151v1,arxiv-2402.13151v1_ai_generated_qwen2.5-72b-instruct,2,486
400–600,arxiv-2402.13151v1,arxiv-2402.13151v1_ai_generated_qwen2.5-72b-instruct_THEN_gemini-1.5-pro-002,2,503
400–600,arxiv-2402.13151v1,arxiv-2402.13151v1_human_ai_polished_claude-3-5-sonnet-20241022,1,567
400–600,arxiv-2402.13151v1,arxiv-2402.13151v1_human_written,0,485
600–800,arxiv-2402.15933v1,arxiv-2402.15933v1_ai_generated_qwen2.5-72b-instruct,2,608
400–600,arxiv-2402.15933v1,arxiv-2402.15933v1_ai_generated_qwen2.5-72b-instruct_THEN_gpt-4o-2024-11-20,2,599
600–800,arxiv-2402.15933v1,arxiv-2402.15933v1_human_ai_polished_gpt-3.5-turbo,1,632
600–800,arxiv-2402.15933v1,arxiv-2402.15933v1_human_written,0,632
600–800,arxiv-2402.16008v1,arxiv-2402.16008v1_ai_generated_gpt-4o-2024-11-20,2,624
600–800,arxiv-2402.16008v1,arxiv-2402.16008v1_ai_humanized_tool,3,705
600–800,arxiv-2402.16008v1,arxiv-2402.16008v1_human_ai_polished_gemini-1.5-pro-002,1,691
600–800,arxiv-2402.16008v1,arxiv-2402.16008v1_human_written,0,616
800+,arxiv-2402.17978v2,arxiv-2402.17978v2_ai_generated_gpt-3.5-turbo,2,1134
600–800,arxiv-2402.17978v2,arxiv-2402.17978v2_ai_generated_gpt-3.5-turbo_THEN_gpt-4o-2024-11-20,2,607
600–800,arxiv-2402.17978v2,arxiv-2402.17978v2_human_ai_polished_gemini-1.5-pro-002,1,775
600–800,arxiv-2402.17978v2,arxiv-2402.17978v2_human_written,0,743
400–600,arxiv-2402.18596v1,arxiv-2402.18596v1_ai_generated_gemini-1.5-pro-002,2,419
200–400,arxiv-2402.18596v1,arxiv-2402.18596v1_ai_humanized_tool,3,314
400–600,arxiv-2402.18596v1,arxiv-2402.18596v1_human_ai_polished_claude-3-5-sonnet-20241022,1,534
400–600,arxiv-2402.18596v1,arxiv-2402.18596v1_human_written,0,469
400–600,arxiv-2403.01915v1,arxiv-2403.01915v1_ai_generated_gemini-1.5-pro-002,2,565
400–600,arxiv-2403.01915v1,arxiv-2403.01915v1_ai_humanized_tool,3,539
400–600,arxiv-2403.01915v1,arxiv-2403.01915v1_human_ai_polished_gpt-4o-2024-11-20,1,571
400–600,arxiv-2403.01915v1,arxiv-2403.01915v1_human_written,0,557
200–400,arxiv-2403.06324v2,arxiv-2403.06324v2_ai_generated_qwen2.5-72b-instruct,2,362
200–400,arxiv-2403.06324v2,arxiv-2403.06324v2_ai_humanized_tool,3,324
400–600,arxiv-2403.06324v2,arxiv-2403.06324v2_human_ai_polished_gemini-1.5-pro-002,1,427
200–400,arxiv-2403.06324v2,arxiv-2403.06324v2_human_written,0,370
200–400,arxiv-2403.06682v1,arxiv-2403.06682v1_ai_generated_claude-3-5-sonnet-20241022,2,349
200–400,arxiv-2403.06682v1,arxiv-2403.06682v1_ai_generated_claude-3-5-sonnet-20241022_THEN_gpt-4o-2024-11-20,2,354
200–400,arxiv-2403.06682v1,arxiv-2403.06682v1_human_ai_polished_claude-3-5-sonnet-20241022,1,376
200–400,arxiv-2403.06682v1,arxiv-2403.06682v1_human_written,0,384
400–600,arxiv-2403.06935v2,arxiv-2403.06935v2_ai_generated_gpt-3.5-turbo,2,481
400–600,arxiv-2403.06935v2,arxiv-2403.06935v2_ai_generated_gpt-3.5-turbo_THEN_claude-3-5-sonnet-20241022,2,500
400–600,arxiv-2403.06935v2,arxiv-2403.06935v2_human_ai_polished_claude-3-5-sonnet-20241022,1,510
400–600,arxiv-2403.06935v2,arxiv-2403.06935v2_human_written,0,518
200–400,arxiv-2403.07748v1,arxiv-2403.07748v1_ai_generated_gpt-4o-2024-11-20,2,369
200–400,arxiv-2403.07748v1,arxiv-2403.07748v1_ai_generated_gpt-4o-2024-11-20_THEN_gemini-1.5-pro-002,2,357
200–400,arxiv-2403.07748v1,arxiv-2403.07748v1_human_ai_polished_claude-3-5-sonnet-20241022,1,356
200–400,arxiv-2403.07748v1,arxiv-2403.07748v1_human_written,0,367
400–600,arxiv-2403.11806v1,arxiv-2403.11806v1_ai_generated_gemini-1.5-pro-002,2,555
400–600,arxiv-2403.11806v1,arxiv-2403.11806v1_ai_humanized_human,3,427
600–800,arxiv-2403.11806v1,arxiv-2403.11806v1_human_ai_polished_claude-3-5-sonnet-20241022,1,615
400–600,arxiv-2403.11806v1,arxiv-2403.11806v1_human_written,0,590
200–400,arxiv-2403.13537v1,arxiv-2403.13537v1_ai_generated_gpt-3.5-turbo,2,389
400–600,arxiv-2403.13537v1,arxiv-2403.13537v1_ai_generated_gpt-3.5-turbo_THEN_claude-3-5-sonnet-20241022,2,405
200–400,arxiv-2403.13537v1,arxiv-2403.13537v1_human_ai_polished_gpt-4o-2024-11-20,1,374
200–400,arxiv-2403.13537v1,arxiv-2403.13537v1_human_written,0,377
400–600,arxiv-2403.13681v1,arxiv-2403.13681v1_ai_generated_qwen2.5-72b-instruct,2,500
400–600,arxiv-2403.13681v1,arxiv-2403.13681v1_ai_generated_qwen2.5-72b-instruct_THEN_gpt-3.5-turbo,2,507
400–600,arxiv-2403.13681v1,arxiv-2403.13681v1_human_ai_polished_gemini-1.5-pro-002,1,554
400–600,arxiv-2403.13681v1,arxiv-2403.13681v1_human_written,0,522
400–600,arxiv-2403.14849v1,arxiv-2403.14849v1_ai_generated_gpt-4o-2024-11-20,2,580
400–600,arxiv-2403.14849v1,arxiv-2403.14849v1_ai_generated_gpt-4o-2024-11-20_THEN_gpt-4o-2024-11-20,2,470
600–800,arxiv-2403.14849v1,arxiv-2403.14849v1_human_ai_polished_claude-3-5-sonnet-20241022,1,663
400–600,arxiv-2403.14849v1,arxiv-2403.14849v1_human_written,0,582
400–600,arxiv-2403.18024v1,arxiv-2403.18024v1_ai_generated_gpt-3.5-turbo,2,419
400–600,arxiv-2403.18024v1,arxiv-2403.18024v1_ai_generated_gpt-3.5-turbo_THEN_gemini-1.5-pro-002,2,472
400–600,arxiv-2403.18024v1,arxiv-2403.18024v1_human_ai_polished_gpt-3.5-turbo,1,476
400–600,arxiv-2403.18024v1,arxiv-2403.18024v1_human_written,0,498
800+,arxiv-2404.01182v1,arxiv-2404.01182v1_ai_generated_claude-3-5-sonnet-20241022,2,815
800+,arxiv-2404.01182v1,arxiv-2404.01182v1_ai_generated_claude-3-5-sonnet-20241022_THEN_gemini-1.5-pro-002,2,867
600–800,arxiv-2404.01182v1,arxiv-2404.01182v1_human_ai_polished_gpt-4o-2024-11-20,1,789
600–800,arxiv-2404.01182v1,arxiv-2404.01182v1_human_written,0,789
400–600,arxiv-2404.01445v1,arxiv-2404.01445v1_ai_generated_gpt-4o-2024-11-20,2,403
400–600,arxiv-2404.01445v1,arxiv-2404.01445v1_ai_generated_gpt-4o-2024-11-20_THEN_gemini-1.5-pro-002,2,401
400–600,arxiv-2404.01445v1,arxiv-2404.01445v1_human_ai_polished_gpt-3.5-turbo,1,435
400–600,arxiv-2404.01445v1,arxiv-2404.01445v1_human_written,0,427
600–800,arxiv-2404.01459v1,arxiv-2404.01459v1_ai_generated_claude-3-5-sonnet-20241022,2,683
600–800,arxiv-2404.01459v1,arxiv-2404.01459v1_ai_generated_claude-3-5-sonnet-20241022_THEN_claude-3-5-sonnet-20241022,2,690
600–800,arxiv-2404.01459v1,arxiv-2404.01459v1_human_ai_polished_claude-3-5-sonnet-20241022,1,687
600–800,arxiv-2404.01459v1,arxiv-2404.01459v1_human_written,0,664
400–600,arxiv-2404.02314v1,arxiv-2404.02314v1_ai_generated_llama-3.3-70b-instruct,2,415
400–600,arxiv-2404.02314v1,arxiv-2404.02314v1_ai_generated_llama-3.3-70b-instruct_THEN_claude-3-5-sonnet-20241022,2,482
400–600,arxiv-2404.02314v1,arxiv-2404.02314v1_human_ai_polished_gemini-1.5-pro-002,1,483
400–600,arxiv-2404.02314v1,arxiv-2404.02314v1_human_written,0,484
400–600,arxiv-2404.03245v1,arxiv-2404.03245v1_ai_generated_qwen2.5-72b-instruct,2,529
400–600,arxiv-2404.03245v1,arxiv-2404.03245v1_ai_generated_qwen2.5-72b-instruct_THEN_gemini-1.5-pro-002,2,492
600–800,arxiv-2404.03245v1,arxiv-2404.03245v1_human_ai_polished_gpt-4o-2024-11-20,1,613
600–800,arxiv-2404.03245v1,arxiv-2404.03245v1_human_written,0,600
800+,arxiv-2404.03426v1,arxiv-2404.03426v1_ai_generated_qwen2.5-72b-instruct,2,847
800+,arxiv-2404.03426v1,arxiv-2404.03426v1_ai_generated_qwen2.5-72b-instruct_THEN_gpt-4o-2024-11-20,2,949
200–400,arxiv-2404.03426v1,arxiv-2404.03426v1_human_ai_polished_gpt-4o-2024-11-20,1,285
800+,arxiv-2404.03426v1,arxiv-2404.03426v1_human_written,0,903
600–800,arxiv-2404.05484v1,arxiv-2404.05484v1_ai_generated_qwen2.5-72b-instruct,2,677
600–800,arxiv-2404.05484v1,arxiv-2404.05484v1_ai_generated_qwen2.5-72b-instruct_THEN_gpt-3.5-turbo,2,779
600–800,arxiv-2404.05484v1,arxiv-2404.05484v1_human_ai_polished_claude-3-5-sonnet-20241022,1,709
600–800,arxiv-2404.05484v1,arxiv-2404.05484v1_human_written,0,697
400–600,arxiv-2404.06347v1,arxiv-2404.06347v1_ai_generated_llama-3.3-70b-instruct,2,525
400–600,arxiv-2404.06347v1,arxiv-2404.06347v1_ai_humanized_tool,3,431
600–800,arxiv-2404.06347v1,arxiv-2404.06347v1_human_ai_polished_gemini-1.5-pro-002,1,635
600–800,arxiv-2404.06347v1,arxiv-2404.06347v1_human_written,0,654
200–400,arxiv-2404.08011v1,arxiv-2404.08011v1_ai_generated_gpt-3.5-turbo,2,384
200–400,arxiv-2404.08011v1,arxiv-2404.08011v1_ai_humanized_tool,3,280
400–600,arxiv-2404.08011v1,arxiv-2404.08011v1_human_ai_polished_gemini-1.5-pro-002,1,421
400–600,arxiv-2404.08011v1,arxiv-2404.08011v1_human_written,0,453
200–400,arxiv-2404.10719v2,arxiv-2404.10719v2_ai_generated_claude-3-5-sonnet-20241022,2,394
200–400,arxiv-2404.10719v2,arxiv-2404.10719v2_ai_humanized_tool,3,232
400–600,arxiv-2404.10719v2,arxiv-2404.10719v2_human_ai_polished_gemini-1.5-pro-002,1,436
400–600,arxiv-2404.10719v2,arxiv-2404.10719v2_human_written,0,445
400–600,arxiv-2404.11726v1,arxiv-2404.11726v1_ai_generated_llama-3.3-70b-instruct,2,477
600–800,arxiv-2404.11726v1,arxiv-2404.11726v1_ai_generated_llama-3.3-70b-instruct_THEN_gpt-4o-2024-11-20,2,722
200–400,arxiv-2404.11726v1,arxiv-2404.11726v1_human_ai_polished_gpt-4o-2024-11-20,1,352
600–800,arxiv-2404.11726v1,arxiv-2404.11726v1_human_written,0,673
400–600,arxiv-2404.12952v1,arxiv-2404.12952v1_ai_generated_gemini-1.5-pro-002,2,418
400–600,arxiv-2404.12952v1,arxiv-2404.12952v1_ai_generated_gemini-1.5-pro-002_THEN_claude-3-5-sonnet-20241022,2,426
400–600,arxiv-2404.12952v1,arxiv-2404.12952v1_human_ai_polished_gpt-3.5-turbo,1,428
400–600,arxiv-2404.12952v1,arxiv-2404.12952v1_human_written,0,436
400–600,arxiv-2404.14724v1,arxiv-2404.14724v1_ai_generated_gpt-3.5-turbo,2,590
600–800,arxiv-2404.14724v1,arxiv-2404.14724v1_ai_humanized_tool,3,669
600–800,arxiv-2404.14724v1,arxiv-2404.14724v1_human_ai_polished_gpt-3.5-turbo,1,605
600–800,arxiv-2404.14724v1,arxiv-2404.14724v1_human_written,0,600
600–800,arxiv-2404.14827v1,arxiv-2404.14827v1_ai_generated_llama-3.3-70b-instruct,2,709
400–600,arxiv-2404.14827v1,arxiv-2404.14827v1_ai_humanized_tool,3,532
600–800,arxiv-2404.14827v1,arxiv-2404.14827v1_human_ai_polished_claude-3-5-sonnet-20241022,1,728
600–800,arxiv-2404.14827v1,arxiv-2404.14827v1_human_written,0,666
400–600,arxiv-2404.15197v1,arxiv-2404.15197v1_ai_generated_llama-3.3-70b-instruct,2,408
200–400,arxiv-2404.15197v1,arxiv-2404.15197v1_ai_humanized_tool,3,318
400–600,arxiv-2404.15197v1,arxiv-2404.15197v1_human_ai_polished_gpt-3.5-turbo,1,432
400–600,arxiv-2404.15197v1,arxiv-2404.15197v1_human_written,0,437
200–400,arxiv-2404.15805v1,arxiv-2404.15805v1_ai_generated_qwen2.5-72b-instruct,2,398
400–600,arxiv-2404.15805v1,arxiv-2404.15805v1_ai_generated_qwen2.5-72b-instruct_THEN_gpt-3.5-turbo,2,422
400–600,arxiv-2404.15805v1,arxiv-2404.15805v1_human_ai_polished_gpt-3.5-turbo,1,426
400–600,arxiv-2404.15805v1,arxiv-2404.15805v1_human_written,0,454
200–400,essay-AAAOPP13416000000907,essay-AAAOPP13416000000907_ai_generated_gemini-1.5-pro-002,2,376
200–400,essay-AAAOPP13416000000907,essay-AAAOPP13416000000907_ai_humanized_tool,3,291
200–400,essay-AAAOPP13416000000907,essay-AAAOPP13416000000907_human_ai_polished_gpt-3.5-turbo,1,278
200–400,essay-AAAOPP13416000000907,essay-AAAOPP13416000000907_human_written,0,376
200–400,essay-AAAOPP13416000001113,essay-AAAOPP13416000001113_ai_generated_gemini-1.5-pro-002,2,224
200–400,essay-AAAOPP13416000001113,essay-AAAOPP13416000001113_ai_generated_gemini-1.5-pro-002_THEN_gpt-3.5-turbo,2,255
200–400,essay-AAAOPP13416000001113,essay-AAAOPP13416000001113_human_ai_polished_gpt-3.5-turbo,1,224
200–400,essay-AAAOPP13416000001113,essay-AAAOPP13416000001113_human_written,0,259
200–400,essay-AAAOPP13416000001168,essay-AAAOPP13416000001168_ai_generated_gemini-1.5-pro-002,2,303
200–400,essay-AAAOPP13416000001168,essay-AAAOPP13416000001168_ai_humanized_human,3,330
200–400,essay-AAAOPP13416000001168,essay-AAAOPP13416000001168_human_ai_polished_claude-3-5-sonnet-20241022,1,320
200–400,essay-AAAOPP13416000001168,essay-AAAOPP13416000001168_human_written,0,305
0–200,essay-AAAOPP13416000001576,essay-AAAOPP13416000001576_ai_generated_qwen2.5-72b-instruct,2,137
0–200,essay-AAAOPP13416000001576,essay-AAAOPP13416000001576_ai_generated_qwen2.5-72b-instruct_THEN_gpt-4o-2024-11-20,2,148
0–200,essay-AAAOPP13416000001576,essay-AAAOPP13416000001576_human_ai_polished_claude-3-5-sonnet-20241022,1,146
0–200,essay-AAAOPP13416000001576,essay-AAAOPP13416000001576_human_written,0,129
200–400,essay-AAAOPP13416000001725,essay-AAAOPP13416000001725_ai_generated_gpt-3.5-turbo,2,300
200–400,essay-AAAOPP13416000001725,essay-AAAOPP13416000001725_ai_generated_gpt-3.5-turbo_THEN_gemini-1.5-pro-002,2,312
200–400,essay-AAAOPP13416000001725,essay-AAAOPP13416000001725_human_ai_polished_gpt-4o-2024-11-20,1,228
200–400,essay-AAAOPP13416000001725,essay-AAAOPP13416000001725_human_written,0,305
400–600,essay-AAAOPP13416000003722,essay-AAAOPP13416000003722_ai_generated_llama-3.3-70b-instruct,2,411
400–600,essay-AAAOPP13416000003722,essay-AAAOPP13416000003722_ai_generated_llama-3.3-70b-instruct_THEN_gemini-1.5-pro-002,2,418
200–400,essay-AAAOPP13416000003722,essay-AAAOPP13416000003722_human_ai_polished_gpt-4o-2024-11-20,1,340
400–600,essay-AAAOPP13416000003722,essay-AAAOPP13416000003722_human_written,0,430
200–400,essay-AAAOPP13416000003775,essay-AAAOPP13416000003775_ai_generated_gpt-3.5-turbo,2,345
200–400,essay-AAAOPP13416000003775,essay-AAAOPP13416000003775_ai_generated_gpt-3.5-turbo_THEN_gpt-4o-2024-11-20,2,361
200–400,essay-AAAOPP13416000003775,essay-AAAOPP13416000003775_human_ai_polished_gpt-4o-2024-11-20,1,294
200–400,essay-AAAOPP13416000003775,essay-AAAOPP13416000003775_human_written,0,389
200–400,essay-AAAOPP13416000003812,essay-AAAOPP13416000003812_ai_generated_claude-3-5-sonnet-20241022,2,335
200–400,essay-AAAOPP13416000003812,essay-AAAOPP13416000003812_ai_generated_claude-3-5-sonnet-20241022_THEN_claude-3-5-sonnet-20241022,2,333
200–400,essay-AAAOPP13416000003812,essay-AAAOPP13416000003812_human_ai_polished_gpt-4o-2024-11-20,1,329
200–400,essay-AAAOPP13416000003812,essay-AAAOPP13416000003812_human_written,0,339
200–400,essay-AAAOPP13416000004452,essay-AAAOPP13416000004452_ai_generated_gpt-4o-2024-11-20,2,253
200–400,essay-AAAOPP13416000004452,essay-AAAOPP13416000004452_ai_generated_gpt-4o-2024-11-20_THEN_gemini-1.5-pro-002,2,286
200–400,essay-AAAOPP13416000004452,essay-AAAOPP13416000004452_human_ai_polished_claude-3-5-sonnet-20241022,1,255
200–400,essay-AAAOPP13416000004452,essay-AAAOPP13416000004452_human_written,0,273
200–400,essay-AAAOPP13416000005068,essay-AAAOPP13416000005068_ai_generated_gpt-3.5-turbo,2,268
200–400,essay-AAAOPP13416000005068,essay-AAAOPP13416000005068_ai_generated_gpt-3.5-turbo_THEN_claude-3-5-sonnet-20241022,2,290
200–400,essay-AAAOPP13416000005068,essay-AAAOPP13416000005068_human_ai_polished_gpt-3.5-turbo,1,283
200–400,essay-AAAOPP13416000005068,essay-AAAOPP13416000005068_human_written,0,270
0–200,essay-AAAOPP13416000006150,essay-AAAOPP13416000006150_ai_generated_llama-3.3-70b-instruct,2,169
200–400,essay-AAAOPP13416000006150,essay-AAAOPP13416000006150_ai_humanized_tool,3,213
0–200,essay-AAAOPP13416000006150,essay-AAAOPP13416000006150_human_ai_polished_gpt-3.5-turbo,1,143
0–200,essay-AAAOPP13416000006150,essay-AAAOPP13416000006150_human_written,0,157
0–200,essay-AAAOPP13416000007181,essay-AAAOPP13416000007181_ai_generated_qwen2.5-72b-instruct,2,195
200–400,essay-AAAOPP13416000007181,essay-AAAOPP13416000007181_ai_humanized_tool,3,228
200–400,essay-AAAOPP13416000007181,essay-AAAOPP13416000007181_human_ai_polished_gpt-4o-2024-11-20,1,209
200–400,essay-AAAOPP13416000007181,essay-AAAOPP13416000007181_human_written,0,205
0–200,essay-AAAOPP13416000007250,essay-AAAOPP13416000007250_ai_generated_llama-3.3-70b-instruct,2,136
0–200,essay-AAAOPP13416000007250,essay-AAAOPP13416000007250_ai_generated_llama-3.3-70b-instruct_THEN_gemini-1.5-pro-002,2,137
0–200,essay-AAAOPP13416000007250,essay-AAAOPP13416000007250_human_ai_polished_gpt-4o-2024-11-20,1,134
0–200,essay-AAAOPP13416000007250,essay-AAAOPP13416000007250_human_written,0,145
200–400,essay-AAAOPP13416000007723,essay-AAAOPP13416000007723_ai_generated_qwen2.5-72b-instruct,2,212
200–400,essay-AAAOPP13416000007723,essay-AAAOPP13416000007723_ai_generated_qwen2.5-72b-instruct_THEN_gpt-4o-2024-11-20,2,229
200–400,essay-AAAOPP13416000007723,essay-AAAOPP13416000007723_human_ai_polished_gemini-1.5-pro-002,1,210
200–400,essay-AAAOPP13416000007723,essay-AAAOPP13416000007723_human_written,0,229
200–400,essay-AAAOPP13416000007902,essay-AAAOPP13416000007902_ai_generated_gemini-1.5-pro-002,2,351
200–400,essay-AAAOPP13416000007902,essay-AAAOPP13416000007902_ai_generated_gemini-1.5-pro-002_THEN_gpt-3.5-turbo,2,387
200–400,essay-AAAOPP13416000007902,essay-AAAOPP13416000007902_human_ai_polished_gpt-4o-2024-11-20,1,352
200–400,essay-AAAOPP13416000007902,essay-AAAOPP13416000007902_human_written,0,354
200–400,essay-AAAOPP13416000008460,essay-AAAOPP13416000008460_ai_generated_gpt-3.5-turbo,2,209
200–400,essay-AAAOPP13416000008460,essay-AAAOPP13416000008460_ai_generated_gpt-3.5-turbo_THEN_gpt-3.5-turbo,2,201
200–400,essay-AAAOPP13416000008460,essay-AAAOPP13416000008460_human_ai_polished_gemini-1.5-pro-002,1,201
200–400,essay-AAAOPP13416000008460,essay-AAAOPP13416000008460_human_written,0,203
200–400,essay-AAAOPP13416000010458,essay-AAAOPP13416000010458_ai_generated_llama-3.3-70b-instruct,2,231
200–400,essay-AAAOPP13416000010458,essay-AAAOPP13416000010458_ai_generated_llama-3.3-70b-instruct_THEN_gpt-3.5-turbo,2,243
200–400,essay-AAAOPP13416000010458,essay-AAAOPP13416000010458_human_ai_polished_gemini-1.5-pro-002,1,247
200–400,essay-AAAOPP13416000010458,essay-AAAOPP13416000010458_human_written,0,225
200–400,essay-AAAOPP13416000010869,essay-AAAOPP13416000010869_ai_generated_claude-3-5-sonnet-20241022,2,355
200–400,essay-AAAOPP13416000010869,essay-AAAOPP13416000010869_ai_humanized_tool,3,317
200–400,essay-AAAOPP13416000010869,essay-AAAOPP13416000010869_human_ai_polished_gemini-1.5-pro-002,1,376
200–400,essay-AAAOPP13416000010869,essay-AAAOPP13416000010869_human_written,0,376
0–200,essay-AAAOPP13416000010989,essay-AAAOPP13416000010989_ai_generated_claude-3-5-sonnet-20241022,2,177
0–200,essay-AAAOPP13416000010989,essay-AAAOPP13416000010989_ai_generated_claude-3-5-sonnet-20241022_THEN_gemini-1.5-pro-002,2,182
0–200,essay-AAAOPP13416000010989,essay-AAAOPP13416000010989_human_ai_polished_claude-3-5-sonnet-20241022,1,174
200–400,essay-AAAOPP13416000010989,essay-AAAOPP13416000010989_human_written,0,206
200–400,essay-AAAOPP13416000011387,essay-AAAOPP13416000011387_ai_generated_llama-3.3-70b-instruct,2,324
200–400,essay-AAAOPP13416000011387,essay-AAAOPP13416000011387_ai_generated_llama-3.3-70b-instruct_THEN_gemini-1.5-pro-002,2,318
200–400,essay-AAAOPP13416000011387,essay-AAAOPP13416000011387_human_ai_polished_gpt-4o-2024-11-20,1,210
200–400,essay-AAAOPP13416000011387,essay-AAAOPP13416000011387_human_written,0,352
200–400,essay-AAAOPP13416000011747,essay-AAAOPP13416000011747_ai_generated_claude-3-5-sonnet-20241022,2,243
200–400,essay-AAAOPP13416000011747,essay-AAAOPP13416000011747_ai_humanized_human,3,241
200–400,essay-AAAOPP13416000011747,essay-AAAOPP13416000011747_human_ai_polished_gpt-3.5-turbo,1,230
200–400,essay-AAAOPP13416000011747,essay-AAAOPP13416000011747_human_written,0,257
200–400,essay-AAAOPP13416000013570,essay-AAAOPP13416000013570_ai_generated_qwen2.5-72b-instruct,2,316
200–400,essay-AAAOPP13416000013570,essay-AAAOPP13416000013570_ai_generated_qwen2.5-72b-instruct_THEN_claude-3-5-sonnet-20241022,2,295
200–400,essay-AAAOPP13416000013570,essay-AAAOPP13416000013570_human_ai_polished_claude-3-5-sonnet-20241022,1,311
200–400,essay-AAAOPP13416000013570,essay-AAAOPP13416000013570_human_written,0,301
200–400,essay-AAAOPP13416000013969,essay-AAAOPP13416000013969_ai_generated_gpt-4o-2024-11-20,2,266
200–400,essay-AAAOPP13416000013969,essay-AAAOPP13416000013969_ai_humanized_human,3,270
200–400,essay-AAAOPP13416000013969,essay-AAAOPP13416000013969_human_ai_polished_gemini-1.5-pro-002,1,253
200–400,essay-AAAOPP13416000013969,essay-AAAOPP13416000013969_human_written,0,273
200–400,essay-AAAOPP13416000014457,essay-AAAOPP13416000014457_ai_generated_gemini-1.5-pro-002,2,240
200–400,essay-AAAOPP13416000014457,essay-AAAOPP13416000014457_ai_generated_gemini-1.5-pro-002_THEN_gemini-1.5-pro-002,2,208
200–400,essay-AAAOPP13416000014457,essay-AAAOPP13416000014457_human_ai_polished_gemini-1.5-pro-002,1,244
200–400,essay-AAAOPP13416000014457,essay-AAAOPP13416000014457_human_written,0,203
200–400,essay-AAAOPP13416000014501,essay-AAAOPP13416000014501_ai_generated_claude-3-5-sonnet-20241022,2,253
200–400,essay-AAAOPP13416000014501,essay-AAAOPP13416000014501_ai_generated_claude-3-5-sonnet-20241022_THEN_gpt-4o-2024-11-20,2,253
200–400,essay-AAAOPP13416000014501,essay-AAAOPP13416000014501_human_ai_polished_gpt-3.5-turbo,1,248
200–400,essay-AAAOPP13416000014501,essay-AAAOPP13416000014501_human_written,0,231
200–400,essay-AAAOPP13416000017969,essay-AAAOPP13416000017969_ai_generated_llama-3.3-70b-instruct,2,368
400–600,essay-AAAOPP13416000017969,essay-AAAOPP13416000017969_ai_humanized_tool,3,464
200–400,essay-AAAOPP13416000017969,essay-AAAOPP13416000017969_human_ai_polished_gemini-1.5-pro-002,1,345
200–400,essay-AAAOPP13416000017969,essay-AAAOPP13416000017969_human_written,0,352
200–400,essay-AAAOPP13416000024550,essay-AAAOPP13416000024550_ai_generated_gemini-1.5-pro-002,2,325
200–400,essay-AAAOPP13416000024550,essay-AAAOPP13416000024550_ai_generated_gemini-1.5-pro-002_THEN_claude-3-5-sonnet-20241022,2,365
200–400,essay-AAAOPP13416000024550,essay-AAAOPP13416000024550_human_ai_polished_gpt-3.5-turbo,1,329
200–400,essay-AAAOPP13416000024550,essay-AAAOPP13416000024550_human_written,0,318
200–400,essay-AAAOPP13416000024899,essay-AAAOPP13416000024899_ai_generated_gpt-4o-2024-11-20,2,237
200–400,essay-AAAOPP13416000024899,essay-AAAOPP13416000024899_ai_generated_gpt-4o-2024-11-20_THEN_gpt-4o-2024-11-20,2,245
200–400,essay-AAAOPP13416000024899,essay-AAAOPP13416000024899_human_ai_polished_claude-3-5-sonnet-20241022,1,235
200–400,essay-AAAOPP13416000024899,essay-AAAOPP13416000024899_human_written,0,244
0–200,essay-AAAOPP13416000025589,essay-AAAOPP13416000025589_ai_generated_llama-3.3-70b-instruct,2,178
0–200,essay-AAAOPP13416000025589,essay-AAAOPP13416000025589_ai_generated_llama-3.3-70b-instruct_THEN_gemini-1.5-pro-002,2,185
0–200,essay-AAAOPP13416000025589,essay-AAAOPP13416000025589_human_ai_polished_claude-3-5-sonnet-20241022,1,182
0–200,essay-AAAOPP13416000025589,essay-AAAOPP13416000025589_human_written,0,191
200–400,essay-AAAOPP13416000026626,essay-AAAOPP13416000026626_ai_generated_claude-3-5-sonnet-20241022,2,336
200–400,essay-AAAOPP13416000026626,essay-AAAOPP13416000026626_ai_generated_claude-3-5-sonnet-20241022_THEN_gpt-4o-2024-11-20,2,352
200–400,essay-AAAOPP13416000026626,essay-AAAOPP13416000026626_human_ai_polished_gemini-1.5-pro-002,1,349
200–400,essay-AAAOPP13416000026626,essay-AAAOPP13416000026626_human_written,0,336
200–400,essay-AAAOPP13416000027682,essay-AAAOPP13416000027682_ai_generated_gpt-4o-2024-11-20,2,207
200–400,essay-AAAOPP13416000027682,essay-AAAOPP13416000027682_ai_humanized_tool,3,227
200–400,essay-AAAOPP13416000027682,essay-AAAOPP13416000027682_human_ai_polished_claude-3-5-sonnet-20241022,1,223
200–400,essay-AAAOPP13416000027682,essay-AAAOPP13416000027682_human_written,0,210
200–400,essay-AAAOPP13416000028880,essay-AAAOPP13416000028880_ai_generated_claude-3-5-sonnet-20241022,2,303
200–400,essay-AAAOPP13416000028880,essay-AAAOPP13416000028880_ai_generated_claude-3-5-sonnet-20241022_THEN_claude-3-5-sonnet-20241022,2,305
200–400,essay-AAAOPP13416000028880,essay-AAAOPP13416000028880_human_ai_polished_gpt-4o-2024-11-20,1,283
200–400,essay-AAAOPP13416000028880,essay-AAAOPP13416000028880_human_written,0,300
200–400,essay-AAAOPP13416000029537,essay-AAAOPP13416000029537_ai_generated_claude-3-5-sonnet-20241022,2,321
200–400,essay-AAAOPP13416000029537,essay-AAAOPP13416000029537_ai_humanized_tool,3,303
200–400,essay-AAAOPP13416000029537,essay-AAAOPP13416000029537_human_ai_polished_gpt-3.5-turbo,1,345
200–400,essay-AAAOPP13416000029537,essay-AAAOPP13416000029537_human_written,0,360
0–200,essay-AAAOPP13416000030525,essay-AAAOPP13416000030525_ai_generated_qwen2.5-72b-instruct,2,174
0–200,essay-AAAOPP13416000030525,essay-AAAOPP13416000030525_ai_humanized_tool,3,190
0–200,essay-AAAOPP13416000030525,essay-AAAOPP13416000030525_human_ai_polished_gpt-3.5-turbo,1,175
0–200,essay-AAAOPP13416000030525,essay-AAAOPP13416000030525_human_written,0,187
200–400,essay-AAAOPP13416000034791,essay-AAAOPP13416000034791_ai_generated_gpt-3.5-turbo,2,286
200–400,essay-AAAOPP13416000034791,essay-AAAOPP13416000034791_ai_generated_gpt-3.5-turbo_THEN_gpt-4o-2024-11-20,2,318
0–200,essay-AAAOPP13416000034791,essay-AAAOPP13416000034791_human_ai_polished_gpt-4o-2024-11-20,1,190
200–400,essay-AAAOPP13416000034791,essay-AAAOPP13416000034791_human_written,0,255
200–400,essay-AAAOPP13416000034822,essay-AAAOPP13416000034822_ai_generated_gpt-3.5-turbo,2,276
200–400,essay-AAAOPP13416000034822,essay-AAAOPP13416000034822_ai_humanized_human,3,308
200–400,essay-AAAOPP13416000034822,essay-AAAOPP13416000034822_human_ai_polished_claude-3-5-sonnet-20241022,1,296
200–400,essay-AAAOPP13416000034822,essay-AAAOPP13416000034822_human_written,0,288
200–400,essay-AAAOPP13416000035630,essay-AAAOPP13416000035630_ai_generated_gemini-1.5-pro-002,2,369
200–400,essay-AAAOPP13416000035630,essay-AAAOPP13416000035630_ai_generated_gemini-1.5-pro-002_THEN_claude-3-5-sonnet-20241022,2,361
200–400,essay-AAAOPP13416000035630,essay-AAAOPP13416000035630_human_ai_polished_gpt-4o-2024-11-20,1,370
200–400,essay-AAAOPP13416000035630,essay-AAAOPP13416000035630_human_written,0,386
200–400,essay-AAAOPP13416000036646,essay-AAAOPP13416000036646_ai_generated_qwen2.5-72b-instruct,2,364
400–600,essay-AAAOPP13416000036646,essay-AAAOPP13416000036646_ai_generated_qwen2.5-72b-instruct_THEN_gpt-3.5-turbo,2,420
200–400,essay-AAAOPP13416000036646,essay-AAAOPP13416000036646_human_ai_polished_gpt-4o-2024-11-20,1,230
200–400,essay-AAAOPP13416000036646,essay-AAAOPP13416000036646_human_written,0,385
200–400,essay-AAAOPP13416000037189,essay-AAAOPP13416000037189_ai_generated_qwen2.5-72b-instruct,2,242
200–400,essay-AAAOPP13416000037189,essay-AAAOPP13416000037189_ai_humanized_tool,3,300
200–400,essay-AAAOPP13416000037189,essay-AAAOPP13416000037189_human_ai_polished_gemini-1.5-pro-002,1,265
200–400,essay-AAAOPP13416000037189,essay-AAAOPP13416000037189_human_written,0,238
200–400,essay-AAAOPP13416000038193,essay-AAAOPP13416000038193_ai_generated_gpt-4o-2024-11-20,2,399
400–600,essay-AAAOPP13416000038193,essay-AAAOPP13416000038193_ai_generated_gpt-4o-2024-11-20_THEN_gpt-4o-2024-11-20,2,439
400–600,essay-AAAOPP13416000038193,essay-AAAOPP13416000038193_human_ai_polished_gemini-1.5-pro-002,1,409
200–400,essay-AAAOPP13416000038193,essay-AAAOPP13416000038193_human_written,0,352
200–400,essay-AAAOPP13416000038606,essay-AAAOPP13416000038606_ai_generated_llama-3.3-70b-instruct,2,239
200–400,essay-AAAOPP13416000038606,essay-AAAOPP13416000038606_ai_humanized_tool,3,215
200–400,essay-AAAOPP13416000038606,essay-AAAOPP13416000038606_human_ai_polished_gemini-1.5-pro-002,1,247
200–400,essay-AAAOPP13416000038606,essay-AAAOPP13416000038606_human_written,0,251
200–400,essay-AAAOPP13416000039739,essay-AAAOPP13416000039739_ai_generated_gemini-1.5-pro-002,2,394
200–400,essay-AAAOPP13416000039739,essay-AAAOPP13416000039739_ai_generated_gemini-1.5-pro-002_THEN_claude-3-5-sonnet-20241022,2,377
200–400,essay-AAAOPP13416000039739,essay-AAAOPP13416000039739_human_ai_polished_claude-3-5-sonnet-20241022,1,382
200–400,essay-AAAOPP13416000039739,essay-AAAOPP13416000039739_human_written,0,385
200–400,essay-AAAOPP13416000040172,essay-AAAOPP13416000040172_ai_generated_llama-3.3-70b-instruct,2,352
400–600,essay-AAAOPP13416000040172,essay-AAAOPP13416000040172_ai_humanized_tool,3,412
200–400,essay-AAAOPP13416000040172,essay-AAAOPP13416000040172_human_ai_polished_claude-3-5-sonnet-20241022,1,355
200–400,essay-AAAOPP13416000040172,essay-AAAOPP13416000040172_human_written,0,359
200–400,essay-AAAOPP13416000041622,essay-AAAOPP13416000041622_ai_generated_gemini-1.5-pro-002,2,244
200–400,essay-AAAOPP13416000041622,essay-AAAOPP13416000041622_ai_generated_gemini-1.5-pro-002_THEN_gpt-3.5-turbo,2,244
200–400,essay-AAAOPP13416000041622,essay-AAAOPP13416000041622_human_ai_polished_claude-3-5-sonnet-20241022,1,217
0–200,essay-AAAOPP13416000041622,essay-AAAOPP13416000041622_human_written,0,46
0–200,essay-AAAOPP13416000044126,essay-AAAOPP13416000044126_ai_generated_llama-3.3-70b-instruct,2,150
0–200,essay-AAAOPP13416000044126,essay-AAAOPP13416000044126_ai_generated_llama-3.3-70b-instruct_THEN_gpt-4o-2024-11-20,2,140
0–200,essay-AAAOPP13416000044126,essay-AAAOPP13416000044126_human_ai_polished_claude-3-5-sonnet-20241022,1,141
0–200,essay-AAAOPP13416000044126,essay-AAAOPP13416000044126_human_written,0,137
200–400,essay-AAAOPP13416000044463,essay-AAAOPP13416000044463_ai_generated_gemini-1.5-pro-002,2,367
200–400,essay-AAAOPP13416000044463,essay-AAAOPP13416000044463_ai_generated_gemini-1.5-pro-002_THEN_gpt-4o-2024-11-20,2,387
200–400,essay-AAAOPP13416000044463,essay-AAAOPP13416000044463_human_ai_polished_claude-3-5-sonnet-20241022,1,365
200–400,essay-AAAOPP13416000044463,essay-AAAOPP13416000044463_human_written,0,360
200–400,essay-AAAOPP13416000044513,essay-AAAOPP13416000044513_ai_generated_gpt-4o-2024-11-20,2,318
200–400,essay-AAAOPP13416000044513,essay-AAAOPP13416000044513_ai_generated_gpt-4o-2024-11-20_THEN_claude-3-5-sonnet-20241022,2,346
200–400,essay-AAAOPP13416000044513,essay-AAAOPP13416000044513_human_ai_polished_gpt-4o-2024-11-20,1,287
200–400,essay-AAAOPP13416000044513,essay-AAAOPP13416000044513_human_written,0,310
200–400,essay-AAAOPP13416000044730,essay-AAAOPP13416000044730_ai_generated_gpt-3.5-turbo,2,353
200–400,essay-AAAOPP13416000044730,essay-AAAOPP13416000044730_ai_generated_gpt-3.5-turbo_THEN_claude-3-5-sonnet-20241022,2,375
200–400,essay-AAAOPP13416000044730,essay-AAAOPP13416000044730_human_ai_polished_gpt-3.5-turbo,1,338
200–400,essay-AAAOPP13416000044730,essay-AAAOPP13416000044730_human_written,0,350
200–400,essay-AAAOPP13416000045616,essay-AAAOPP13416000045616_ai_generated_llama-3.3-70b-instruct,2,358
200–400,essay-AAAOPP13416000045616,essay-AAAOPP13416000045616_ai_generated_llama-3.3-70b-instruct_THEN_claude-3-5-sonnet-20241022,2,366
200–400,essay-AAAOPP13416000045616,essay-AAAOPP13416000045616_human_ai_polished_gemini-1.5-pro-002,1,376
200–400,essay-AAAOPP13416000045616,essay-AAAOPP13416000045616_human_written,0,369
0–200,essay-AAAOPP13416000046235,essay-AAAOPP13416000046235_ai_generated_llama-3.3-70b-instruct,2,138
0–200,essay-AAAOPP13416000046235,essay-AAAOPP13416000046235_ai_humanized_human,3,146
0–200,essay-AAAOPP13416000046235,essay-AAAOPP13416000046235_human_ai_polished_claude-3-5-sonnet-20241022,1,142
0–200,essay-AAAOPP13416000046235,essay-AAAOPP13416000046235_human_written,0,148
200–400,essay-AAAOPP13416000046315,essay-AAAOPP13416000046315_ai_generated_llama-3.3-70b-instruct,2,243
200–400,essay-AAAOPP13416000046315,essay-AAAOPP13416000046315_ai_humanized_tool,3,234
200–400,essay-AAAOPP13416000046315,essay-AAAOPP13416000046315_human_ai_polished_claude-3-5-sonnet-20241022,1,248
200–400,essay-AAAOPP13416000046315,essay-AAAOPP13416000046315_human_written,0,242
200–400,essay-AAAOPP13416000047218,essay-AAAOPP13416000047218_ai_generated_claude-3-5-sonnet-20241022,2,339
200–400,essay-AAAOPP13416000047218,essay-AAAOPP13416000047218_ai_generated_claude-3-5-sonnet-20241022_THEN_gpt-4o-2024-11-20,2,357
200–400,essay-AAAOPP13416000047218,essay-AAAOPP13416000047218_human_ai_polished_gpt-4o-2024-11-20,1,257
200–400,essay-AAAOPP13416000047218,essay-AAAOPP13416000047218_human_written,0,374
200–400,essay-AAAOPP13416000047370,essay-AAAOPP13416000047370_ai_generated_gpt-3.5-turbo,2,327
200–400,essay-AAAOPP13416000047370,essay-AAAOPP13416000047370_ai_generated_gpt-3.5-turbo_THEN_gemini-1.5-pro-002,2,346
200–400,essay-AAAOPP13416000047370,essay-AAAOPP13416000047370_human_ai_polished_gpt-4o-2024-11-20,1,279
200–400,essay-AAAOPP13416000047370,essay-AAAOPP13416000047370_human_written,0,327
400–600,essay-AAAOPP13416000047746,essay-AAAOPP13416000047746_ai_generated_claude-3-5-sonnet-20241022,2,418
400–600,essay-AAAOPP13416000047746,essay-AAAOPP13416000047746_ai_generated_claude-3-5-sonnet-20241022_THEN_gemini-1.5-pro-002,2,445
400–600,essay-AAAOPP13416000047746,essay-AAAOPP13416000047746_human_ai_polished_claude-3-5-sonnet-20241022,1,406
200–400,essay-AAAOPP13416000047746,essay-AAAOPP13416000047746_human_written,0,379
400–600,essay-AAAOPP13416000048798,essay-AAAOPP13416000048798_ai_generated_gpt-4o-2024-11-20,2,418
200–400,essay-AAAOPP13416000048798,essay-AAAOPP13416000048798_ai_humanized_tool,3,378
200–400,essay-AAAOPP13416000048798,essay-AAAOPP13416000048798_human_ai_polished_gpt-4o-2024-11-20,1,266
400–600,essay-AAAOPP13416000048798,essay-AAAOPP13416000048798_human_written,0,415
200–400,essay-AAAOPP13416000049619,essay-AAAOPP13416000049619_ai_generated_gpt-4o-2024-11-20,2,206
0–200,essay-AAAOPP13416000049619,essay-AAAOPP13416000049619_ai_generated_gpt-4o-2024-11-20_THEN_claude-3-5-sonnet-20241022,2,165
0–200,essay-AAAOPP13416000049619,essay-AAAOPP13416000049619_human_ai_polished_claude-3-5-sonnet-20241022,1,194
200–400,essay-AAAOPP13416000049619,essay-AAAOPP13416000049619_human_written,0,213
200–400,essay-AAAOPP13416000050084,essay-AAAOPP13416000050084_ai_generated_llama-3.3-70b-instruct,2,328
200–400,essay-AAAOPP13416000050084,essay-AAAOPP13416000050084_ai_generated_llama-3.3-70b-instruct_THEN_gpt-3.5-turbo,2,367
200–400,essay-AAAOPP13416000050084,essay-AAAOPP13416000050084_human_ai_polished_gpt-4o-2024-11-20,1,318
200–400,essay-AAAOPP13416000050084,essay-AAAOPP13416000050084_human_written,0,337
400–600,essay-AAAOPP13416000051328,essay-AAAOPP13416000051328_ai_generated_gemini-1.5-pro-002,2,413
400–600,essay-AAAOPP13416000051328,essay-AAAOPP13416000051328_ai_generated_gemini-1.5-pro-002_THEN_claude-3-5-sonnet-20241022,2,447
200–400,essay-AAAOPP13416000051328,essay-AAAOPP13416000051328_human_ai_polished_gpt-4o-2024-11-20,1,243
400–600,essay-AAAOPP13416000051328,essay-AAAOPP13416000051328_human_written,0,411
200–400,essay-AAAOPP13416000052525,essay-AAAOPP13416000052525_ai_generated_claude-3-5-sonnet-20241022,2,337
200–400,essay-AAAOPP13416000052525,essay-AAAOPP13416000052525_ai_generated_claude-3-5-sonnet-20241022_THEN_gemini-1.5-pro-002,2,377
200–400,essay-AAAOPP13416000052525,essay-AAAOPP13416000052525_human_ai_polished_gemini-1.5-pro-002,1,328
200–400,essay-AAAOPP13416000052525,essay-AAAOPP13416000052525_human_written,0,297
200–400,essay-AAAOPP13416000060230,essay-AAAOPP13416000060230_ai_generated_qwen2.5-72b-instruct,2,223
200–400,essay-AAAOPP13416000060230,essay-AAAOPP13416000060230_ai_generated_qwen2.5-72b-instruct_THEN_gemini-1.5-pro-002,2,228
200–400,essay-AAAOPP13416000060230,essay-AAAOPP13416000060230_human_ai_polished_claude-3-5-sonnet-20241022,1,240
200–400,essay-AAAOPP13416000060230,essay-AAAOPP13416000060230_human_written,0,244
400–600,essay-AAAOPP13416000061560,essay-AAAOPP13416000061560_ai_generated_gpt-4o-2024-11-20,2,429
400–600,essay-AAAOPP13416000061560,essay-AAAOPP13416000061560_ai_generated_gpt-4o-2024-11-20_THEN_gpt-3.5-turbo,2,443
400–600,essay-AAAOPP13416000061560,essay-AAAOPP13416000061560_human_ai_polished_claude-3-5-sonnet-20241022,1,442
400–600,essay-AAAOPP13416000061560,essay-AAAOPP13416000061560_human_written,0,458
200–400,essay-AAAOPP13416000061794,essay-AAAOPP13416000061794_ai_generated_claude-3-5-sonnet-20241022,2,207
200–400,essay-AAAOPP13416000061794,essay-AAAOPP13416000061794_ai_generated_claude-3-5-sonnet-20241022_THEN_gpt-3.5-turbo,2,222
200–400,essay-AAAOPP13416000061794,essay-AAAOPP13416000061794_human_ai_polished_gpt-3.5-turbo,1,214
0–200,essay-AAAOPP13416000061794,essay-AAAOPP13416000061794_human_written,0,185
200–400,essay-AAAOPP13416000068618,essay-AAAOPP13416000068618_ai_generated_claude-3-5-sonnet-20241022,2,252
200–400,essay-AAAOPP13416000068618,essay-AAAOPP13416000068618_ai_generated_claude-3-5-sonnet-20241022_THEN_gpt-3.5-turbo,2,260
200–400,essay-AAAOPP13416000068618,essay-AAAOPP13416000068618_human_ai_polished_gpt-4o-2024-11-20,1,255
200–400,essay-AAAOPP13416000068618,essay-AAAOPP13416000068618_human_written,0,271
200–400,essay-AAAOPP13416000070758,essay-AAAOPP13416000070758_ai_generated_llama-3.3-70b-instruct,2,234
200–400,essay-AAAOPP13416000070758,essay-AAAOPP13416000070758_ai_generated_llama-3.3-70b-instruct_THEN_gpt-4o-2024-11-20,2,232
200–400,essay-AAAOPP13416000070758,essay-AAAOPP13416000070758_human_ai_polished_claude-3-5-sonnet-20241022,1,218
200–400,essay-AAAOPP13416000070758,essay-AAAOPP13416000070758_human_written,0,222
0–200,essay-AAAOPP13416000071142,essay-AAAOPP13416000071142_ai_generated_llama-3.3-70b-instruct,2,196
0–200,essay-AAAOPP13416000071142,essay-AAAOPP13416000071142_ai_generated_llama-3.3-70b-instruct_THEN_gemini-1.5-pro-002,2,192
200–400,essay-AAAOPP13416000071142,essay-AAAOPP13416000071142_human_ai_polished_claude-3-5-sonnet-20241022,1,201
0–200,essay-AAAOPP13416000071142,essay-AAAOPP13416000071142_human_written,0,197
200–400,essay-AAAOPP13416000071478,essay-AAAOPP13416000071478_ai_generated_gpt-4o-2024-11-20,2,388
400–600,essay-AAAOPP13416000071478,essay-AAAOPP13416000071478_ai_generated_gpt-4o-2024-11-20_THEN_gpt-4o-2024-11-20,2,497
400–600,essay-AAAOPP13416000071478,essay-AAAOPP13416000071478_human_ai_polished_gemini-1.5-pro-002,1,495
400–600,essay-AAAOPP13416000071478,essay-AAAOPP13416000071478_human_written,0,468
200–400,essay-AAAOPP13416000072200,essay-AAAOPP13416000072200_ai_generated_qwen2.5-72b-instruct,2,249
200–400,essay-AAAOPP13416000072200,essay-AAAOPP13416000072200_ai_humanized_tool,3,255
200–400,essay-AAAOPP13416000072200,essay-AAAOPP13416000072200_human_ai_polished_gemini-1.5-pro-002,1,245
200–400,essay-AAAOPP13416000072200,essay-AAAOPP13416000072200_human_written,0,270
200–400,essay-AAAOPP13416000072875,essay-AAAOPP13416000072875_ai_generated_qwen2.5-72b-instruct,2,283
200–400,essay-AAAOPP13416000072875,essay-AAAOPP13416000072875_ai_humanized_tool,3,311
200–400,essay-AAAOPP13416000072875,essay-AAAOPP13416000072875_human_ai_polished_gemini-1.5-pro-002,1,297
200–400,essay-AAAOPP13416000072875,essay-AAAOPP13416000072875_human_written,0,297
200–400,essay-AAAOPP13416000074087,essay-AAAOPP13416000074087_ai_generated_qwen2.5-72b-instruct,2,227
200–400,essay-AAAOPP13416000074087,essay-AAAOPP13416000074087_ai_generated_qwen2.5-72b-instruct_THEN_gpt-3.5-turbo,2,237
200–400,essay-AAAOPP13416000074087,essay-AAAOPP13416000074087_human_ai_polished_gpt-3.5-turbo,1,210
200–400,essay-AAAOPP13416000074087,essay-AAAOPP13416000074087_human_written,0,209
200–400,essay-AAAOPP13416000080950,essay-AAAOPP13416000080950_ai_generated_claude-3-5-sonnet-20241022,2,298
200–400,essay-AAAOPP13416000080950,essay-AAAOPP13416000080950_ai_generated_claude-3-5-sonnet-20241022_THEN_gpt-4o-2024-11-20,2,305
200–400,essay-AAAOPP13416000080950,essay-AAAOPP13416000080950_human_ai_polished_gpt-4o-2024-11-20,1,275
200–400,essay-AAAOPP13416000080950,essay-AAAOPP13416000080950_human_written,0,291
200–400,essay-AAAOPP13416000081167,essay-AAAOPP13416000081167_ai_generated_qwen2.5-72b-instruct,2,372
200–400,essay-AAAOPP13416000081167,essay-AAAOPP13416000081167_ai_generated_qwen2.5-72b-instruct_THEN_claude-3-5-sonnet-20241022,2,357
200–400,essay-AAAOPP13416000081167,essay-AAAOPP13416000081167_human_ai_polished_claude-3-5-sonnet-20241022,1,357
200–400,essay-AAAOPP13416000081167,essay-AAAOPP13416000081167_human_written,0,386
200–400,essay-AAAOPP13416000081178,essay-AAAOPP13416000081178_ai_generated_gemini-1.5-pro-002,2,306
200–400,essay-AAAOPP13416000081178,essay-AAAOPP13416000081178_ai_generated_gemini-1.5-pro-002_THEN_gemini-1.5-pro-002,2,315
200–400,essay-AAAOPP13416000081178,essay-AAAOPP13416000081178_human_ai_polished_claude-3-5-sonnet-20241022,1,308
200–400,essay-AAAOPP13416000081178,essay-AAAOPP13416000081178_human_written,0,313
200–400,essay-AAAOPP13416000082830,essay-AAAOPP13416000082830_ai_generated_qwen2.5-72b-instruct,2,302
200–400,essay-AAAOPP13416000082830,essay-AAAOPP13416000082830_ai_generated_qwen2.5-72b-instruct_THEN_gemini-1.5-pro-002,2,313
200–400,essay-AAAOPP13416000082830,essay-AAAOPP13416000082830_human_ai_polished_gpt-4o-2024-11-20,1,288
200–400,essay-AAAOPP13416000082830,essay-AAAOPP13416000082830_human_written,0,300
200–400,essay-AAAOPP13416000087267,essay-AAAOPP13416000087267_ai_generated_llama-3.3-70b-instruct,2,236
200–400,essay-AAAOPP13416000087267,essay-AAAOPP13416000087267_ai_humanized_tool,3,299
200–400,essay-AAAOPP13416000087267,essay-AAAOPP13416000087267_human_ai_polished_gpt-3.5-turbo,1,202
200–400,essay-AAAOPP13416000087267,essay-AAAOPP13416000087267_human_written,0,271
200–400,essay-AAAOPP13416000093120,essay-AAAOPP13416000093120_ai_generated_claude-3-5-sonnet-20241022,2,315
200–400,essay-AAAOPP13416000093120,essay-AAAOPP13416000093120_ai_generated_claude-3-5-sonnet-20241022_THEN_gpt-3.5-turbo,2,357
200–400,essay-AAAOPP13416000093120,essay-AAAOPP13416000093120_human_ai_polished_claude-3-5-sonnet-20241022,1,335
200–400,essay-AAAOPP13416000093120,essay-AAAOPP13416000093120_human_written,0,311
200–400,essay-AAAOPP13416000097001,essay-AAAOPP13416000097001_ai_generated_gpt-4o-2024-11-20,2,283
200–400,essay-AAAOPP13416000097001,essay-AAAOPP13416000097001_ai_humanized_tool,3,341
200–400,essay-AAAOPP13416000097001,essay-AAAOPP13416000097001_human_ai_polished_gpt-4o-2024-11-20,1,275
200–400,essay-AAAOPP13416000097001,essay-AAAOPP13416000097001_human_written,0,278
200–400,essay-AAAOPP13416000099770,essay-AAAOPP13416000099770_ai_generated_qwen2.5-72b-instruct,2,300
200–400,essay-AAAOPP13416000099770,essay-AAAOPP13416000099770_ai_generated_qwen2.5-72b-instruct_THEN_claude-3-5-sonnet-20241022,2,299
200–400,essay-AAAOPP13416000099770,essay-AAAOPP13416000099770_human_ai_polished_gemini-1.5-pro-002,1,311
200–400,essay-AAAOPP13416000099770,essay-AAAOPP13416000099770_human_written,0,297
400–600,essay-AAAOPP13416000101572,essay-AAAOPP13416000101572_ai_generated_llama-3.3-70b-instruct,2,514
400–600,essay-AAAOPP13416000101572,essay-AAAOPP13416000101572_ai_generated_llama-3.3-70b-instruct_THEN_gpt-3.5-turbo,2,491
400–600,essay-AAAOPP13416000101572,essay-AAAOPP13416000101572_human_ai_polished_gpt-4o-2024-11-20,1,494
400–600,essay-AAAOPP13416000101572,essay-AAAOPP13416000101572_human_written,0,517
400–600,essay-AAAOPP13416000101605,essay-AAAOPP13416000101605_ai_generated_claude-3-5-sonnet-20241022,2,418
400–600,essay-AAAOPP13416000101605,essay-AAAOPP13416000101605_ai_generated_claude-3-5-sonnet-20241022_THEN_gpt-3.5-turbo,2,409
200–400,essay-AAAOPP13416000101605,essay-AAAOPP13416000101605_human_ai_polished_gpt-3.5-turbo,1,334
400–600,essay-AAAOPP13416000101605,essay-AAAOPP13416000101605_human_written,0,417
200–400,essay-AAAOPP13416000102714,essay-AAAOPP13416000102714_ai_generated_qwen2.5-72b-instruct,2,295
200–400,essay-AAAOPP13416000102714,essay-AAAOPP13416000102714_ai_humanized_tool,3,279
200–400,essay-AAAOPP13416000102714,essay-AAAOPP13416000102714_human_ai_polished_claude-3-5-sonnet-20241022,1,292
200–400,essay-AAAOPP13416000102714,essay-AAAOPP13416000102714_human_written,0,296
200–400,essay-AAAOPP13416000105293,essay-AAAOPP13416000105293_ai_generated_claude-3-5-sonnet-20241022,2,341
200–400,essay-AAAOPP13416000105293,essay-AAAOPP13416000105293_ai_generated_claude-3-5-sonnet-20241022_THEN_claude-3-5-sonnet-20241022,2,320
200–400,essay-AAAOPP13416000105293,essay-AAAOPP13416000105293_human_ai_polished_gpt-4o-2024-11-20,1,273
200–400,essay-AAAOPP13416000105293,essay-AAAOPP13416000105293_human_written,0,347
200–400,essay-AAAOPP13416000106997,essay-AAAOPP13416000106997_ai_generated_llama-3.3-70b-instruct,2,237
200–400,essay-AAAOPP13416000106997,essay-AAAOPP13416000106997_ai_generated_llama-3.3-70b-instruct_THEN_claude-3-5-sonnet-20241022,2,246
200–400,essay-AAAOPP13416000106997,essay-AAAOPP13416000106997_human_ai_polished_gemini-1.5-pro-002,1,234
200–400,essay-AAAOPP13416000106997,essay-AAAOPP13416000106997_human_written,0,234
400–600,essay-AAAOPP13416000107277,essay-AAAOPP13416000107277_ai_generated_gemini-1.5-pro-002,2,418
400–600,essay-AAAOPP13416000107277,essay-AAAOPP13416000107277_ai_humanized_tool,3,476
200–400,essay-AAAOPP13416000107277,essay-AAAOPP13416000107277_human_ai_polished_gpt-4o-2024-11-20,1,282
400–600,essay-AAAOPP13416000107277,essay-AAAOPP13416000107277_human_written,0,432
200–400,essay-AAAOPP13416000110077,essay-AAAOPP13416000110077_ai_generated_gemini-1.5-pro-002,2,359
200–400,essay-AAAOPP13416000110077,essay-AAAOPP13416000110077_ai_generated_gemini-1.5-pro-002_THEN_gemini-1.5-pro-002,2,346
200–400,essay-AAAOPP13416000110077,essay-AAAOPP13416000110077_human_ai_polished_gpt-3.5-turbo,1,315
200–400,essay-AAAOPP13416000110077,essay-AAAOPP13416000110077_human_written,0,339
400–600,essay-AAAOPP13416000110786,essay-AAAOPP13416000110786_ai_generated_qwen2.5-72b-instruct,2,554
200–400,essay-AAAOPP13416000110786,essay-AAAOPP13416000110786_ai_generated_qwen2.5-72b-instruct_THEN_gemini-1.5-pro-002,2,339
200–400,essay-AAAOPP13416000110786,essay-AAAOPP13416000110786_human_ai_polished_gpt-4o-2024-11-20,1,284
200–400,essay-AAAOPP13416000110786,essay-AAAOPP13416000110786_human_written,0,301
200–400,essay-AAAOPP13416000110787,essay-AAAOPP13416000110787_ai_generated_gpt-3.5-turbo,2,261
200–400,essay-AAAOPP13416000110787,essay-AAAOPP13416000110787_ai_generated_gpt-3.5-turbo_THEN_gpt-3.5-turbo,2,286
200–400,essay-AAAOPP13416000110787,essay-AAAOPP13416000110787_human_ai_polished_gemini-1.5-pro-002,1,254
200–400,essay-AAAOPP13416000110787,essay-AAAOPP13416000110787_human_written,0,261
200–400,essay-AAAOPP13416000111519,essay-AAAOPP13416000111519_ai_generated_gpt-4o-2024-11-20,2,335
200–400,essay-AAAOPP13416000111519,essay-AAAOPP13416000111519_ai_generated_gpt-4o-2024-11-20_THEN_gpt-3.5-turbo,2,349
400–600,essay-AAAOPP13416000111519,essay-AAAOPP13416000111519_human_ai_polished_gemini-1.5-pro-002,1,427
400–600,essay-AAAOPP13416000111519,essay-AAAOPP13416000111519_human_written,0,421
200–400,essay-AAAOPP13416000111583,essay-AAAOPP13416000111583_ai_generated_gemini-1.5-pro-002,2,275
200–400,essay-AAAOPP13416000111583,essay-AAAOPP13416000111583_ai_generated_gemini-1.5-pro-002_THEN_gpt-4o-2024-11-20,2,267
200–400,essay-AAAOPP13416000111583,essay-AAAOPP13416000111583_human_ai_polished_gemini-1.5-pro-002,1,273
200–400,essay-AAAOPP13416000111583,essay-AAAOPP13416000111583_human_written,0,284
200–400,essay-AAAOPP13416000114757,essay-AAAOPP13416000114757_ai_generated_qwen2.5-72b-instruct,2,381
400–600,essay-AAAOPP13416000114757,essay-AAAOPP13416000114757_ai_generated_qwen2.5-72b-instruct_THEN_gpt-4o-2024-11-20,2,415
200–400,essay-AAAOPP13416000114757,essay-AAAOPP13416000114757_human_ai_polished_gemini-1.5-pro-002,1,386
400–600,essay-AAAOPP13416000114757,essay-AAAOPP13416000114757_human_written,0,415
400–600,essay-AAAOPP13416000116094,essay-AAAOPP13416000116094_ai_generated_gpt-4o-2024-11-20,2,401
400–600,essay-AAAOPP13416000116094,essay-AAAOPP13416000116094_ai_generated_gpt-4o-2024-11-20_THEN_gemini-1.5-pro-002,2,475
400–600,essay-AAAOPP13416000116094,essay-AAAOPP13416000116094_human_ai_polished_gemini-1.5-pro-002,1,483
400–600,essay-AAAOPP13416000116094,essay-AAAOPP13416000116094_human_written,0,449
200–400,essay-AAAOPP13416000116265,essay-AAAOPP13416000116265_ai_generated_gemini-1.5-pro-002,2,361
400–600,essay-AAAOPP13416000116265,essay-AAAOPP13416000116265_ai_generated_gemini-1.5-pro-002_THEN_claude-3-5-sonnet-20241022,2,411
200–400,essay-AAAOPP13416000116265,essay-AAAOPP13416000116265_human_ai_polished_gpt-4o-2024-11-20,1,335
200–400,essay-AAAOPP13416000116265,essay-AAAOPP13416000116265_human_written,0,375
0–200,essay-AAAOPP13416000116833,essay-AAAOPP13416000116833_ai_generated_gemini-1.5-pro-002,2,195
200–400,essay-AAAOPP13416000116833,essay-AAAOPP13416000116833_ai_generated_gemini-1.5-pro-002_THEN_gpt-3.5-turbo,2,215
0–200,essay-AAAOPP13416000116833,essay-AAAOPP13416000116833_human_ai_polished_gemini-1.5-pro-002,1,185
0–200,essay-AAAOPP13416000116833,essay-AAAOPP13416000116833_human_written,0,169
200–400,essay-AAAOPP13416000123986,essay-AAAOPP13416000123986_ai_generated_gpt-4o-2024-11-20,2,246
200–400,essay-AAAOPP13416000123986,essay-AAAOPP13416000123986_ai_generated_gpt-4o-2024-11-20_THEN_claude-3-5-sonnet-20241022,2,229
200–400,essay-AAAOPP13416000123986,essay-AAAOPP13416000123986_human_ai_polished_gpt-3.5-turbo,1,244
200–400,essay-AAAOPP13416000123986,essay-AAAOPP13416000123986_human_written,0,238
200–400,essay-AAAOPP13416000126983,essay-AAAOPP13416000126983_ai_generated_gemini-1.5-pro-002,2,308
200–400,essay-AAAOPP13416000126983,essay-AAAOPP13416000126983_ai_generated_gemini-1.5-pro-002_THEN_gpt-3.5-turbo,2,329
200–400,essay-AAAOPP13416000126983,essay-AAAOPP13416000126983_human_ai_polished_gpt-4o-2024-11-20,1,262
200–400,essay-AAAOPP13416000126983,essay-AAAOPP13416000126983_human_written,0,298
200–400,essay-AAAOPP13416000133999,essay-AAAOPP13416000133999_ai_generated_qwen2.5-72b-instruct,2,221
200–400,essay-AAAOPP13416000133999,essay-AAAOPP13416000133999_ai_generated_qwen2.5-72b-instruct_THEN_gpt-3.5-turbo,2,248
200–400,essay-AAAOPP13416000133999,essay-AAAOPP13416000133999_human_ai_polished_gpt-3.5-turbo,1,221
200–400,essay-AAAOPP13416000133999,essay-AAAOPP13416000133999_human_written,0,230
200–400,essay-AAAOPP13416000134187,essay-AAAOPP13416000134187_ai_generated_gpt-4o-2024-11-20,2,228
200–400,essay-AAAOPP13416000134187,essay-AAAOPP13416000134187_ai_generated_gpt-4o-2024-11-20_THEN_claude-3-5-sonnet-20241022,2,240
200–400,essay-AAAOPP13416000134187,essay-AAAOPP13416000134187_human_ai_polished_gemini-1.5-pro-002,1,230
200–400,essay-AAAOPP13416000134187,essay-AAAOPP13416000134187_human_written,0,236
200–400,essay-AAAOPP13416000140798,essay-AAAOPP13416000140798_ai_generated_gemini-1.5-pro-002,2,333
200–400,essay-AAAOPP13416000140798,essay-AAAOPP13416000140798_ai_generated_gemini-1.5-pro-002_THEN_gpt-4o-2024-11-20,2,346
200–400,essay-AAAOPP13416000140798,essay-AAAOPP13416000140798_human_ai_polished_gemini-1.5-pro-002,1,347
200–400,essay-AAAOPP13416000140798,essay-AAAOPP13416000140798_human_written,0,324
200–400,essay-AAAOPP13416000143977,essay-AAAOPP13416000143977_ai_generated_claude-3-5-sonnet-20241022,2,287
200–400,essay-AAAOPP13416000143977,essay-AAAOPP13416000143977_ai_generated_claude-3-5-sonnet-20241022_THEN_gpt-3.5-turbo,2,315
200–400,essay-AAAOPP13416000143977,essay-AAAOPP13416000143977_human_ai_polished_gemini-1.5-pro-002,1,300
200–400,essay-AAAOPP13416000143977,essay-AAAOPP13416000143977_human_written,0,293
200–400,essay-AAAOPP13416000145278,essay-AAAOPP13416000145278_ai_generated_gpt-3.5-turbo,2,301
200–400,essay-AAAOPP13416000145278,essay-AAAOPP13416000145278_ai_generated_gpt-3.5-turbo_THEN_gpt-4o-2024-11-20,2,352
200–400,essay-AAAOPP13416000145278,essay-AAAOPP13416000145278_human_ai_polished_gpt-4o-2024-11-20,1,327
200–400,essay-AAAOPP13416000145278,essay-AAAOPP13416000145278_human_written,0,326
200–400,essay-AAAOPP13416000146556,essay-AAAOPP13416000146556_ai_generated_gpt-4o-2024-11-20,2,342
400–600,essay-AAAOPP13416000146556,essay-AAAOPP13416000146556_ai_generated_gpt-4o-2024-11-20_THEN_gpt-3.5-turbo,2,452
200–400,essay-AAAOPP13416000146556,essay-AAAOPP13416000146556_human_ai_polished_gemini-1.5-pro-002,1,399
400–600,essay-AAAOPP13416000146556,essay-AAAOPP13416000146556_human_written,0,423
200–400,essay-AAAOPP13416000147276,essay-AAAOPP13416000147276_ai_generated_qwen2.5-72b-instruct,2,355
200–400,essay-AAAOPP13416000147276,essay-AAAOPP13416000147276_ai_humanized_human,3,349
200–400,essay-AAAOPP13416000147276,essay-AAAOPP13416000147276_human_ai_polished_gpt-4o-2024-11-20,1,287
200–400,essay-AAAOPP13416000147276,essay-AAAOPP13416000147276_human_written,0,370
200–400,essay-AAAOPP13416000147611,essay-AAAOPP13416000147611_ai_generated_llama-3.3-70b-instruct,2,296
200–400,essay-AAAOPP13416000147611,essay-AAAOPP13416000147611_ai_generated_llama-3.3-70b-instruct_THEN_gpt-4o-2024-11-20,2,327
200–400,essay-AAAOPP13416000147611,essay-AAAOPP13416000147611_human_ai_polished_gemini-1.5-pro-002,1,316
200–400,essay-AAAOPP13416000147611,essay-AAAOPP13416000147611_human_written,0,338
400–600,essay-AAAOPP13416000148045,essay-AAAOPP13416000148045_ai_generated_qwen2.5-72b-instruct,2,409
400–600,essay-AAAOPP13416000148045,essay-AAAOPP13416000148045_ai_generated_qwen2.5-72b-instruct_THEN_claude-3-5-sonnet-20241022,2,452
400–600,essay-AAAOPP13416000148045,essay-AAAOPP13416000148045_human_ai_polished_claude-3-5-sonnet-20241022,1,401
200–400,essay-AAAOPP13416000148045,essay-AAAOPP13416000148045_human_written,0,342
200–400,essay-AAAOPP13416000148164,essay-AAAOPP13416000148164_ai_generated_gpt-4o-2024-11-20,2,247
200–400,essay-AAAOPP13416000148164,essay-AAAOPP13416000148164_ai_humanized_tool,3,295
200–400,essay-AAAOPP13416000148164,essay-AAAOPP13416000148164_human_ai_polished_gpt-4o-2024-11-20,1,259
200–400,essay-AAAOPP13416000148164,essay-AAAOPP13416000148164_human_written,0,275
200–400,essay-AAAOPP13416000148169,essay-AAAOPP13416000148169_ai_generated_gpt-3.5-turbo,2,262
200–400,essay-AAAOPP13416000148169,essay-AAAOPP13416000148169_ai_generated_gpt-3.5-turbo_THEN_claude-3-5-sonnet-20241022,2,255
200–400,essay-AAAOPP13416000148169,essay-AAAOPP13416000148169_human_ai_polished_gemini-1.5-pro-002,1,257
200–400,essay-AAAOPP13416000148169,essay-AAAOPP13416000148169_human_written,0,266
400–600,essay-AAAOPP13416000148238,essay-AAAOPP13416000148238_ai_generated_llama-3.3-70b-instruct,2,481
400–600,essay-AAAOPP13416000148238,essay-AAAOPP13416000148238_ai_humanized_tool,3,519
200–400,essay-AAAOPP13416000148238,essay-AAAOPP13416000148238_human_ai_polished_gpt-3.5-turbo,1,398
400–600,essay-AAAOPP13416000148238,essay-AAAOPP13416000148238_human_written,0,504
200–400,essay-AAAOPP13416000154824,essay-AAAOPP13416000154824_ai_generated_gpt-4o-2024-11-20,2,297
200–400,essay-AAAOPP13416000154824,essay-AAAOPP13416000154824_ai_generated_gpt-4o-2024-11-20_THEN_gemini-1.5-pro-002,2,328
200–400,essay-AAAOPP13416000154824,essay-AAAOPP13416000154824_human_ai_polished_claude-3-5-sonnet-20241022,1,304
200–400,essay-AAAOPP13416000154824,essay-AAAOPP13416000154824_human_written,0,239
400–600,essay-AAAOPP13416000174796,essay-AAAOPP13416000174796_ai_generated_gpt-3.5-turbo,2,428
400–600,essay-AAAOPP13416000174796,essay-AAAOPP13416000174796_ai_generated_gpt-3.5-turbo_THEN_gemini-1.5-pro-002,2,456
400–600,essay-AAAOPP13416000174796,essay-AAAOPP13416000174796_human_ai_polished_gemini-1.5-pro-002,1,472
400–600,essay-AAAOPP13416000174796,essay-AAAOPP13416000174796_human_written,0,436
0–200,essay-AAAOPP13416000174901,essay-AAAOPP13416000174901_ai_generated_llama-3.3-70b-instruct,2,123
0–200,essay-AAAOPP13416000174901,essay-AAAOPP13416000174901_ai_generated_llama-3.3-70b-instruct_THEN_claude-3-5-sonnet-20241022,2,118
0–200,essay-AAAOPP13416000174901,essay-AAAOPP13416000174901_human_ai_polished_gemini-1.5-pro-002,1,124
0–200,essay-AAAOPP13416000174901,essay-AAAOPP13416000174901_human_written,0,126
400–600,essay-AAAOPP13416000175664,essay-AAAOPP13416000175664_ai_generated_qwen2.5-72b-instruct,2,453
400–600,essay-AAAOPP13416000175664,essay-AAAOPP13416000175664_ai_generated_qwen2.5-72b-instruct_THEN_gpt-3.5-turbo,2,466
200–400,essay-AAAOPP13416000175664,essay-AAAOPP13416000175664_human_ai_polished_gpt-4o-2024-11-20,1,244
400–600,essay-AAAOPP13416000175664,essay-AAAOPP13416000175664_human_written,0,437
200–400,essay-AAAOPP13416000198805,essay-AAAOPP13416000198805_ai_generated_gpt-3.5-turbo,2,277
200–400,essay-AAAOPP13416000198805,essay-AAAOPP13416000198805_ai_generated_gpt-3.5-turbo_THEN_claude-3-5-sonnet-20241022,2,280
200–400,essay-AAAOPP13416000198805,essay-AAAOPP13416000198805_human_ai_polished_gpt-4o-2024-11-20,1,275
200–400,essay-AAAOPP13416000198805,essay-AAAOPP13416000198805_human_written,0,272
200–400,essay-AAAOPP13416000199171,essay-AAAOPP13416000199171_ai_generated_gemini-1.5-pro-002,2,348
200–400,essay-AAAOPP13416000199171,essay-AAAOPP13416000199171_ai_humanized_tool,3,338
200–400,essay-AAAOPP13416000199171,essay-AAAOPP13416000199171_human_ai_polished_claude-3-5-sonnet-20241022,1,352
200–400,essay-AAAOPP13416000199171,essay-AAAOPP13416000199171_human_written,0,340
200–400,essay-AAAOPP13416000199862,essay-AAAOPP13416000199862_ai_generated_claude-3-5-sonnet-20241022,2,235
200–400,essay-AAAOPP13416000199862,essay-AAAOPP13416000199862_ai_generated_claude-3-5-sonnet-20241022_THEN_gpt-3.5-turbo,2,221
200–400,essay-AAAOPP13416000199862,essay-AAAOPP13416000199862_human_ai_polished_gpt-3.5-turbo,1,246
200–400,essay-AAAOPP13416000199862,essay-AAAOPP13416000199862_human_written,0,238
200–400,essay-AAAOPP13416000199878,essay-AAAOPP13416000199878_ai_generated_llama-3.3-70b-instruct,2,311
200–400,essay-AAAOPP13416000199878,essay-AAAOPP13416000199878_ai_generated_llama-3.3-70b-instruct_THEN_gpt-4o-2024-11-20,2,308
200–400,essay-AAAOPP13416000199878,essay-AAAOPP13416000199878_human_ai_polished_gpt-4o-2024-11-20,1,312
200–400,essay-AAAOPP13416000199878,essay-AAAOPP13416000199878_human_written,0,322
200–400,essay-AAAOPP13416000208140,essay-AAAOPP13416000208140_ai_generated_qwen2.5-72b-instruct,2,298
200–400,essay-AAAOPP13416000208140,essay-AAAOPP13416000208140_ai_generated_qwen2.5-72b-instruct_THEN_gemini-1.5-pro-002,2,313
200–400,essay-AAAOPP13416000208140,essay-AAAOPP13416000208140_human_ai_polished_claude-3-5-sonnet-20241022,1,300
200–400,essay-AAAOPP13416000208140,essay-AAAOPP13416000208140_human_written,0,310
400–600,essay-AAAOPP13416000232994,essay-AAAOPP13416000232994_ai_generated_gemini-1.5-pro-002,2,414
400–600,essay-AAAOPP13416000232994,essay-AAAOPP13416000232994_ai_generated_gemini-1.5-pro-002_THEN_gemini-1.5-pro-002,2,412
400–600,essay-AAAOPP13416000232994,essay-AAAOPP13416000232994_human_ai_polished_claude-3-5-sonnet-20241022,1,409
400–600,essay-AAAOPP13416000232994,essay-AAAOPP13416000232994_human_written,0,409
200–400,essay-AAAOPP13416000238428,essay-AAAOPP13416000238428_ai_generated_claude-3-5-sonnet-20241022,2,388
200–400,essay-AAAOPP13416000238428,essay-AAAOPP13416000238428_ai_humanized_tool,3,368
200–400,essay-AAAOPP13416000238428,essay-AAAOPP13416000238428_human_ai_polished_gpt-4o-2024-11-20,1,289
200–400,essay-AAAOPP13416000238428,essay-AAAOPP13416000238428_human_written,0,383
200–400,essay-AAAOPP13416000253166,essay-AAAOPP13416000253166_ai_generated_gpt-4o-2024-11-20,2,317
200–400,essay-AAAOPP13416000253166,essay-AAAOPP13416000253166_ai_generated_gpt-4o-2024-11-20_THEN_claude-3-5-sonnet-20241022,2,349
0–200,essay-AAAOPP13416000253166,essay-AAAOPP13416000253166_human_ai_polished_gpt-4o-2024-11-20,1,145
200–400,essay-AAAOPP13416000253166,essay-AAAOPP13416000253166_human_written,0,330
200–400,essay-AAATRP14318000304596,essay-AAATRP14318000304596_ai_generated_gpt-3.5-turbo,2,258
200–400,essay-AAATRP14318000304596,essay-AAATRP14318000304596_ai_generated_gpt-3.5-turbo_THEN_gemini-1.5-pro-002,2,295
200–400,essay-AAATRP14318000304596,essay-AAATRP14318000304596_human_ai_polished_gemini-1.5-pro-002,1,251
200–400,essay-AAATRP14318000304596,essay-AAATRP14318000304596_human_written,0,241
200–400,essay-AAATRP14318000308584,essay-AAATRP14318000308584_ai_generated_gpt-3.5-turbo,2,200
200–400,essay-AAATRP14318000308584,essay-AAATRP14318000308584_ai_generated_gpt-3.5-turbo_THEN_gpt-3.5-turbo,2,209
200–400,essay-AAATRP14318000308584,essay-AAATRP14318000308584_human_ai_polished_gemini-1.5-pro-002,1,216
200–400,essay-AAATRP14318000308584,essay-AAATRP14318000308584_human_written,0,203
200–400,essay-AAATRP14318000312117,essay-AAATRP14318000312117_ai_generated_claude-3-5-sonnet-20241022,2,331
200–400,essay-AAATRP14318000312117,essay-AAATRP14318000312117_ai_generated_claude-3-5-sonnet-20241022_THEN_gemini-1.5-pro-002,2,371
200–400,essay-AAATRP14318000312117,essay-AAATRP14318000312117_human_ai_polished_gemini-1.5-pro-002,1,347
200–400,essay-AAATRP14318000312117,essay-AAATRP14318000312117_human_written,0,316
200–400,essay-AAATRP14318000364106,essay-AAATRP14318000364106_ai_generated_claude-3-5-sonnet-20241022,2,237
200–400,essay-AAATRP14318000364106,essay-AAATRP14318000364106_ai_generated_claude-3-5-sonnet-20241022_THEN_gemini-1.5-pro-002,2,242
200–400,essay-AAATRP14318000364106,essay-AAATRP14318000364106_human_ai_polished_claude-3-5-sonnet-20241022,1,249
200–400,essay-AAATRP14318000364106,essay-AAATRP14318000364106_human_written,0,229
200–400,essay-AAATRP14318000387659,essay-AAATRP14318000387659_ai_generated_gpt-3.5-turbo,2,393
400–600,essay-AAATRP14318000387659,essay-AAATRP14318000387659_ai_generated_gpt-3.5-turbo_THEN_claude-3-5-sonnet-20241022,2,438
200–400,essay-AAATRP14318000387659,essay-AAATRP14318000387659_human_ai_polished_claude-3-5-sonnet-20241022,1,388
200–400,essay-AAATRP14318000387659,essay-AAATRP14318000387659_human_written,0,383
400–600,essay-AAATRP14318000387705,essay-AAATRP14318000387705_ai_generated_gemini-1.5-pro-002,2,462
400–600,essay-AAATRP14318000387705,essay-AAATRP14318000387705_ai_humanized_human,3,472
200–400,essay-AAATRP14318000387705,essay-AAATRP14318000387705_human_ai_polished_gpt-4o-2024-11-20,1,205
400–600,essay-AAATRP14318000387705,essay-AAATRP14318000387705_human_written,0,439
200–400,essay-AAATRP14318000401843,essay-AAATRP14318000401843_ai_generated_claude-3-5-sonnet-20241022,2,330
200–400,essay-AAATRP14318000401843,essay-AAATRP14318000401843_ai_generated_claude-3-5-sonnet-20241022_THEN_claude-3-5-sonnet-20241022,2,363
200–400,essay-AAATRP14318000401843,essay-AAATRP14318000401843_human_ai_polished_gemini-1.5-pro-002,1,357
200–400,essay-AAATRP14318000401843,essay-AAATRP14318000401843_human_written,0,325
600–800,essay-AAATRP14318000415019,essay-AAATRP14318000415019_ai_generated_qwen2.5-72b-instruct,2,680
600–800,essay-AAATRP14318000415019,essay-AAATRP14318000415019_ai_generated_qwen2.5-72b-instruct_THEN_gpt-4o-2024-11-20,2,749
400–600,essay-AAATRP14318000415019,essay-AAATRP14318000415019_human_ai_polished_gpt-4o-2024-11-20,1,568
600–800,essay-AAATRP14318000415019,essay-AAATRP14318000415019_human_written,0,645
200–400,essay-AAATRP14318000418782,essay-AAATRP14318000418782_ai_generated_qwen2.5-72b-instruct,2,315
200–400,essay-AAATRP14318000418782,essay-AAATRP14318000418782_ai_humanized_human,3,321
200–400,essay-AAATRP14318000418782,essay-AAATRP14318000418782_human_ai_polished_gemini-1.5-pro-002,1,315
200–400,essay-AAATRP14318000418782,essay-AAATRP14318000418782_human_written,0,341
200–400,essay-AAATRP14318000424335,essay-AAATRP14318000424335_ai_generated_gemini-1.5-pro-002,2,231
200–400,essay-AAATRP14318000424335,essay-AAATRP14318000424335_ai_humanized_human,3,223
200–400,essay-AAATRP14318000424335,essay-AAATRP14318000424335_human_ai_polished_gemini-1.5-pro-002,1,210
200–400,essay-AAATRP14318000424335,essay-AAATRP14318000424335_human_written,0,221
200–400,essay-AAATRP14318000424478,essay-AAATRP14318000424478_ai_generated_gpt-3.5-turbo,2,201
200–400,essay-AAATRP14318000424478,essay-AAATRP14318000424478_ai_generated_gpt-3.5-turbo_THEN_gpt-3.5-turbo,2,226
0–200,essay-AAATRP14318000424478,essay-AAATRP14318000424478_human_ai_polished_gpt-3.5-turbo,1,188
200–400,essay-AAATRP14318000424478,essay-AAATRP14318000424478_human_written,0,203
200–400,essay-AAATRP14318000427001,essay-AAATRP14318000427001_ai_generated_gemini-1.5-pro-002,2,237
200–400,essay-AAATRP14318000427001,essay-AAATRP14318000427001_ai_generated_gemini-1.5-pro-002_THEN_gpt-3.5-turbo,2,246
200–400,essay-AAATRP14318000427001,essay-AAATRP14318000427001_human_ai_polished_gemini-1.5-pro-002,1,217
200–400,essay-AAATRP14318000427001,essay-AAATRP14318000427001_human_written,0,234
200–400,essay-AAATRP14318000431893,essay-AAATRP14318000431893_ai_generated_gpt-3.5-turbo,2,318
200–400,essay-AAATRP14318000431893,essay-AAATRP14318000431893_ai_generated_gpt-3.5-turbo_THEN_gpt-4o-2024-11-20,2,324
200–400,essay-AAATRP14318000431893,essay-AAATRP14318000431893_human_ai_polished_gpt-4o-2024-11-20,1,310
200–400,essay-AAATRP14318000431893,essay-AAATRP14318000431893_human_written,0,340
200–400,essay-AAATRP14318000451706,essay-AAATRP14318000451706_ai_generated_claude-3-5-sonnet-20241022,2,346
200–400,essay-AAATRP14318000451706,essay-AAATRP14318000451706_ai_generated_claude-3-5-sonnet-20241022_THEN_claude-3-5-sonnet-20241022,2,356
0–200,essay-AAATRP14318000451706,essay-AAATRP14318000451706_human_ai_polished_gpt-4o-2024-11-20,1,188
200–400,essay-AAATRP14318000451706,essay-AAATRP14318000451706_human_written,0,360
400–600,essay-AAATRP14318000452342,essay-AAATRP14318000452342_ai_generated_gpt-3.5-turbo,2,403
400–600,essay-AAATRP14318000452342,essay-AAATRP14318000452342_ai_generated_gpt-3.5-turbo_THEN_gpt-4o-2024-11-20,2,452
400–600,essay-AAATRP14318000452342,essay-AAATRP14318000452342_human_ai_polished_claude-3-5-sonnet-20241022,1,402
400–600,essay-AAATRP14318000452342,essay-AAATRP14318000452342_human_written,0,419
200–400,essay-AAATRP14318000480717,essay-AAATRP14318000480717_ai_generated_llama-3.3-70b-instruct,2,366
200–400,essay-AAATRP14318000480717,essay-AAATRP14318000480717_ai_generated_llama-3.3-70b-instruct_THEN_gemini-1.5-pro-002,2,393
200–400,essay-AAATRP14318000480717,essay-AAATRP14318000480717_human_ai_polished_claude-3-5-sonnet-20241022,1,377
400–600,essay-AAATRP14318000480717,essay-AAATRP14318000480717_human_written,0,425
200–400,essay-AAATRP14318000501936,essay-AAATRP14318000501936_ai_generated_llama-3.3-70b-instruct,2,389
400–600,essay-AAATRP14318000501936,essay-AAATRP14318000501936_ai_generated_llama-3.3-70b-instruct_THEN_gemini-1.5-pro-002,2,438
400–600,essay-AAATRP14318000501936,essay-AAATRP14318000501936_human_ai_polished_gemini-1.5-pro-002,1,428
400–600,essay-AAATRP14318000501936,essay-AAATRP14318000501936_human_written,0,414
200–400,essay-AAATRP14318000543444,essay-AAATRP14318000543444_ai_generated_qwen2.5-72b-instruct,2,201
200–400,essay-AAATRP14318000543444,essay-AAATRP14318000543444_ai_generated_qwen2.5-72b-instruct_THEN_gpt-4o-2024-11-20,2,204
0–200,essay-AAATRP14318000543444,essay-AAATRP14318000543444_human_ai_polished_gemini-1.5-pro-002,1,194
200–400,essay-AAATRP14318000543444,essay-AAATRP14318000543444_human_written,0,204
200–400,essay-AAATRP14318000544238,essay-AAATRP14318000544238_ai_generated_gemini-1.5-pro-002,2,251
200–400,essay-AAATRP14318000544238,essay-AAATRP14318000544238_ai_generated_gemini-1.5-pro-002_THEN_gpt-3.5-turbo,2,246
200–400,essay-AAATRP14318000544238,essay-AAATRP14318000544238_human_ai_polished_gpt-3.5-turbo,1,225
200–400,essay-AAATRP14318000544238,essay-AAATRP14318000544238_human_written,0,262
200–400,essay-AAATRP14318000569447,essay-AAATRP14318000569447_ai_generated_gemini-1.5-pro-002,2,284
200–400,essay-AAATRP14318000569447,essay-AAATRP14318000569447_ai_generated_gemini-1.5-pro-002_THEN_gpt-4o-2024-11-20,2,311
200–400,essay-AAATRP14318000569447,essay-AAATRP14318000569447_human_ai_polished_gpt-3.5-turbo,1,277
200–400,essay-AAATRP14318000569447,essay-AAATRP14318000569447_human_written,0,295
400–600,essay-AAATRP14318000597837,essay-AAATRP14318000597837_ai_generated_llama-3.3-70b-instruct,2,490
400–600,essay-AAATRP14318000597837,essay-AAATRP14318000597837_ai_generated_llama-3.3-70b-instruct_THEN_claude-3-5-sonnet-20241022,2,498
400–600,essay-AAATRP14318000597837,essay-AAATRP14318000597837_human_ai_polished_gemini-1.5-pro-002,1,511
400–600,essay-AAATRP14318000597837,essay-AAATRP14318000597837_human_written,0,478
400–600,essay-AAATRP14318000632028,essay-AAATRP14318000632028_ai_generated_claude-3-5-sonnet-20241022,2,459
400–600,essay-AAATRP14318000632028,essay-AAATRP14318000632028_ai_generated_claude-3-5-sonnet-20241022_THEN_gemini-1.5-pro-002,2,552
400–600,essay-AAATRP14318000632028,essay-AAATRP14318000632028_human_ai_polished_gpt-4o-2024-11-20,1,506
400–600,essay-AAATRP14318000632028,essay-AAATRP14318000632028_human_written,0,507
0–200,essay-AAATRP14318000633963,essay-AAATRP14318000633963_ai_generated_gemini-1.5-pro-002,2,193
200–400,essay-AAATRP14318000633963,essay-AAATRP14318000633963_ai_humanized_tool,3,228
0–200,essay-AAATRP14318000633963,essay-AAATRP14318000633963_human_ai_polished_gpt-4o-2024-11-20,1,184
0–200,essay-AAATRP14318000633963,essay-AAATRP14318000633963_human_written,0,161
200–400,essay-AAATRP14318000657954,essay-AAATRP14318000657954_ai_generated_llama-3.3-70b-instruct,2,226
200–400,essay-AAATRP14318000657954,essay-AAATRP14318000657954_ai_generated_llama-3.3-70b-instruct_THEN_gpt-3.5-turbo,2,209
200–400,essay-AAATRP14318000657954,essay-AAATRP14318000657954_human_ai_polished_gemini-1.5-pro-002,1,230
0–200,essay-AAATRP14318000657954,essay-AAATRP14318000657954_human_written,0,176
400–600,essay-AAATRP14318000666877,essay-AAATRP14318000666877_ai_generated_gemini-1.5-pro-002,2,511
400–600,essay-AAATRP14318000666877,essay-AAATRP14318000666877_ai_humanized_tool,3,462
400–600,essay-AAATRP14318000666877,essay-AAATRP14318000666877_human_ai_polished_gemini-1.5-pro-002,1,505
400–600,essay-AAATRP14318000666877,essay-AAATRP14318000666877_human_written,0,427
200–400,essay-AAATRP14318000677283,essay-AAATRP14318000677283_ai_generated_qwen2.5-72b-instruct,2,300
0–200,essay-AAATRP14318000677283,essay-AAATRP14318000677283_ai_humanized_tool,3,184
200–400,essay-AAATRP14318000677283,essay-AAATRP14318000677283_human_ai_polished_gpt-4o-2024-11-20,1,295
200–400,essay-AAATRP14318000677283,essay-AAATRP14318000677283_human_written,0,287
400–600,essay-AAATRP14318000705438,essay-AAATRP14318000705438_ai_generated_gemini-1.5-pro-002,2,425
400–600,essay-AAATRP14318000705438,essay-AAATRP14318000705438_ai_generated_gemini-1.5-pro-002_THEN_claude-3-5-sonnet-20241022,2,498
400–600,essay-AAATRP14318000705438,essay-AAATRP14318000705438_human_ai_polished_claude-3-5-sonnet-20241022,1,461
400–600,essay-AAATRP14318000705438,essay-AAATRP14318000705438_human_written,0,433
200–400,essay-AAATRP14318000707666,essay-AAATRP14318000707666_ai_generated_gpt-4o-2024-11-20,2,382
200–400,essay-AAATRP14318000707666,essay-AAATRP14318000707666_ai_generated_gpt-4o-2024-11-20_THEN_claude-3-5-sonnet-20241022,2,392
200–400,essay-AAATRP14318000707666,essay-AAATRP14318000707666_human_ai_polished_claude-3-5-sonnet-20241022,1,378
200–400,essay-AAATRP14318000707666,essay-AAATRP14318000707666_human_written,0,357
200–400,essay-AAATRP14318000707770,essay-AAATRP14318000707770_ai_generated_gpt-4o-2024-11-20,2,214
200–400,essay-AAATRP14318000707770,essay-AAATRP14318000707770_ai_generated_gpt-4o-2024-11-20_THEN_claude-3-5-sonnet-20241022,2,241
200–400,essay-AAATRP14318000707770,essay-AAATRP14318000707770_human_ai_polished_gpt-4o-2024-11-20,1,203
200–400,essay-AAATRP14318000707770,essay-AAATRP14318000707770_human_written,0,227
400–600,essay-AAATRP14318000708969,essay-AAATRP14318000708969_ai_generated_qwen2.5-72b-instruct,2,495
400–600,essay-AAATRP14318000708969,essay-AAATRP14318000708969_ai_humanized_tool,3,556
400–600,essay-AAATRP14318000708969,essay-AAATRP14318000708969_human_ai_polished_claude-3-5-sonnet-20241022,1,491
400–600,essay-AAATRP14318000708969,essay-AAATRP14318000708969_human_written,0,485
200–400,essay-AAATRP14318000731735,essay-AAATRP14318000731735_ai_generated_claude-3-5-sonnet-20241022,2,240
200–400,essay-AAATRP14318000731735,essay-AAATRP14318000731735_ai_generated_claude-3-5-sonnet-20241022_THEN_gpt-4o-2024-11-20,2,228
200–400,essay-AAATRP14318000731735,essay-AAATRP14318000731735_human_ai_polished_gpt-4o-2024-11-20,1,245
200–400,essay-AAATRP14318000731735,essay-AAATRP14318000731735_human_written,0,229
200–400,essay-AAATRP14318000770830,essay-AAATRP14318000770830_ai_generated_claude-3-5-sonnet-20241022,2,354
200–400,essay-AAATRP14318000770830,essay-AAATRP14318000770830_ai_generated_claude-3-5-sonnet-20241022_THEN_gpt-3.5-turbo,2,390
200–400,essay-AAATRP14318000770830,essay-AAATRP14318000770830_human_ai_polished_gpt-3.5-turbo,1,346
200–400,essay-AAATRP14318000770830,essay-AAATRP14318000770830_human_written,0,361
200–400,essay-AAATRP14318000783045,essay-AAATRP14318000783045_ai_generated_claude-3-5-sonnet-20241022,2,335
200–400,essay-AAATRP14318000783045,essay-AAATRP14318000783045_ai_generated_claude-3-5-sonnet-20241022_THEN_gpt-3.5-turbo,2,375
200–400,essay-AAATRP14318000783045,essay-AAATRP14318000783045_human_ai_polished_gemini-1.5-pro-002,1,362
200–400,essay-AAATRP14318000783045,essay-AAATRP14318000783045_human_written,0,340
200–400,essay-AAATRP14318000790908,essay-AAATRP14318000790908_ai_generated_gpt-4o-2024-11-20,2,355
200–400,essay-AAATRP14318000790908,essay-AAATRP14318000790908_ai_generated_gpt-4o-2024-11-20_THEN_claude-3-5-sonnet-20241022,2,346
200–400,essay-AAATRP14318000790908,essay-AAATRP14318000790908_human_ai_polished_gemini-1.5-pro-002,1,376
200–400,essay-AAATRP14318000790908,essay-AAATRP14318000790908_human_written,0,345
0–200,essay-AAATRP14318000799368,essay-AAATRP14318000799368_ai_generated_gpt-3.5-turbo,2,166
0–200,essay-AAATRP14318000799368,essay-AAATRP14318000799368_ai_generated_gpt-3.5-turbo_THEN_gemini-1.5-pro-002,2,158
0–200,essay-AAATRP14318000799368,essay-AAATRP14318000799368_human_ai_polished_gpt-3.5-turbo,1,176
0–200,essay-AAATRP14318000799368,essay-AAATRP14318000799368_human_written,0,173
0–200,essay-AAATRP14318000812264,essay-AAATRP14318000812264_ai_generated_claude-3-5-sonnet-20241022,2,181
200–400,essay-AAATRP14318000812264,essay-AAATRP14318000812264_ai_humanized_tool,3,211
0–200,essay-AAATRP14318000812264,essay-AAATRP14318000812264_human_ai_polished_gpt-4o-2024-11-20,1,184
0–200,essay-AAATRP14318000812264,essay-AAATRP14318000812264_human_written,0,174
200–400,essay-AAATRP14318000824655,essay-AAATRP14318000824655_ai_generated_claude-3-5-sonnet-20241022,2,337
200–400,essay-AAATRP14318000824655,essay-AAATRP14318000824655_ai_generated_claude-3-5-sonnet-20241022_THEN_gpt-4o-2024-11-20,2,346
200–400,essay-AAATRP14318000824655,essay-AAATRP14318000824655_human_ai_polished_gpt-4o-2024-11-20,1,321
200–400,essay-AAATRP14318000824655,essay-AAATRP14318000824655_human_written,0,337
200–400,essay-AAATRP14318000853031,essay-AAATRP14318000853031_ai_generated_claude-3-5-sonnet-20241022,2,376
200–400,essay-AAATRP14318000853031,essay-AAATRP14318000853031_ai_generated_claude-3-5-sonnet-20241022_THEN_gpt-4o-2024-11-20,2,394
200–400,essay-AAATRP14318000853031,essay-AAATRP14318000853031_human_ai_polished_gpt-4o-2024-11-20,1,296
400–600,essay-AAATRP14318000853031,essay-AAATRP14318000853031_human_written,0,401
200–400,essay-AAATRP14318000864958,essay-AAATRP14318000864958_ai_generated_qwen2.5-72b-instruct,2,367
200–400,essay-AAATRP14318000864958,essay-AAATRP14318000864958_ai_generated_qwen2.5-72b-instruct_THEN_gpt-3.5-turbo,2,392
200–400,essay-AAATRP14318000864958,essay-AAATRP14318000864958_human_ai_polished_gpt-3.5-turbo,1,254
200–400,essay-AAATRP14318000864958,essay-AAATRP14318000864958_human_written,0,362
200–400,essay-AAATRP14318001040865,essay-AAATRP14318001040865_ai_generated_claude-3-5-sonnet-20241022,2,268
200–400,essay-AAATRP14318001040865,essay-AAATRP14318001040865_ai_generated_claude-3-5-sonnet-20241022_THEN_gpt-3.5-turbo,2,277
200–400,essay-AAATRP14318001040865,essay-AAATRP14318001040865_human_ai_polished_gpt-4o-2024-11-20,1,250
200–400,essay-AAATRP14318001040865,essay-AAATRP14318001040865_human_written,0,260
0–200,essay-AAATRP14318001076001,essay-AAATRP14318001076001_ai_generated_qwen2.5-72b-instruct,2,157
0–200,essay-AAATRP14318001076001,essay-AAATRP14318001076001_ai_generated_qwen2.5-72b-instruct_THEN_gpt-4o-2024-11-20,2,172
0–200,essay-AAATRP14318001076001,essay-AAATRP14318001076001_human_ai_polished_gpt-3.5-turbo,1,153
0–200,essay-AAATRP14318001076001,essay-AAATRP14318001076001_human_written,0,165
200–400,essay-AAAVUP14319000013663,essay-AAAVUP14319000013663_ai_generated_llama-3.3-70b-instruct,2,218
200–400,essay-AAAVUP14319000013663,essay-AAAVUP14319000013663_ai_generated_llama-3.3-70b-instruct_THEN_claude-3-5-sonnet-20241022,2,220
200–400,essay-AAAVUP14319000013663,essay-AAAVUP14319000013663_human_ai_polished_gpt-3.5-turbo,1,222
200–400,essay-AAAVUP14319000013663,essay-AAAVUP14319000013663_human_written,0,221
0–200,essay-AAAVUP14319000025542,essay-AAAVUP14319000025542_ai_generated_claude-3-5-sonnet-20241022,2,150
0–200,essay-AAAVUP14319000025542,essay-AAAVUP14319000025542_ai_generated_claude-3-5-sonnet-20241022_THEN_gpt-4o-2024-11-20,2,161
0–200,essay-AAAVUP14319000025542,essay-AAAVUP14319000025542_human_ai_polished_gemini-1.5-pro-002,1,148
0–200,essay-AAAVUP14319000025542,essay-AAAVUP14319000025542_human_written,0,163
200–400,essay-AAAVUP14319000031934,essay-AAAVUP14319000031934_ai_generated_llama-3.3-70b-instruct,2,276
200–400,essay-AAAVUP14319000031934,essay-AAAVUP14319000031934_ai_generated_llama-3.3-70b-instruct_THEN_gemini-1.5-pro-002,2,291
200–400,essay-AAAVUP14319000031934,essay-AAAVUP14319000031934_human_ai_polished_gpt-3.5-turbo,1,213
200–400,essay-AAAVUP14319000031934,essay-AAAVUP14319000031934_human_written,0,253
0–200,essay-AAAVUP14319000032278,essay-AAAVUP14319000032278_ai_generated_gpt-3.5-turbo,2,146
0–200,essay-AAAVUP14319000032278,essay-AAAVUP14319000032278_ai_humanized_tool,3,165
0–200,essay-AAAVUP14319000032278,essay-AAAVUP14319000032278_human_ai_polished_gpt-3.5-turbo,1,155
0–200,essay-AAAVUP14319000032278,essay-AAAVUP14319000032278_human_written,0,171
200–400,essay-AAAVUP14319000033016,essay-AAAVUP14319000033016_ai_generated_gpt-3.5-turbo,2,345
200–400,essay-AAAVUP14319000033016,essay-AAAVUP14319000033016_ai_generated_gpt-3.5-turbo_THEN_gpt-4o-2024-11-20,2,390
200–400,essay-AAAVUP14319000033016,essay-AAAVUP14319000033016_human_ai_polished_gpt-4o-2024-11-20,1,235
200–400,essay-AAAVUP14319000033016,essay-AAAVUP14319000033016_human_written,0,374
200–400,essay-AAAVUP14319000033257,essay-AAAVUP14319000033257_ai_generated_qwen2.5-72b-instruct,2,368
400–600,essay-AAAVUP14319000033257,essay-AAAVUP14319000033257_ai_humanized_tool,3,460
200–400,essay-AAAVUP14319000033257,essay-AAAVUP14319000033257_human_ai_polished_gpt-4o-2024-11-20,1,222
200–400,essay-AAAVUP14319000033257,essay-AAAVUP14319000033257_human_written,0,352
200–400,essay-AAAVUP14319000036004,essay-AAAVUP14319000036004_ai_generated_claude-3-5-sonnet-20241022,2,304
200–400,essay-AAAVUP14319000036004,essay-AAAVUP14319000036004_ai_generated_claude-3-5-sonnet-20241022_THEN_claude-3-5-sonnet-20241022,2,271
200–400,essay-AAAVUP14319000036004,essay-AAAVUP14319000036004_human_ai_polished_gpt-3.5-turbo,1,299
200–400,essay-AAAVUP14319000036004,essay-AAAVUP14319000036004_human_written,0,346
400–600,essay-AAAVUP14319000038223,essay-AAAVUP14319000038223_ai_generated_claude-3-5-sonnet-20241022,2,463
400–600,essay-AAAVUP14319000038223,essay-AAAVUP14319000038223_ai_generated_claude-3-5-sonnet-20241022_THEN_gpt-3.5-turbo,2,475
400–600,essay-AAAVUP14319000038223,essay-AAAVUP14319000038223_human_ai_polished_claude-3-5-sonnet-20241022,1,455
400–600,essay-AAAVUP14319000038223,essay-AAAVUP14319000038223_human_written,0,583
200–400,essay-AAAVUP14319000040197,essay-AAAVUP14319000040197_ai_generated_llama-3.3-70b-instruct,2,319
200–400,essay-AAAVUP14319000040197,essay-AAAVUP14319000040197_ai_generated_llama-3.3-70b-instruct_THEN_gemini-1.5-pro-002,2,333
200–400,essay-AAAVUP14319000040197,essay-AAAVUP14319000040197_human_ai_polished_claude-3-5-sonnet-20241022,1,332
200–400,essay-AAAVUP14319000040197,essay-AAAVUP14319000040197_human_written,0,339
200–400,essay-AAAVUP14319000043624,essay-AAAVUP14319000043624_ai_generated_gpt-3.5-turbo,2,236
200–400,essay-AAAVUP14319000043624,essay-AAAVUP14319000043624_ai_humanized_tool,3,298
200–400,essay-AAAVUP14319000043624,essay-AAAVUP14319000043624_human_ai_polished_gpt-3.5-turbo,1,244
200–400,essay-AAAVUP14319000043624,essay-AAAVUP14319000043624_human_written,0,249
200–400,essay-AAAVUP14319000043686,essay-AAAVUP14319000043686_ai_generated_gpt-4o-2024-11-20,2,251
200–400,essay-AAAVUP14319000043686,essay-AAAVUP14319000043686_ai_generated_gpt-4o-2024-11-20_THEN_gpt-3.5-turbo,2,272
200–400,essay-AAAVUP14319000043686,essay-AAAVUP14319000043686_human_ai_polished_gpt-4o-2024-11-20,1,242
200–400,essay-AAAVUP14319000043686,essay-AAAVUP14319000043686_human_written,0,247
200–400,essay-AAAVUP14319000047276,essay-AAAVUP14319000047276_ai_generated_qwen2.5-72b-instruct,2,304
200–400,essay-AAAVUP14319000047276,essay-AAAVUP14319000047276_ai_humanized_tool,3,383
200–400,essay-AAAVUP14319000047276,essay-AAAVUP14319000047276_human_ai_polished_claude-3-5-sonnet-20241022,1,323
200–400,essay-AAAVUP14319000047276,essay-AAAVUP14319000047276_human_written,0,326
200–400,essay-AAAVUP14319000049164,essay-AAAVUP14319000049164_ai_generated_gemini-1.5-pro-002,2,396
400–600,essay-AAAVUP14319000049164,essay-AAAVUP14319000049164_ai_generated_gemini-1.5-pro-002_THEN_gemini-1.5-pro-002,2,415
200–400,essay-AAAVUP14319000049164,essay-AAAVUP14319000049164_human_ai_polished_gpt-4o-2024-11-20,1,210
200–400,essay-AAAVUP14319000049164,essay-AAAVUP14319000049164_human_written,0,389
200–400,essay-AAAVUP14319000050841,essay-AAAVUP14319000050841_ai_generated_qwen2.5-72b-instruct,2,216
200–400,essay-AAAVUP14319000050841,essay-AAAVUP14319000050841_ai_generated_qwen2.5-72b-instruct_THEN_gemini-1.5-pro-002,2,212
200–400,essay-AAAVUP14319000050841,essay-AAAVUP14319000050841_human_ai_polished_claude-3-5-sonnet-20241022,1,239
200–400,essay-AAAVUP14319000050841,essay-AAAVUP14319000050841_human_written,0,264
200–400,essay-AAAVUP14319000050884,essay-AAAVUP14319000050884_ai_generated_gpt-4o-2024-11-20,2,260
200–400,essay-AAAVUP14319000050884,essay-AAAVUP14319000050884_ai_generated_gpt-4o-2024-11-20_THEN_claude-3-5-sonnet-20241022,2,275
0–200,essay-AAAVUP14319000050884,essay-AAAVUP14319000050884_human_ai_polished_gpt-3.5-turbo,1,193
200–400,essay-AAAVUP14319000050884,essay-AAAVUP14319000050884_human_written,0,284
200–400,essay-AAAVUP14319000054463,essay-AAAVUP14319000054463_ai_generated_gpt-3.5-turbo,2,329
200–400,essay-AAAVUP14319000054463,essay-AAAVUP14319000054463_ai_generated_gpt-3.5-turbo_THEN_gpt-4o-2024-11-20,2,360
200–400,essay-AAAVUP14319000054463,essay-AAAVUP14319000054463_human_ai_polished_claude-3-5-sonnet-20241022,1,350
200–400,essay-AAAVUP14319000054463,essay-AAAVUP14319000054463_human_written,0,341
200–400,essay-AAAVUP14319000058261,essay-AAAVUP14319000058261_ai_generated_gemini-1.5-pro-002,2,301
200–400,essay-AAAVUP14319000058261,essay-AAAVUP14319000058261_ai_generated_gemini-1.5-pro-002_THEN_gemini-1.5-pro-002,2,287
200–400,essay-AAAVUP14319000058261,essay-AAAVUP14319000058261_human_ai_polished_gpt-4o-2024-11-20,1,306
200–400,essay-AAAVUP14319000058261,essay-AAAVUP14319000058261_human_written,0,336
0–200,essay-AAAVUP14319000059619,essay-AAAVUP14319000059619_ai_generated_llama-3.3-70b-instruct,2,188
0–200,essay-AAAVUP14319000059619,essay-AAAVUP14319000059619_ai_generated_llama-3.3-70b-instruct_THEN_gpt-4o-2024-11-20,2,186
0–200,essay-AAAVUP14319000059619,essay-AAAVUP14319000059619_human_ai_polished_claude-3-5-sonnet-20241022,1,197
0–200,essay-AAAVUP14319000059619,essay-AAAVUP14319000059619_human_written,0,197
200–400,essay-AAAVUP14319000078192,essay-AAAVUP14319000078192_ai_generated_gemini-1.5-pro-002,2,359
400–600,essay-AAAVUP14319000078192,essay-AAAVUP14319000078192_ai_humanized_tool,3,429
200–400,essay-AAAVUP14319000078192,essay-AAAVUP14319000078192_human_ai_polished_claude-3-5-sonnet-20241022,1,356
200–400,essay-AAAVUP14319000078192,essay-AAAVUP14319000078192_human_written,0,377
200–400,essay-AAAVUP14319000081483,essay-AAAVUP14319000081483_ai_generated_gpt-4o-2024-11-20,2,203
200–400,essay-AAAVUP14319000081483,essay-AAAVUP14319000081483_ai_generated_gpt-4o-2024-11-20_THEN_claude-3-5-sonnet-20241022,2,205
200–400,essay-AAAVUP14319000081483,essay-AAAVUP14319000081483_human_ai_polished_claude-3-5-sonnet-20241022,1,202
200–400,essay-AAAVUP14319000081483,essay-AAAVUP14319000081483_human_written,0,222
200–400,essay-AAAVUP14319000087463,essay-AAAVUP14319000087463_ai_generated_gpt-3.5-turbo,2,217
200–400,essay-AAAVUP14319000087463,essay-AAAVUP14319000087463_ai_generated_gpt-3.5-turbo_THEN_claude-3-5-sonnet-20241022,2,250
200–400,essay-AAAVUP14319000087463,essay-AAAVUP14319000087463_human_ai_polished_gpt-4o-2024-11-20,1,205
200–400,essay-AAAVUP14319000087463,essay-AAAVUP14319000087463_human_written,0,229
200–400,essay-AAAVUP14319000091065,essay-AAAVUP14319000091065_ai_generated_gpt-3.5-turbo,2,248
200–400,essay-AAAVUP14319000091065,essay-AAAVUP14319000091065_ai_humanized_tool,3,290
200–400,essay-AAAVUP14319000091065,essay-AAAVUP14319000091065_human_ai_polished_claude-3-5-sonnet-20241022,1,248
200–400,essay-AAAVUP14319000091065,essay-AAAVUP14319000091065_human_written,0,264
200–400,essay-AAAVUP14319000093862,essay-AAAVUP14319000093862_ai_generated_qwen2.5-72b-instruct,2,297
200–400,essay-AAAVUP14319000093862,essay-AAAVUP14319000093862_ai_generated_qwen2.5-72b-instruct_THEN_gpt-3.5-turbo,2,355
200–400,essay-AAAVUP14319000093862,essay-AAAVUP14319000093862_human_ai_polished_gpt-4o-2024-11-20,1,297
200–400,essay-AAAVUP14319000093862,essay-AAAVUP14319000093862_human_written,0,310
200–400,essay-AAAVUP14319000102827,essay-AAAVUP14319000102827_ai_generated_gpt-4o-2024-11-20,2,264
200–400,essay-AAAVUP14319000102827,essay-AAAVUP14319000102827_ai_generated_gpt-4o-2024-11-20_THEN_gemini-1.5-pro-002,2,256
200–400,essay-AAAVUP14319000102827,essay-AAAVUP14319000102827_human_ai_polished_gpt-3.5-turbo,1,248
200–400,essay-AAAVUP14319000102827,essay-AAAVUP14319000102827_human_written,0,275
200–400,essay-AAAVUP14319000103391,essay-AAAVUP14319000103391_ai_generated_claude-3-5-sonnet-20241022,2,272
200–400,essay-AAAVUP14319000103391,essay-AAAVUP14319000103391_ai_generated_claude-3-5-sonnet-20241022_THEN_claude-3-5-sonnet-20241022,2,261
200–400,essay-AAAVUP14319000103391,essay-AAAVUP14319000103391_human_ai_polished_gpt-3.5-turbo,1,276
200–400,essay-AAAVUP14319000103391,essay-AAAVUP14319000103391_human_written,0,233
200–400,essay-AAAVUP14319000106460,essay-AAAVUP14319000106460_ai_generated_gpt-3.5-turbo,2,330
200–400,essay-AAAVUP14319000106460,essay-AAAVUP14319000106460_ai_generated_gpt-3.5-turbo_THEN_gpt-4o-2024-11-20,2,331
200–400,essay-AAAVUP14319000106460,essay-AAAVUP14319000106460_human_ai_polished_gemini-1.5-pro-002,1,344
200–400,essay-AAAVUP14319000106460,essay-AAAVUP14319000106460_human_written,0,339
200–400,essay-AAAVUP14319000109880,essay-AAAVUP14319000109880_ai_generated_gemini-1.5-pro-002,2,230
200–400,essay-AAAVUP14319000109880,essay-AAAVUP14319000109880_ai_humanized_human,3,214
200–400,essay-AAAVUP14319000109880,essay-AAAVUP14319000109880_human_ai_polished_claude-3-5-sonnet-20241022,1,207
200–400,essay-AAAVUP14319000109880,essay-AAAVUP14319000109880_human_written,0,205
0–200,essay-AAAVUP14319000112977,essay-AAAVUP14319000112977_ai_generated_llama-3.3-70b-instruct,2,121
0–200,essay-AAAVUP14319000112977,essay-AAAVUP14319000112977_ai_generated_llama-3.3-70b-instruct_THEN_gemini-1.5-pro-002,2,132
0–200,essay-AAAVUP14319000112977,essay-AAAVUP14319000112977_human_ai_polished_claude-3-5-sonnet-20241022,1,123
0–200,essay-AAAVUP14319000112977,essay-AAAVUP14319000112977_human_written,0,125
200–400,essay-AAAVUP14319000118502,essay-AAAVUP14319000118502_ai_generated_claude-3-5-sonnet-20241022,2,226
200–400,essay-AAAVUP14319000118502,essay-AAAVUP14319000118502_ai_generated_claude-3-5-sonnet-20241022_THEN_claude-3-5-sonnet-20241022,2,239
200–400,essay-AAAVUP14319000118502,essay-AAAVUP14319000118502_human_ai_polished_gpt-3.5-turbo,1,228
200–400,essay-AAAVUP14319000118502,essay-AAAVUP14319000118502_human_written,0,248
200–400,essay-AAAVUP14319000128909,essay-AAAVUP14319000128909_ai_generated_qwen2.5-72b-instruct,2,205
200–400,essay-AAAVUP14319000128909,essay-AAAVUP14319000128909_ai_generated_qwen2.5-72b-instruct_THEN_gpt-3.5-turbo,2,214
200–400,essay-AAAVUP14319000128909,essay-AAAVUP14319000128909_human_ai_polished_gemini-1.5-pro-002,1,218
200–400,essay-AAAVUP14319000128909,essay-AAAVUP14319000128909_human_written,0,209
0–200,essay-AAAVUP14319000131990,essay-AAAVUP14319000131990_ai_generated_qwen2.5-72b-instruct,2,198
200–400,essay-AAAVUP14319000131990,essay-AAAVUP14319000131990_ai_generated_qwen2.5-72b-instruct_THEN_gpt-3.5-turbo,2,213
200–400,essay-AAAVUP14319000131990,essay-AAAVUP14319000131990_human_ai_polished_gpt-3.5-turbo,1,200
0–200,essay-AAAVUP14319000131990,essay-AAAVUP14319000131990_human_written,0,196
200–400,essay-AAAVUP14319000135745,essay-AAAVUP14319000135745_ai_generated_gpt-3.5-turbo,2,225
200–400,essay-AAAVUP14319000135745,essay-AAAVUP14319000135745_ai_generated_gpt-3.5-turbo_THEN_gpt-3.5-turbo,2,205
200–400,essay-AAAVUP14319000135745,essay-AAAVUP14319000135745_human_ai_polished_gpt-3.5-turbo,1,220
200–400,essay-AAAVUP14319000135745,essay-AAAVUP14319000135745_human_written,0,261
0–200,essay-AAAVUP14319000138580,essay-AAAVUP14319000138580_ai_generated_gpt-3.5-turbo,2,189
200–400,essay-AAAVUP14319000138580,essay-AAAVUP14319000138580_ai_generated_gpt-3.5-turbo_THEN_gemini-1.5-pro-002,2,223
0–200,essay-AAAVUP14319000138580,essay-AAAVUP14319000138580_human_ai_polished_claude-3-5-sonnet-20241022,1,195
200–400,essay-AAAVUP14319000138580,essay-AAAVUP14319000138580_human_written,0,217
0–200,essay-AAAVUP14319000139033,essay-AAAVUP14319000139033_ai_generated_llama-3.3-70b-instruct,2,131
0–200,essay-AAAVUP14319000139033,essay-AAAVUP14319000139033_ai_generated_llama-3.3-70b-instruct_THEN_gpt-4o-2024-11-20,2,149
0–200,essay-AAAVUP14319000139033,essay-AAAVUP14319000139033_human_ai_polished_claude-3-5-sonnet-20241022,1,145
0–200,essay-AAAVUP14319000139033,essay-AAAVUP14319000139033_human_written,0,149
200–400,essay-AAAVUP14319000139262,essay-AAAVUP14319000139262_ai_generated_gpt-3.5-turbo,2,235
200–400,essay-AAAVUP14319000139262,essay-AAAVUP14319000139262_ai_generated_gpt-3.5-turbo_THEN_gpt-4o-2024-11-20,2,242
200–400,essay-AAAVUP14319000139262,essay-AAAVUP14319000139262_human_ai_polished_gpt-4o-2024-11-20,1,238
200–400,essay-AAAVUP14319000139262,essay-AAAVUP14319000139262_human_written,0,256
200–400,essay-AAAVUP14319000140464,essay-AAAVUP14319000140464_ai_generated_claude-3-5-sonnet-20241022,2,359
200–400,essay-AAAVUP14319000140464,essay-AAAVUP14319000140464_ai_generated_claude-3-5-sonnet-20241022_THEN_gpt-3.5-turbo,2,361
200–400,essay-AAAVUP14319000140464,essay-AAAVUP14319000140464_human_ai_polished_gpt-3.5-turbo,1,348
200–400,essay-AAAVUP14319000140464,essay-AAAVUP14319000140464_human_written,0,353
200–400,essay-AAAVUP14319000144238,essay-AAAVUP14319000144238_ai_generated_claude-3-5-sonnet-20241022,2,301
200–400,essay-AAAVUP14319000144238,essay-AAAVUP14319000144238_ai_generated_claude-3-5-sonnet-20241022_THEN_gemini-1.5-pro-002,2,325
200–400,essay-AAAVUP14319000144238,essay-AAAVUP14319000144238_human_ai_polished_claude-3-5-sonnet-20241022,1,302
200–400,essay-AAAVUP14319000144238,essay-AAAVUP14319000144238_human_written,0,295
0–200,essay-AAAVUP14319000146311,essay-AAAVUP14319000146311_ai_generated_llama-3.3-70b-instruct,2,184
200–400,essay-AAAVUP14319000146311,essay-AAAVUP14319000146311_ai_humanized_tool,3,205
0–200,essay-AAAVUP14319000146311,essay-AAAVUP14319000146311_human_ai_polished_claude-3-5-sonnet-20241022,1,176
0–200,essay-AAAVUP14319000146311,essay-AAAVUP14319000146311_human_written,0,188
200–400,essay-AAAVUP14319000148429,essay-AAAVUP14319000148429_ai_generated_gpt-3.5-turbo,2,260
200–400,essay-AAAVUP14319000148429,essay-AAAVUP14319000148429_ai_generated_gpt-3.5-turbo_THEN_claude-3-5-sonnet-20241022,2,242
200–400,essay-AAAVUP14319000148429,essay-AAAVUP14319000148429_human_ai_polished_claude-3-5-sonnet-20241022,1,244
200–400,essay-AAAVUP14319000148429,essay-AAAVUP14319000148429_human_written,0,267
200–400,essay-AAAVUP14319000153134,essay-AAAVUP14319000153134_ai_generated_gpt-4o-2024-11-20,2,227
200–400,essay-AAAVUP14319000153134,essay-AAAVUP14319000153134_ai_generated_gpt-4o-2024-11-20_THEN_gpt-3.5-turbo,2,253
200–400,essay-AAAVUP14319000153134,essay-AAAVUP14319000153134_human_ai_polished_claude-3-5-sonnet-20241022,1,229
200–400,essay-AAAVUP14319000153134,essay-AAAVUP14319000153134_human_written,0,222
0–200,essay-AAAVUP14319000156196,essay-AAAVUP14319000156196_ai_generated_llama-3.3-70b-instruct,2,114
0–200,essay-AAAVUP14319000156196,essay-AAAVUP14319000156196_ai_humanized_tool,3,126
0–200,essay-AAAVUP14319000156196,essay-AAAVUP14319000156196_human_ai_polished_gpt-4o-2024-11-20,1,112
0–200,essay-AAAVUP14319000156196,essay-AAAVUP14319000156196_human_written,0,115
400–600,news-00551a40d95615fc85a1a9ad49924a05,news-00551a40d95615fc85a1a9ad49924a05_ai_generated_gemini-1.5-pro-002,2,428
400–600,news-00551a40d95615fc85a1a9ad49924a05,news-00551a40d95615fc85a1a9ad49924a05_ai_generated_gemini-1.5-pro-002_THEN_gpt-4o-2024-11-20,2,415
400–600,news-00551a40d95615fc85a1a9ad49924a05,news-00551a40d95615fc85a1a9ad49924a05_human_ai_polished_gpt-3.5-turbo,1,446
400–600,news-00551a40d95615fc85a1a9ad49924a05,news-00551a40d95615fc85a1a9ad49924a05_human_written,0,421
400–600,news-01be309704948caeeca80acdcc0d99ba,news-01be309704948caeeca80acdcc0d99ba_ai_generated_gemini-1.5-pro-002,2,521
400–600,news-01be309704948caeeca80acdcc0d99ba,news-01be309704948caeeca80acdcc0d99ba_ai_humanized_human,3,561
400–600,news-01be309704948caeeca80acdcc0d99ba,news-01be309704948caeeca80acdcc0d99ba_human_ai_polished_gpt-3.5-turbo,1,598
400–600,news-01be309704948caeeca80acdcc0d99ba,news-01be309704948caeeca80acdcc0d99ba_human_written,0,522
600–800,news-03b5f2e3e1b0fcf4ed77c8b73c8c1654,news-03b5f2e3e1b0fcf4ed77c8b73c8c1654_ai_generated_gpt-3.5-turbo,2,609
600–800,news-03b5f2e3e1b0fcf4ed77c8b73c8c1654,news-03b5f2e3e1b0fcf4ed77c8b73c8c1654_ai_generated_gpt-3.5-turbo_THEN_gemini-1.5-pro-002,2,649
600–800,news-03b5f2e3e1b0fcf4ed77c8b73c8c1654,news-03b5f2e3e1b0fcf4ed77c8b73c8c1654_human_ai_polished_claude-3-5-sonnet-20241022,1,677
600–800,news-03b5f2e3e1b0fcf4ed77c8b73c8c1654,news-03b5f2e3e1b0fcf4ed77c8b73c8c1654_human_written,0,652
200–400,news-046276cc0afd838e6a23e8e6608e54b7,news-046276cc0afd838e6a23e8e6608e54b7_ai_generated_llama-3.3-70b-instruct,2,356
200–400,news-046276cc0afd838e6a23e8e6608e54b7,news-046276cc0afd838e6a23e8e6608e54b7_ai_humanized_human,3,374
400–600,news-046276cc0afd838e6a23e8e6608e54b7,news-046276cc0afd838e6a23e8e6608e54b7_human_ai_polished_claude-3-5-sonnet-20241022,1,405
200–400,news-046276cc0afd838e6a23e8e6608e54b7,news-046276cc0afd838e6a23e8e6608e54b7_human_written,0,375
0–200,news-0466533d500f062c412070a262cf7311,news-0466533d500f062c412070a262cf7311_ai_generated_gemini-1.5-pro-002,2,75
0–200,news-0466533d500f062c412070a262cf7311,news-0466533d500f062c412070a262cf7311_ai_generated_gemini-1.5-pro-002_THEN_gpt-4o-2024-11-20,2,72
0–200,news-0466533d500f062c412070a262cf7311,news-0466533d500f062c412070a262cf7311_human_ai_polished_gpt-3.5-turbo,1,88
0–200,news-0466533d500f062c412070a262cf7311,news-0466533d500f062c412070a262cf7311_human_written,0,89
400–600,news-06b5734dcf86445dd34c373db98a0f1d,news-06b5734dcf86445dd34c373db98a0f1d_ai_generated_claude-3-5-sonnet-20241022,2,423
400–600,news-06b5734dcf86445dd34c373db98a0f1d,news-06b5734dcf86445dd34c373db98a0f1d_ai_humanized_human,3,431
400–600,news-06b5734dcf86445dd34c373db98a0f1d,news-06b5734dcf86445dd34c373db98a0f1d_human_ai_polished_gpt-4o-2024-11-20,1,498
400–600,news-06b5734dcf86445dd34c373db98a0f1d,news-06b5734dcf86445dd34c373db98a0f1d_human_written,0,409
200–400,news-0792139bd891ca3570bed6657db627e5,news-0792139bd891ca3570bed6657db627e5_ai_generated_llama-3.3-70b-instruct,2,320
200–400,news-0792139bd891ca3570bed6657db627e5,news-0792139bd891ca3570bed6657db627e5_ai_generated_llama-3.3-70b-instruct_THEN_gpt-3.5-turbo,2,327
200–400,news-0792139bd891ca3570bed6657db627e5,news-0792139bd891ca3570bed6657db627e5_human_ai_polished_claude-3-5-sonnet-20241022,1,317
200–400,news-0792139bd891ca3570bed6657db627e5,news-0792139bd891ca3570bed6657db627e5_human_written,0,328
400–600,news-08b45090bb7017d1d3e92d0a3503cf09,news-08b45090bb7017d1d3e92d0a3503cf09_ai_generated_claude-3-5-sonnet-20241022,2,418
200–400,news-08b45090bb7017d1d3e92d0a3503cf09,news-08b45090bb7017d1d3e92d0a3503cf09_ai_humanized_tool,3,352
400–600,news-08b45090bb7017d1d3e92d0a3503cf09,news-08b45090bb7017d1d3e92d0a3503cf09_human_ai_polished_gpt-4o-2024-11-20,1,420
400–600,news-08b45090bb7017d1d3e92d0a3503cf09,news-08b45090bb7017d1d3e92d0a3503cf09_human_written,0,412
400–600,news-08efafdf87e36c0ed09fbf7f075dc381,news-08efafdf87e36c0ed09fbf7f075dc381_ai_generated_claude-3-5-sonnet-20241022,2,460
400–600,news-08efafdf87e36c0ed09fbf7f075dc381,news-08efafdf87e36c0ed09fbf7f075dc381_ai_generated_claude-3-5-sonnet-20241022_THEN_claude-3-5-sonnet-20241022,2,452
400–600,news-08efafdf87e36c0ed09fbf7f075dc381,news-08efafdf87e36c0ed09fbf7f075dc381_human_ai_polished_claude-3-5-sonnet-20241022,1,472
400–600,news-08efafdf87e36c0ed09fbf7f075dc381,news-08efafdf87e36c0ed09fbf7f075dc381_human_written,0,460
200–400,news-092ef1ddb157816c9632c81c8b95065f,news-092ef1ddb157816c9632c81c8b95065f_ai_generated_gemini-1.5-pro-002,2,230
200–400,news-092ef1ddb157816c9632c81c8b95065f,news-092ef1ddb157816c9632c81c8b95065f_ai_humanized_tool,3,236
200–400,news-092ef1ddb157816c9632c81c8b95065f,news-092ef1ddb157816c9632c81c8b95065f_human_ai_polished_gpt-3.5-turbo,1,255
200–400,news-092ef1ddb157816c9632c81c8b95065f,news-092ef1ddb157816c9632c81c8b95065f_human_written,0,236
200–400,news-093a368c62f032025aa3c6b6cdba0e76,news-093a368c62f032025aa3c6b6cdba0e76_ai_generated_gemini-1.5-pro-002,2,240
200–400,news-093a368c62f032025aa3c6b6cdba0e76,news-093a368c62f032025aa3c6b6cdba0e76_ai_humanized_human,3,242
200–400,news-093a368c62f032025aa3c6b6cdba0e76,news-093a368c62f032025aa3c6b6cdba0e76_human_ai_polished_claude-3-5-sonnet-20241022,1,222
200–400,news-093a368c62f032025aa3c6b6cdba0e76,news-093a368c62f032025aa3c6b6cdba0e76_human_written,0,223
200–400,news-09d38a081e28d36346815fb528e25aa3,news-09d38a081e28d36346815fb528e25aa3_ai_generated_gpt-3.5-turbo,2,259
200–400,news-09d38a081e28d36346815fb528e25aa3,news-09d38a081e28d36346815fb528e25aa3_ai_generated_gpt-3.5-turbo_THEN_gpt-3.5-turbo,2,287
200–400,news-09d38a081e28d36346815fb528e25aa3,news-09d38a081e28d36346815fb528e25aa3_human_ai_polished_gemini-1.5-pro-002,1,273
200–400,news-09d38a081e28d36346815fb528e25aa3,news-09d38a081e28d36346815fb528e25aa3_human_written,0,274
200–400,news-0c669dbb536f0c05f45987587a91ab32,news-0c669dbb536f0c05f45987587a91ab32_ai_generated_claude-3-5-sonnet-20241022,2,244
200–400,news-0c669dbb536f0c05f45987587a91ab32,news-0c669dbb536f0c05f45987587a91ab32_ai_generated_claude-3-5-sonnet-20241022_THEN_gpt-4o-2024-11-20,2,248
200–400,news-0c669dbb536f0c05f45987587a91ab32,news-0c669dbb536f0c05f45987587a91ab32_human_ai_polished_gemini-1.5-pro-002,1,328
0–200,news-0c669dbb536f0c05f45987587a91ab32,news-0c669dbb536f0c05f45987587a91ab32_human_written,0,199
200–400,news-0e74ac07c832a35a88f0d4fd01436ba2,news-0e74ac07c832a35a88f0d4fd01436ba2_ai_generated_gpt-3.5-turbo,2,345
200–400,news-0e74ac07c832a35a88f0d4fd01436ba2,news-0e74ac07c832a35a88f0d4fd01436ba2_ai_generated_gpt-3.5-turbo_THEN_claude-3-5-sonnet-20241022,2,359
200–400,news-0e74ac07c832a35a88f0d4fd01436ba2,news-0e74ac07c832a35a88f0d4fd01436ba2_human_ai_polished_gpt-3.5-turbo,1,386
200–400,news-0e74ac07c832a35a88f0d4fd01436ba2,news-0e74ac07c832a35a88f0d4fd01436ba2_human_written,0,392
600–800,news-0f5ef28dd75d009edbfbd89163eac5ce,news-0f5ef28dd75d009edbfbd89163eac5ce_ai_generated_gpt-3.5-turbo,2,668
600–800,news-0f5ef28dd75d009edbfbd89163eac5ce,news-0f5ef28dd75d009edbfbd89163eac5ce_ai_generated_gpt-3.5-turbo_THEN_claude-3-5-sonnet-20241022,2,715
600–800,news-0f5ef28dd75d009edbfbd89163eac5ce,news-0f5ef28dd75d009edbfbd89163eac5ce_human_ai_polished_claude-3-5-sonnet-20241022,1,617
600–800,news-0f5ef28dd75d009edbfbd89163eac5ce,news-0f5ef28dd75d009edbfbd89163eac5ce_human_written,0,630
400–600,news-109f884ca0de62b013163b1748104d78,news-109f884ca0de62b013163b1748104d78_ai_generated_llama-3.3-70b-instruct,2,550
400–600,news-109f884ca0de62b013163b1748104d78,news-109f884ca0de62b013163b1748104d78_ai_generated_llama-3.3-70b-instruct_THEN_claude-3-5-sonnet-20241022,2,544
400–600,news-109f884ca0de62b013163b1748104d78,news-109f884ca0de62b013163b1748104d78_human_ai_polished_claude-3-5-sonnet-20241022,1,527
400–600,news-109f884ca0de62b013163b1748104d78,news-109f884ca0de62b013163b1748104d78_human_written,0,551
200–400,news-1256c08e120ee963cb7b4531fc34259a,news-1256c08e120ee963cb7b4531fc34259a_ai_generated_claude-3-5-sonnet-20241022,2,346
200–400,news-1256c08e120ee963cb7b4531fc34259a,news-1256c08e120ee963cb7b4531fc34259a_ai_generated_claude-3-5-sonnet-20241022_THEN_gpt-4o-2024-11-20,2,367
200–400,news-1256c08e120ee963cb7b4531fc34259a,news-1256c08e120ee963cb7b4531fc34259a_human_ai_polished_gemini-1.5-pro-002,1,361
200–400,news-1256c08e120ee963cb7b4531fc34259a,news-1256c08e120ee963cb7b4531fc34259a_human_written,0,350
0–200,news-125d65e249799d77700f0dde79cdf1e8,news-125d65e249799d77700f0dde79cdf1e8_ai_generated_llama-3.3-70b-instruct,2,42
0–200,news-125d65e249799d77700f0dde79cdf1e8,news-125d65e249799d77700f0dde79cdf1e8_ai_generated_llama-3.3-70b-instruct_THEN_gpt-4o-2024-11-20,2,48
0–200,news-125d65e249799d77700f0dde79cdf1e8,news-125d65e249799d77700f0dde79cdf1e8_human_ai_polished_gemini-1.5-pro-002,1,35
0–200,news-125d65e249799d77700f0dde79cdf1e8,news-125d65e249799d77700f0dde79cdf1e8_human_written,0,26
400–600,news-1301fa091b511070a8a400922ebddf73,news-1301fa091b511070a8a400922ebddf73_ai_generated_gemini-1.5-pro-002,2,486
400–600,news-1301fa091b511070a8a400922ebddf73,news-1301fa091b511070a8a400922ebddf73_ai_generated_gemini-1.5-pro-002_THEN_gpt-3.5-turbo,2,443
600–800,news-1301fa091b511070a8a400922ebddf73,news-1301fa091b511070a8a400922ebddf73_human_ai_polished_claude-3-5-sonnet-20241022,1,601
400–600,news-1301fa091b511070a8a400922ebddf73,news-1301fa091b511070a8a400922ebddf73_human_written,0,579
400–600,news-13b47cd1539776e5600db71f83c73788,news-13b47cd1539776e5600db71f83c73788_ai_generated_gpt-3.5-turbo,2,464
400–600,news-13b47cd1539776e5600db71f83c73788,news-13b47cd1539776e5600db71f83c73788_ai_humanized_tool,3,570
400–600,news-13b47cd1539776e5600db71f83c73788,news-13b47cd1539776e5600db71f83c73788_human_ai_polished_gpt-3.5-turbo,1,481
400–600,news-13b47cd1539776e5600db71f83c73788,news-13b47cd1539776e5600db71f83c73788_human_written,0,494
200–400,news-197b9fc0a056ef7cf751d8e414898b61,news-197b9fc0a056ef7cf751d8e414898b61_ai_generated_gpt-3.5-turbo,2,297
200–400,news-197b9fc0a056ef7cf751d8e414898b61,news-197b9fc0a056ef7cf751d8e414898b61_ai_generated_gpt-3.5-turbo_THEN_gpt-4o-2024-11-20,2,296
200–400,news-197b9fc0a056ef7cf751d8e414898b61,news-197b9fc0a056ef7cf751d8e414898b61_human_ai_polished_claude-3-5-sonnet-20241022,1,339
200–400,news-197b9fc0a056ef7cf751d8e414898b61,news-197b9fc0a056ef7cf751d8e414898b61_human_written,0,342
400–600,news-198329c9a1e1f4bd9acb5b7f01e22109,news-198329c9a1e1f4bd9acb5b7f01e22109_ai_generated_gpt-3.5-turbo,2,527
400–600,news-198329c9a1e1f4bd9acb5b7f01e22109,news-198329c9a1e1f4bd9acb5b7f01e22109_ai_generated_gpt-3.5-turbo_THEN_gpt-4o-2024-11-20,2,549
400–600,news-198329c9a1e1f4bd9acb5b7f01e22109,news-198329c9a1e1f4bd9acb5b7f01e22109_human_ai_polished_gpt-3.5-turbo,1,578
400–600,news-198329c9a1e1f4bd9acb5b7f01e22109,news-198329c9a1e1f4bd9acb5b7f01e22109_human_written,0,578
200–400,news-1bb6b29d55a46dfb465a4493c46c4116,news-1bb6b29d55a46dfb465a4493c46c4116_ai_generated_llama-3.3-70b-instruct,2,303
200–400,news-1bb6b29d55a46dfb465a4493c46c4116,news-1bb6b29d55a46dfb465a4493c46c4116_ai_generated_llama-3.3-70b-instruct_THEN_gpt-3.5-turbo,2,332
200–400,news-1bb6b29d55a46dfb465a4493c46c4116,news-1bb6b29d55a46dfb465a4493c46c4116_human_ai_polished_gemini-1.5-pro-002,1,317
200–400,news-1bb6b29d55a46dfb465a4493c46c4116,news-1bb6b29d55a46dfb465a4493c46c4116_human_written,0,370
800+,news-2089ac5417f13a6a129e82066389d005,news-2089ac5417f13a6a129e82066389d005_ai_generated_llama-3.3-70b-instruct,2,935
400–600,news-2089ac5417f13a6a129e82066389d005,news-2089ac5417f13a6a129e82066389d005_ai_generated_llama-3.3-70b-instruct_THEN_gpt-3.5-turbo,2,592
800+,news-2089ac5417f13a6a129e82066389d005,news-2089ac5417f13a6a129e82066389d005_human_ai_polished_gemini-1.5-pro-002,1,1081
800+,news-2089ac5417f13a6a129e82066389d005,news-2089ac5417f13a6a129e82066389d005_human_written,0,1043
0–200,news-220b187e598c2e7e46a94bba95d77e81,news-220b187e598c2e7e46a94bba95d77e81_ai_generated_claude-3-5-sonnet-20241022,2,180
0–200,news-220b187e598c2e7e46a94bba95d77e81,news-220b187e598c2e7e46a94bba95d77e81_ai_generated_claude-3-5-sonnet-20241022_THEN_gemini-1.5-pro-002,2,177
0–200,news-220b187e598c2e7e46a94bba95d77e81,news-220b187e598c2e7e46a94bba95d77e81_human_ai_polished_claude-3-5-sonnet-20241022,1,174
0–200,news-220b187e598c2e7e46a94bba95d77e81,news-220b187e598c2e7e46a94bba95d77e81_human_written,0,163
0–200,news-24584fb25040f54fac615778d7ce2087,news-24584fb25040f54fac615778d7ce2087_ai_generated_qwen2.5-72b-instruct,2,93
0–200,news-24584fb25040f54fac615778d7ce2087,news-24584fb25040f54fac615778d7ce2087_ai_generated_qwen2.5-72b-instruct_THEN_gpt-4o-2024-11-20,2,85
0–200,news-24584fb25040f54fac615778d7ce2087,news-24584fb25040f54fac615778d7ce2087_human_ai_polished_gemini-1.5-pro-002,1,113
0–200,news-24584fb25040f54fac615778d7ce2087,news-24584fb25040f54fac615778d7ce2087_human_written,0,96
200–400,news-249c0d60643d541e178fe4e41840fc9e,news-249c0d60643d541e178fe4e41840fc9e_ai_generated_gpt-3.5-turbo,2,344
200–400,news-249c0d60643d541e178fe4e41840fc9e,news-249c0d60643d541e178fe4e41840fc9e_ai_generated_gpt-3.5-turbo_THEN_gemini-1.5-pro-002,2,340
200–400,news-249c0d60643d541e178fe4e41840fc9e,news-249c0d60643d541e178fe4e41840fc9e_human_ai_polished_gemini-1.5-pro-002,1,361
200–400,news-249c0d60643d541e178fe4e41840fc9e,news-249c0d60643d541e178fe4e41840fc9e_human_written,0,378
400–600,news-2601e89dae514c763c33df132f5612a2,news-2601e89dae514c763c33df132f5612a2_ai_generated_gpt-4o-2024-11-20,2,564
400–600,news-2601e89dae514c763c33df132f5612a2,news-2601e89dae514c763c33df132f5612a2_ai_generated_gpt-4o-2024-11-20_THEN_claude-3-5-sonnet-20241022,2,551
400–600,news-2601e89dae514c763c33df132f5612a2,news-2601e89dae514c763c33df132f5612a2_human_ai_polished_claude-3-5-sonnet-20241022,1,557
400–600,news-2601e89dae514c763c33df132f5612a2,news-2601e89dae514c763c33df132f5612a2_human_written,0,563
400–600,news-260acfb722271b33c6b6198b77558425,news-260acfb722271b33c6b6198b77558425_ai_generated_qwen2.5-72b-instruct,2,459
400–600,news-260acfb722271b33c6b6198b77558425,news-260acfb722271b33c6b6198b77558425_ai_humanized_human,3,451
400–600,news-260acfb722271b33c6b6198b77558425,news-260acfb722271b33c6b6198b77558425_human_ai_polished_gpt-3.5-turbo,1,464
400–600,news-260acfb722271b33c6b6198b77558425,news-260acfb722271b33c6b6198b77558425_human_written,0,480
400–600,news-28199e6e83650ccf48aebb09d755354e,news-28199e6e83650ccf48aebb09d755354e_ai_generated_gpt-3.5-turbo,2,537
400–600,news-28199e6e83650ccf48aebb09d755354e,news-28199e6e83650ccf48aebb09d755354e_ai_humanized_human,3,562
400–600,news-28199e6e83650ccf48aebb09d755354e,news-28199e6e83650ccf48aebb09d755354e_human_ai_polished_gemini-1.5-pro-002,1,563
400–600,news-28199e6e83650ccf48aebb09d755354e,news-28199e6e83650ccf48aebb09d755354e_human_written,0,588
800+,news-2abfcf3a995672ff7d9b9cbf4ad6607e,news-2abfcf3a995672ff7d9b9cbf4ad6607e_ai_generated_qwen2.5-72b-instruct,2,1139
800+,news-2abfcf3a995672ff7d9b9cbf4ad6607e,news-2abfcf3a995672ff7d9b9cbf4ad6607e_ai_generated_qwen2.5-72b-instruct_THEN_gemini-1.5-pro-002,2,832
800+,news-2abfcf3a995672ff7d9b9cbf4ad6607e,news-2abfcf3a995672ff7d9b9cbf4ad6607e_human_ai_polished_gemini-1.5-pro-002,1,849
800+,news-2abfcf3a995672ff7d9b9cbf4ad6607e,news-2abfcf3a995672ff7d9b9cbf4ad6607e_human_written,0,1053
600–800,news-2ddfe1234a8ecf8a71735b14e861fe8f,news-2ddfe1234a8ecf8a71735b14e861fe8f_ai_generated_claude-3-5-sonnet-20241022,2,610
600–800,news-2ddfe1234a8ecf8a71735b14e861fe8f,news-2ddfe1234a8ecf8a71735b14e861fe8f_ai_generated_claude-3-5-sonnet-20241022_THEN_gemini-1.5-pro-002,2,632
600–800,news-2ddfe1234a8ecf8a71735b14e861fe8f,news-2ddfe1234a8ecf8a71735b14e861fe8f_human_ai_polished_gemini-1.5-pro-002,1,626
400–600,news-2ddfe1234a8ecf8a71735b14e861fe8f,news-2ddfe1234a8ecf8a71735b14e861fe8f_human_written,0,534
0–200,news-31425c2fd049d103ee962e84441289c5,news-31425c2fd049d103ee962e84441289c5_ai_generated_qwen2.5-72b-instruct,2,106
0–200,news-31425c2fd049d103ee962e84441289c5,news-31425c2fd049d103ee962e84441289c5_ai_generated_qwen2.5-72b-instruct_THEN_gpt-3.5-turbo,2,111
0–200,news-31425c2fd049d103ee962e84441289c5,news-31425c2fd049d103ee962e84441289c5_human_ai_polished_gpt-4o-2024-11-20,1,124
0–200,news-31425c2fd049d103ee962e84441289c5,news-31425c2fd049d103ee962e84441289c5_human_written,0,130
200–400,news-336124e145b07bbc63ac475d6588c995,news-336124e145b07bbc63ac475d6588c995_ai_generated_qwen2.5-72b-instruct,2,309
200–400,news-336124e145b07bbc63ac475d6588c995,news-336124e145b07bbc63ac475d6588c995_ai_generated_qwen2.5-72b-instruct_THEN_gpt-3.5-turbo,2,324
200–400,news-336124e145b07bbc63ac475d6588c995,news-336124e145b07bbc63ac475d6588c995_human_ai_polished_claude-3-5-sonnet-20241022,1,319
200–400,news-336124e145b07bbc63ac475d6588c995,news-336124e145b07bbc63ac475d6588c995_human_written,0,330
200–400,news-33cc55807ee3db84fd80bb52d28945b0,news-33cc55807ee3db84fd80bb52d28945b0_ai_generated_gpt-3.5-turbo,2,312
200–400,news-33cc55807ee3db84fd80bb52d28945b0,news-33cc55807ee3db84fd80bb52d28945b0_ai_generated_gpt-3.5-turbo_THEN_gemini-1.5-pro-002,2,330
200–400,news-33cc55807ee3db84fd80bb52d28945b0,news-33cc55807ee3db84fd80bb52d28945b0_human_ai_polished_claude-3-5-sonnet-20241022,1,321
200–400,news-33cc55807ee3db84fd80bb52d28945b0,news-33cc55807ee3db84fd80bb52d28945b0_human_written,0,321
400–600,news-34b628c80abcad8f1059c585690c3177,news-34b628c80abcad8f1059c585690c3177_ai_generated_gpt-3.5-turbo,2,509
400–600,news-34b628c80abcad8f1059c585690c3177,news-34b628c80abcad8f1059c585690c3177_ai_generated_gpt-3.5-turbo_THEN_gemini-1.5-pro-002,2,497
400–600,news-34b628c80abcad8f1059c585690c3177,news-34b628c80abcad8f1059c585690c3177_human_ai_polished_claude-3-5-sonnet-20241022,1,565
400–600,news-34b628c80abcad8f1059c585690c3177,news-34b628c80abcad8f1059c585690c3177_human_written,0,489
0–200,news-3572b1adb15a3fd3a15e2eb6d3259706,news-3572b1adb15a3fd3a15e2eb6d3259706_ai_generated_claude-3-5-sonnet-20241022,2,71
0–200,news-3572b1adb15a3fd3a15e2eb6d3259706,news-3572b1adb15a3fd3a15e2eb6d3259706_ai_generated_claude-3-5-sonnet-20241022_THEN_gpt-3.5-turbo,2,77
0–200,news-3572b1adb15a3fd3a15e2eb6d3259706,news-3572b1adb15a3fd3a15e2eb6d3259706_human_ai_polished_gpt-4o-2024-11-20,1,91
0–200,news-3572b1adb15a3fd3a15e2eb6d3259706,news-3572b1adb15a3fd3a15e2eb6d3259706_human_written,0,99
200–400,news-37cf81b9be2092ca09c259d9311cd441,news-37cf81b9be2092ca09c259d9311cd441_ai_generated_gpt-4o-2024-11-20,2,253
200–400,news-37cf81b9be2092ca09c259d9311cd441,news-37cf81b9be2092ca09c259d9311cd441_ai_generated_gpt-4o-2024-11-20_THEN_gemini-1.5-pro-002,2,270
200–400,news-37cf81b9be2092ca09c259d9311cd441,news-37cf81b9be2092ca09c259d9311cd441_human_ai_polished_gpt-3.5-turbo,1,290
200–400,news-37cf81b9be2092ca09c259d9311cd441,news-37cf81b9be2092ca09c259d9311cd441_human_written,0,291
200–400,news-38098a0ac8cd24d1c2a758caf3580566,news-38098a0ac8cd24d1c2a758caf3580566_ai_generated_llama-3.3-70b-instruct,2,270
200–400,news-38098a0ac8cd24d1c2a758caf3580566,news-38098a0ac8cd24d1c2a758caf3580566_ai_generated_llama-3.3-70b-instruct_THEN_gpt-4o-2024-11-20,2,262
200–400,news-38098a0ac8cd24d1c2a758caf3580566,news-38098a0ac8cd24d1c2a758caf3580566_human_ai_polished_gpt-4o-2024-11-20,1,256
200–400,news-38098a0ac8cd24d1c2a758caf3580566,news-38098a0ac8cd24d1c2a758caf3580566_human_written,0,265
0–200,news-3c2c9028eb6504e7d3f747b7a1365f0b,news-3c2c9028eb6504e7d3f747b7a1365f0b_ai_generated_gpt-3.5-turbo,2,195
200–400,news-3c2c9028eb6504e7d3f747b7a1365f0b,news-3c2c9028eb6504e7d3f747b7a1365f0b_ai_humanized_tool,3,220
200–400,news-3c2c9028eb6504e7d3f747b7a1365f0b,news-3c2c9028eb6504e7d3f747b7a1365f0b_human_ai_polished_claude-3-5-sonnet-20241022,1,212
200–400,news-3c2c9028eb6504e7d3f747b7a1365f0b,news-3c2c9028eb6504e7d3f747b7a1365f0b_human_written,0,263
400–600,news-4321d4ffbc48796ab74b750e67746f3b,news-4321d4ffbc48796ab74b750e67746f3b_ai_generated_gpt-4o-2024-11-20,2,476
0–200,news-4321d4ffbc48796ab74b750e67746f3b,news-4321d4ffbc48796ab74b750e67746f3b_ai_humanized_tool,3,99
400–600,news-4321d4ffbc48796ab74b750e67746f3b,news-4321d4ffbc48796ab74b750e67746f3b_human_ai_polished_gpt-3.5-turbo,1,525
400–600,news-4321d4ffbc48796ab74b750e67746f3b,news-4321d4ffbc48796ab74b750e67746f3b_human_written,0,488
200–400,news-4450c6df19b8f49d4937561298c0bb7e,news-4450c6df19b8f49d4937561298c0bb7e_ai_generated_gemini-1.5-pro-002,2,217
200–400,news-4450c6df19b8f49d4937561298c0bb7e,news-4450c6df19b8f49d4937561298c0bb7e_ai_generated_gemini-1.5-pro-002_THEN_gpt-4o-2024-11-20,2,222
200–400,news-4450c6df19b8f49d4937561298c0bb7e,news-4450c6df19b8f49d4937561298c0bb7e_human_ai_polished_gpt-3.5-turbo,1,214
200–400,news-4450c6df19b8f49d4937561298c0bb7e,news-4450c6df19b8f49d4937561298c0bb7e_human_written,0,242
200–400,news-446b862d0087ec2607454fcf6d5c5710,news-446b862d0087ec2607454fcf6d5c5710_ai_generated_gemini-1.5-pro-002,2,378
200–400,news-446b862d0087ec2607454fcf6d5c5710,news-446b862d0087ec2607454fcf6d5c5710_ai_generated_gemini-1.5-pro-002_THEN_gpt-4o-2024-11-20,2,399
400–600,news-446b862d0087ec2607454fcf6d5c5710,news-446b862d0087ec2607454fcf6d5c5710_human_ai_polished_gemini-1.5-pro-002,1,425
200–400,news-446b862d0087ec2607454fcf6d5c5710,news-446b862d0087ec2607454fcf6d5c5710_human_written,0,382
400–600,news-448e5bae840a4291398d9251a81ca549,news-448e5bae840a4291398d9251a81ca549_ai_generated_qwen2.5-72b-instruct,2,569
800+,news-448e5bae840a4291398d9251a81ca549,news-448e5bae840a4291398d9251a81ca549_ai_generated_qwen2.5-72b-instruct_THEN_gpt-3.5-turbo,2,805
600–800,news-448e5bae840a4291398d9251a81ca549,news-448e5bae840a4291398d9251a81ca549_human_ai_polished_gpt-3.5-turbo,1,600
600–800,news-448e5bae840a4291398d9251a81ca549,news-448e5bae840a4291398d9251a81ca549_human_written,0,602
200–400,news-48134c67218a6f16f425911780b8dd0b,news-48134c67218a6f16f425911780b8dd0b_ai_generated_gpt-3.5-turbo,2,287
200–400,news-48134c67218a6f16f425911780b8dd0b,news-48134c67218a6f16f425911780b8dd0b_ai_generated_gpt-3.5-turbo_THEN_claude-3-5-sonnet-20241022,2,296
200–400,news-48134c67218a6f16f425911780b8dd0b,news-48134c67218a6f16f425911780b8dd0b_human_ai_polished_gemini-1.5-pro-002,1,365
200–400,news-48134c67218a6f16f425911780b8dd0b,news-48134c67218a6f16f425911780b8dd0b_human_written,0,338
600–800,news-4848cf49d6079f6e28a5b2bf2216912c,news-4848cf49d6079f6e28a5b2bf2216912c_ai_generated_qwen2.5-72b-instruct,2,776
800+,news-4848cf49d6079f6e28a5b2bf2216912c,news-4848cf49d6079f6e28a5b2bf2216912c_ai_generated_qwen2.5-72b-instruct_THEN_gpt-3.5-turbo,2,876
800+,news-4848cf49d6079f6e28a5b2bf2216912c,news-4848cf49d6079f6e28a5b2bf2216912c_human_ai_polished_gpt-4o-2024-11-20,1,803
800+,news-4848cf49d6079f6e28a5b2bf2216912c,news-4848cf49d6079f6e28a5b2bf2216912c_human_written,0,835
400–600,news-4c2f7d2ba836527981cacc9c866e7c1b,news-4c2f7d2ba836527981cacc9c866e7c1b_ai_generated_qwen2.5-72b-instruct,2,460
400–600,news-4c2f7d2ba836527981cacc9c866e7c1b,news-4c2f7d2ba836527981cacc9c866e7c1b_ai_generated_qwen2.5-72b-instruct_THEN_gpt-3.5-turbo,2,506
400–600,news-4c2f7d2ba836527981cacc9c866e7c1b,news-4c2f7d2ba836527981cacc9c866e7c1b_human_ai_polished_claude-3-5-sonnet-20241022,1,484
400–600,news-4c2f7d2ba836527981cacc9c866e7c1b,news-4c2f7d2ba836527981cacc9c866e7c1b_human_written,0,455
400–600,news-4df49a390b29925c7c4985ede05ed764,news-4df49a390b29925c7c4985ede05ed764_ai_generated_gpt-3.5-turbo,2,501
600–800,news-4df49a390b29925c7c4985ede05ed764,news-4df49a390b29925c7c4985ede05ed764_ai_generated_gpt-3.5-turbo_THEN_gpt-4o-2024-11-20,2,635
400–600,news-4df49a390b29925c7c4985ede05ed764,news-4df49a390b29925c7c4985ede05ed764_human_ai_polished_gpt-4o-2024-11-20,1,488
400–600,news-4df49a390b29925c7c4985ede05ed764,news-4df49a390b29925c7c4985ede05ed764_human_written,0,506
400–600,news-4e34075ac65503c7279df975b928b562,news-4e34075ac65503c7279df975b928b562_ai_generated_gemini-1.5-pro-002,2,489
400–600,news-4e34075ac65503c7279df975b928b562,news-4e34075ac65503c7279df975b928b562_ai_generated_gemini-1.5-pro-002_THEN_gpt-3.5-turbo,2,522
400–600,news-4e34075ac65503c7279df975b928b562,news-4e34075ac65503c7279df975b928b562_human_ai_polished_gemini-1.5-pro-002,1,477
400–600,news-4e34075ac65503c7279df975b928b562,news-4e34075ac65503c7279df975b928b562_human_written,0,505
200–400,news-51207bf062a0bdf52cc23b708ada5565,news-51207bf062a0bdf52cc23b708ada5565_ai_generated_gemini-1.5-pro-002,2,323
200–400,news-51207bf062a0bdf52cc23b708ada5565,news-51207bf062a0bdf52cc23b708ada5565_ai_humanized_tool,3,389
200–400,news-51207bf062a0bdf52cc23b708ada5565,news-51207bf062a0bdf52cc23b708ada5565_human_ai_polished_gpt-3.5-turbo,1,339
200–400,news-51207bf062a0bdf52cc23b708ada5565,news-51207bf062a0bdf52cc23b708ada5565_human_written,0,321
0–200,news-51a14cedf41a255d7398030a507d7ee3,news-51a14cedf41a255d7398030a507d7ee3_ai_generated_qwen2.5-72b-instruct,2,120
0–200,news-51a14cedf41a255d7398030a507d7ee3,news-51a14cedf41a255d7398030a507d7ee3_ai_generated_qwen2.5-72b-instruct_THEN_gpt-4o-2024-11-20,2,122
0–200,news-51a14cedf41a255d7398030a507d7ee3,news-51a14cedf41a255d7398030a507d7ee3_human_ai_polished_gemini-1.5-pro-002,1,138
0–200,news-51a14cedf41a255d7398030a507d7ee3,news-51a14cedf41a255d7398030a507d7ee3_human_written,0,141
400–600,news-520c205ad67a1cab111a9d6cfe4b40ef,news-520c205ad67a1cab111a9d6cfe4b40ef_ai_generated_gpt-3.5-turbo,2,552
600–800,news-520c205ad67a1cab111a9d6cfe4b40ef,news-520c205ad67a1cab111a9d6cfe4b40ef_ai_humanized_human,3,600
400–600,news-520c205ad67a1cab111a9d6cfe4b40ef,news-520c205ad67a1cab111a9d6cfe4b40ef_human_ai_polished_gpt-4o-2024-11-20,1,566
400–600,news-520c205ad67a1cab111a9d6cfe4b40ef,news-520c205ad67a1cab111a9d6cfe4b40ef_human_written,0,556
0–200,news-52440f14e6d6f14c6be7ef2efb093a3e,news-52440f14e6d6f14c6be7ef2efb093a3e_ai_generated_qwen2.5-72b-instruct,2,135
0–200,news-52440f14e6d6f14c6be7ef2efb093a3e,news-52440f14e6d6f14c6be7ef2efb093a3e_ai_generated_qwen2.5-72b-instruct_THEN_gpt-3.5-turbo,2,140
0–200,news-52440f14e6d6f14c6be7ef2efb093a3e,news-52440f14e6d6f14c6be7ef2efb093a3e_human_ai_polished_gpt-3.5-turbo,1,138
0–200,news-52440f14e6d6f14c6be7ef2efb093a3e,news-52440f14e6d6f14c6be7ef2efb093a3e_human_written,0,165
400–600,news-527bbcfa6607fd5b05e6f61377c0f7c5,news-527bbcfa6607fd5b05e6f61377c0f7c5_ai_generated_qwen2.5-72b-instruct,2,535
400–600,news-527bbcfa6607fd5b05e6f61377c0f7c5,news-527bbcfa6607fd5b05e6f61377c0f7c5_ai_generated_qwen2.5-72b-instruct_THEN_gpt-4o-2024-11-20,2,543
400–600,news-527bbcfa6607fd5b05e6f61377c0f7c5,news-527bbcfa6607fd5b05e6f61377c0f7c5_human_ai_polished_gemini-1.5-pro-002,1,533
400–600,news-527bbcfa6607fd5b05e6f61377c0f7c5,news-527bbcfa6607fd5b05e6f61377c0f7c5_human_written,0,550
200–400,news-53bb09e1a324db5ea4600220acad30ab,news-53bb09e1a324db5ea4600220acad30ab_ai_generated_gpt-3.5-turbo,2,309
200–400,news-53bb09e1a324db5ea4600220acad30ab,news-53bb09e1a324db5ea4600220acad30ab_ai_humanized_tool,3,295
200–400,news-53bb09e1a324db5ea4600220acad30ab,news-53bb09e1a324db5ea4600220acad30ab_human_ai_polished_gpt-4o-2024-11-20,1,317
200–400,news-53bb09e1a324db5ea4600220acad30ab,news-53bb09e1a324db5ea4600220acad30ab_human_written,0,324
0–200,news-54339e62d0fb8b45c01c10be39b7c267,news-54339e62d0fb8b45c01c10be39b7c267_ai_generated_claude-3-5-sonnet-20241022,2,158
0–200,news-54339e62d0fb8b45c01c10be39b7c267,news-54339e62d0fb8b45c01c10be39b7c267_ai_generated_claude-3-5-sonnet-20241022_THEN_gpt-4o-2024-11-20,2,160
0–200,news-54339e62d0fb8b45c01c10be39b7c267,news-54339e62d0fb8b45c01c10be39b7c267_human_ai_polished_gpt-4o-2024-11-20,1,159
0–200,news-54339e62d0fb8b45c01c10be39b7c267,news-54339e62d0fb8b45c01c10be39b7c267_human_written,0,160
200–400,news-55411d30e0a3c6ec7fff01f6a95790dc,news-55411d30e0a3c6ec7fff01f6a95790dc_ai_generated_claude-3-5-sonnet-20241022,2,333
200–400,news-55411d30e0a3c6ec7fff01f6a95790dc,news-55411d30e0a3c6ec7fff01f6a95790dc_ai_generated_claude-3-5-sonnet-20241022_THEN_claude-3-5-sonnet-20241022,2,353
200–400,news-55411d30e0a3c6ec7fff01f6a95790dc,news-55411d30e0a3c6ec7fff01f6a95790dc_human_ai_polished_gpt-3.5-turbo,1,360
200–400,news-55411d30e0a3c6ec7fff01f6a95790dc,news-55411d30e0a3c6ec7fff01f6a95790dc_human_written,0,381
0–200,news-56f42b292fc9ee39be4d4b1dc2d09ff3,news-56f42b292fc9ee39be4d4b1dc2d09ff3_ai_generated_qwen2.5-72b-instruct,2,199
200–400,news-56f42b292fc9ee39be4d4b1dc2d09ff3,news-56f42b292fc9ee39be4d4b1dc2d09ff3_ai_generated_qwen2.5-72b-instruct_THEN_gpt-3.5-turbo,2,207
200–400,news-56f42b292fc9ee39be4d4b1dc2d09ff3,news-56f42b292fc9ee39be4d4b1dc2d09ff3_human_ai_polished_gpt-3.5-turbo,1,209
200–400,news-56f42b292fc9ee39be4d4b1dc2d09ff3,news-56f42b292fc9ee39be4d4b1dc2d09ff3_human_written,0,205
400–600,news-5756cdf34878433094af65f1a4f60833,news-5756cdf34878433094af65f1a4f60833_ai_generated_llama-3.3-70b-instruct,2,459
200–400,news-5756cdf34878433094af65f1a4f60833,news-5756cdf34878433094af65f1a4f60833_ai_generated_llama-3.3-70b-instruct_THEN_gpt-4o-2024-11-20,2,356
400–600,news-5756cdf34878433094af65f1a4f60833,news-5756cdf34878433094af65f1a4f60833_human_ai_polished_gpt-3.5-turbo,1,476
400–600,news-5756cdf34878433094af65f1a4f60833,news-5756cdf34878433094af65f1a4f60833_human_written,0,412
0–200,news-58bf7b36e8a8677f7220f6fb521fa9a8,news-58bf7b36e8a8677f7220f6fb521fa9a8_ai_generated_qwen2.5-72b-instruct,2,69
0–200,news-58bf7b36e8a8677f7220f6fb521fa9a8,news-58bf7b36e8a8677f7220f6fb521fa9a8_ai_humanized_human,3,61
0–200,news-58bf7b36e8a8677f7220f6fb521fa9a8,news-58bf7b36e8a8677f7220f6fb521fa9a8_human_ai_polished_gpt-3.5-turbo,1,65
0–200,news-58bf7b36e8a8677f7220f6fb521fa9a8,news-58bf7b36e8a8677f7220f6fb521fa9a8_human_written,0,65
400–600,news-59b989757efc6e68e72488fe2ecdb578,news-59b989757efc6e68e72488fe2ecdb578_ai_generated_llama-3.3-70b-instruct,2,470
400–600,news-59b989757efc6e68e72488fe2ecdb578,news-59b989757efc6e68e72488fe2ecdb578_ai_generated_llama-3.3-70b-instruct_THEN_gemini-1.5-pro-002,2,506
600–800,news-59b989757efc6e68e72488fe2ecdb578,news-59b989757efc6e68e72488fe2ecdb578_human_ai_polished_claude-3-5-sonnet-20241022,1,623
600–800,news-59b989757efc6e68e72488fe2ecdb578,news-59b989757efc6e68e72488fe2ecdb578_human_written,0,643
200–400,news-59d9c137db6753c3fc06293df11a728e,news-59d9c137db6753c3fc06293df11a728e_ai_generated_gpt-3.5-turbo,2,384
400–600,news-59d9c137db6753c3fc06293df11a728e,news-59d9c137db6753c3fc06293df11a728e_ai_humanized_human,3,413
200–400,news-59d9c137db6753c3fc06293df11a728e,news-59d9c137db6753c3fc06293df11a728e_human_ai_polished_claude-3-5-sonnet-20241022,1,399
200–400,news-59d9c137db6753c3fc06293df11a728e,news-59d9c137db6753c3fc06293df11a728e_human_written,0,359
200–400,news-5b8fbdbfd2380dccbdbd6ba8b38dfa76,news-5b8fbdbfd2380dccbdbd6ba8b38dfa76_ai_generated_gemini-1.5-pro-002,2,218
200–400,news-5b8fbdbfd2380dccbdbd6ba8b38dfa76,news-5b8fbdbfd2380dccbdbd6ba8b38dfa76_ai_generated_gemini-1.5-pro-002_THEN_gemini-1.5-pro-002,2,211
200–400,news-5b8fbdbfd2380dccbdbd6ba8b38dfa76,news-5b8fbdbfd2380dccbdbd6ba8b38dfa76_human_ai_polished_gpt-4o-2024-11-20,1,207
200–400,news-5b8fbdbfd2380dccbdbd6ba8b38dfa76,news-5b8fbdbfd2380dccbdbd6ba8b38dfa76_human_written,0,214
600–800,news-5bc6ef6e892e4f6952b144eac25b2d91,news-5bc6ef6e892e4f6952b144eac25b2d91_ai_generated_gemini-1.5-pro-002,2,601
400–600,news-5bc6ef6e892e4f6952b144eac25b2d91,news-5bc6ef6e892e4f6952b144eac25b2d91_ai_generated_gemini-1.5-pro-002_THEN_gpt-3.5-turbo,2,500
400–600,news-5bc6ef6e892e4f6952b144eac25b2d91,news-5bc6ef6e892e4f6952b144eac25b2d91_human_ai_polished_gpt-3.5-turbo,1,539
400–600,news-5bc6ef6e892e4f6952b144eac25b2d91,news-5bc6ef6e892e4f6952b144eac25b2d91_human_written,0,528
200–400,news-5cf8b4dfb3203a33d334ed1306162e08,news-5cf8b4dfb3203a33d334ed1306162e08_ai_generated_llama-3.3-70b-instruct,2,343
200–400,news-5cf8b4dfb3203a33d334ed1306162e08,news-5cf8b4dfb3203a33d334ed1306162e08_ai_generated_llama-3.3-70b-instruct_THEN_claude-3-5-sonnet-20241022,2,385
200–400,news-5cf8b4dfb3203a33d334ed1306162e08,news-5cf8b4dfb3203a33d334ed1306162e08_human_ai_polished_gemini-1.5-pro-002,1,325
200–400,news-5cf8b4dfb3203a33d334ed1306162e08,news-5cf8b4dfb3203a33d334ed1306162e08_human_written,0,337
200–400,news-5e6165f2246a83f207997eb9f36a7a86,news-5e6165f2246a83f207997eb9f36a7a86_ai_generated_gpt-4o-2024-11-20,2,278
200–400,news-5e6165f2246a83f207997eb9f36a7a86,news-5e6165f2246a83f207997eb9f36a7a86_ai_generated_gpt-4o-2024-11-20_THEN_gpt-3.5-turbo,2,287
200–400,news-5e6165f2246a83f207997eb9f36a7a86,news-5e6165f2246a83f207997eb9f36a7a86_human_ai_polished_gemini-1.5-pro-002,1,330
200–400,news-5e6165f2246a83f207997eb9f36a7a86,news-5e6165f2246a83f207997eb9f36a7a86_human_written,0,291
200–400,news-5ecdbad1b91f8dea65b20ac86c84762c,news-5ecdbad1b91f8dea65b20ac86c84762c_ai_generated_gpt-4o-2024-11-20,2,224
200–400,news-5ecdbad1b91f8dea65b20ac86c84762c,news-5ecdbad1b91f8dea65b20ac86c84762c_ai_generated_gpt-4o-2024-11-20_THEN_gpt-4o-2024-11-20,2,244
200–400,news-5ecdbad1b91f8dea65b20ac86c84762c,news-5ecdbad1b91f8dea65b20ac86c84762c_human_ai_polished_claude-3-5-sonnet-20241022,1,238
200–400,news-5ecdbad1b91f8dea65b20ac86c84762c,news-5ecdbad1b91f8dea65b20ac86c84762c_human_written,0,281
200–400,news-5efbb74e1f506263d7e12a8fab84207a,news-5efbb74e1f506263d7e12a8fab84207a_ai_generated_claude-3-5-sonnet-20241022,2,387
400–600,news-5efbb74e1f506263d7e12a8fab84207a,news-5efbb74e1f506263d7e12a8fab84207a_ai_generated_claude-3-5-sonnet-20241022_THEN_gpt-4o-2024-11-20,2,419
400–600,news-5efbb74e1f506263d7e12a8fab84207a,news-5efbb74e1f506263d7e12a8fab84207a_human_ai_polished_gpt-4o-2024-11-20,1,480
400–600,news-5efbb74e1f506263d7e12a8fab84207a,news-5efbb74e1f506263d7e12a8fab84207a_human_written,0,474
200–400,news-608608a21e33da86132c78d17a075ae9,news-608608a21e33da86132c78d17a075ae9_ai_generated_llama-3.3-70b-instruct,2,315
200–400,news-608608a21e33da86132c78d17a075ae9,news-608608a21e33da86132c78d17a075ae9_ai_generated_llama-3.3-70b-instruct_THEN_claude-3-5-sonnet-20241022,2,322
200–400,news-608608a21e33da86132c78d17a075ae9,news-608608a21e33da86132c78d17a075ae9_human_ai_polished_gemini-1.5-pro-002,1,342
200–400,news-608608a21e33da86132c78d17a075ae9,news-608608a21e33da86132c78d17a075ae9_human_written,0,327
200–400,news-628a96c0c1abbfdfcdcfa7d93a175e63,news-628a96c0c1abbfdfcdcfa7d93a175e63_ai_generated_qwen2.5-72b-instruct,2,393
400–600,news-628a96c0c1abbfdfcdcfa7d93a175e63,news-628a96c0c1abbfdfcdcfa7d93a175e63_ai_generated_qwen2.5-72b-instruct_THEN_claude-3-5-sonnet-20241022,2,444
400–600,news-628a96c0c1abbfdfcdcfa7d93a175e63,news-628a96c0c1abbfdfcdcfa7d93a175e63_human_ai_polished_gpt-4o-2024-11-20,1,457
400–600,news-628a96c0c1abbfdfcdcfa7d93a175e63,news-628a96c0c1abbfdfcdcfa7d93a175e63_human_written,0,457
200–400,news-63238e92c0ace92ec706d7c41535c3ae,news-63238e92c0ace92ec706d7c41535c3ae_ai_generated_gpt-3.5-turbo,2,206
200–400,news-63238e92c0ace92ec706d7c41535c3ae,news-63238e92c0ace92ec706d7c41535c3ae_ai_generated_gpt-3.5-turbo_THEN_gemini-1.5-pro-002,2,237
200–400,news-63238e92c0ace92ec706d7c41535c3ae,news-63238e92c0ace92ec706d7c41535c3ae_human_ai_polished_claude-3-5-sonnet-20241022,1,250
200–400,news-63238e92c0ace92ec706d7c41535c3ae,news-63238e92c0ace92ec706d7c41535c3ae_human_written,0,231
400–600,news-647d197a81f1d5cfe8b1129d175bfafd,news-647d197a81f1d5cfe8b1129d175bfafd_ai_generated_claude-3-5-sonnet-20241022,2,576
600–800,news-647d197a81f1d5cfe8b1129d175bfafd,news-647d197a81f1d5cfe8b1129d175bfafd_ai_humanized_human,3,602
600–800,news-647d197a81f1d5cfe8b1129d175bfafd,news-647d197a81f1d5cfe8b1129d175bfafd_human_ai_polished_claude-3-5-sonnet-20241022,1,628
400–600,news-647d197a81f1d5cfe8b1129d175bfafd,news-647d197a81f1d5cfe8b1129d175bfafd_human_written,0,579
0–200,news-653f0378107f98a4a6249209d1ba8d3b,news-653f0378107f98a4a6249209d1ba8d3b_ai_generated_qwen2.5-72b-instruct,2,159
0–200,news-653f0378107f98a4a6249209d1ba8d3b,news-653f0378107f98a4a6249209d1ba8d3b_ai_generated_qwen2.5-72b-instruct_THEN_gpt-3.5-turbo,2,167
0–200,news-653f0378107f98a4a6249209d1ba8d3b,news-653f0378107f98a4a6249209d1ba8d3b_human_ai_polished_gpt-3.5-turbo,1,153
0–200,news-653f0378107f98a4a6249209d1ba8d3b,news-653f0378107f98a4a6249209d1ba8d3b_human_written,0,160
400–600,news-6a3fb5747358775af61f90a8e9e4c347,news-6a3fb5747358775af61f90a8e9e4c347_ai_generated_gpt-3.5-turbo,2,518
400–600,news-6a3fb5747358775af61f90a8e9e4c347,news-6a3fb5747358775af61f90a8e9e4c347_ai_generated_gpt-3.5-turbo_THEN_gpt-4o-2024-11-20,2,560
400–600,news-6a3fb5747358775af61f90a8e9e4c347,news-6a3fb5747358775af61f90a8e9e4c347_human_ai_polished_gemini-1.5-pro-002,1,550
400–600,news-6a3fb5747358775af61f90a8e9e4c347,news-6a3fb5747358775af61f90a8e9e4c347_human_written,0,522
600–800,news-6acd551bf059abce67252e77c3b9de2a,news-6acd551bf059abce67252e77c3b9de2a_ai_generated_gemini-1.5-pro-002,2,679
800+,news-6acd551bf059abce67252e77c3b9de2a,news-6acd551bf059abce67252e77c3b9de2a_ai_humanized_tool,3,805
600–800,news-6acd551bf059abce67252e77c3b9de2a,news-6acd551bf059abce67252e77c3b9de2a_human_ai_polished_gpt-3.5-turbo,1,669
600–800,news-6acd551bf059abce67252e77c3b9de2a,news-6acd551bf059abce67252e77c3b9de2a_human_written,0,669
200–400,news-6c4e5bec5c67913f3e8e7de644d9ba87,news-6c4e5bec5c67913f3e8e7de644d9ba87_ai_generated_gemini-1.5-pro-002,2,342
200–400,news-6c4e5bec5c67913f3e8e7de644d9ba87,news-6c4e5bec5c67913f3e8e7de644d9ba87_ai_generated_gemini-1.5-pro-002_THEN_gpt-3.5-turbo,2,364
200–400,news-6c4e5bec5c67913f3e8e7de644d9ba87,news-6c4e5bec5c67913f3e8e7de644d9ba87_human_ai_polished_gpt-3.5-turbo,1,341
200–400,news-6c4e5bec5c67913f3e8e7de644d9ba87,news-6c4e5bec5c67913f3e8e7de644d9ba87_human_written,0,351
200–400,news-6df76ea24b6521330f17450c3aa3be7d,news-6df76ea24b6521330f17450c3aa3be7d_ai_generated_qwen2.5-72b-instruct,2,268
200–400,news-6df76ea24b6521330f17450c3aa3be7d,news-6df76ea24b6521330f17450c3aa3be7d_ai_generated_qwen2.5-72b-instruct_THEN_gemini-1.5-pro-002,2,237
200–400,news-6df76ea24b6521330f17450c3aa3be7d,news-6df76ea24b6521330f17450c3aa3be7d_human_ai_polished_claude-3-5-sonnet-20241022,1,269
200–400,news-6df76ea24b6521330f17450c3aa3be7d,news-6df76ea24b6521330f17450c3aa3be7d_human_written,0,266
400–600,news-6f2ef8bd9694d17063075d41c16615a5,news-6f2ef8bd9694d17063075d41c16615a5_ai_generated_gpt-4o-2024-11-20,2,444
400–600,news-6f2ef8bd9694d17063075d41c16615a5,news-6f2ef8bd9694d17063075d41c16615a5_ai_generated_gpt-4o-2024-11-20_THEN_gemini-1.5-pro-002,2,448
400–600,news-6f2ef8bd9694d17063075d41c16615a5,news-6f2ef8bd9694d17063075d41c16615a5_human_ai_polished_gemini-1.5-pro-002,1,467
400–600,news-6f2ef8bd9694d17063075d41c16615a5,news-6f2ef8bd9694d17063075d41c16615a5_human_written,0,440
600–800,news-711ab6e303b082c48f37db7d316c14c3,news-711ab6e303b082c48f37db7d316c14c3_ai_generated_qwen2.5-72b-instruct,2,647
600–800,news-711ab6e303b082c48f37db7d316c14c3,news-711ab6e303b082c48f37db7d316c14c3_ai_generated_qwen2.5-72b-instruct_THEN_claude-3-5-sonnet-20241022,2,702
600–800,news-711ab6e303b082c48f37db7d316c14c3,news-711ab6e303b082c48f37db7d316c14c3_human_ai_polished_gemini-1.5-pro-002,1,675
600–800,news-711ab6e303b082c48f37db7d316c14c3,news-711ab6e303b082c48f37db7d316c14c3_human_written,0,695
200–400,news-7387fca1b4c3a0bf05d107eff4ffcda1,news-7387fca1b4c3a0bf05d107eff4ffcda1_ai_generated_gpt-4o-2024-11-20,2,208
200–400,news-7387fca1b4c3a0bf05d107eff4ffcda1,news-7387fca1b4c3a0bf05d107eff4ffcda1_ai_generated_gpt-4o-2024-11-20_THEN_gpt-4o-2024-11-20,2,329
200–400,news-7387fca1b4c3a0bf05d107eff4ffcda1,news-7387fca1b4c3a0bf05d107eff4ffcda1_human_ai_polished_claude-3-5-sonnet-20241022,1,329
200–400,news-7387fca1b4c3a0bf05d107eff4ffcda1,news-7387fca1b4c3a0bf05d107eff4ffcda1_human_written,0,332
0–200,news-73cd355c152473157b520052be32ecef,news-73cd355c152473157b520052be32ecef_ai_generated_qwen2.5-72b-instruct,2,125
0–200,news-73cd355c152473157b520052be32ecef,news-73cd355c152473157b520052be32ecef_ai_generated_qwen2.5-72b-instruct_THEN_gemini-1.5-pro-002,2,161
0–200,news-73cd355c152473157b520052be32ecef,news-73cd355c152473157b520052be32ecef_human_ai_polished_gpt-4o-2024-11-20,1,132
0–200,news-73cd355c152473157b520052be32ecef,news-73cd355c152473157b520052be32ecef_human_written,0,135
600–800,news-758a4de5924be5721d49cab7abd147cc,news-758a4de5924be5721d49cab7abd147cc_ai_generated_gpt-4o-2024-11-20,2,775
800+,news-758a4de5924be5721d49cab7abd147cc,news-758a4de5924be5721d49cab7abd147cc_ai_generated_gpt-4o-2024-11-20_THEN_gpt-4o-2024-11-20,2,935
800+,news-758a4de5924be5721d49cab7abd147cc,news-758a4de5924be5721d49cab7abd147cc_human_ai_polished_gpt-4o-2024-11-20,1,1268
800+,news-758a4de5924be5721d49cab7abd147cc,news-758a4de5924be5721d49cab7abd147cc_human_written,0,971
200–400,news-75bbf126a24c6e5dcd6c7d68ab21aa4d,news-75bbf126a24c6e5dcd6c7d68ab21aa4d_ai_generated_claude-3-5-sonnet-20241022,2,315
200–400,news-75bbf126a24c6e5dcd6c7d68ab21aa4d,news-75bbf126a24c6e5dcd6c7d68ab21aa4d_ai_generated_claude-3-5-sonnet-20241022_THEN_gemini-1.5-pro-002,2,307
200–400,news-75bbf126a24c6e5dcd6c7d68ab21aa4d,news-75bbf126a24c6e5dcd6c7d68ab21aa4d_human_ai_polished_gpt-4o-2024-11-20,1,311
200–400,news-75bbf126a24c6e5dcd6c7d68ab21aa4d,news-75bbf126a24c6e5dcd6c7d68ab21aa4d_human_written,0,311
200–400,news-75e9d0c642608139128be5d28e14b004,news-75e9d0c642608139128be5d28e14b004_ai_generated_gpt-4o-2024-11-20,2,265
200–400,news-75e9d0c642608139128be5d28e14b004,news-75e9d0c642608139128be5d28e14b004_ai_generated_gpt-4o-2024-11-20_THEN_gemini-1.5-pro-002,2,386
200–400,news-75e9d0c642608139128be5d28e14b004,news-75e9d0c642608139128be5d28e14b004_human_ai_polished_gemini-1.5-pro-002,1,380
200–400,news-75e9d0c642608139128be5d28e14b004,news-75e9d0c642608139128be5d28e14b004_human_written,0,377
200–400,news-766b9e4a0b12bbfe77ca27a81b5f377d,news-766b9e4a0b12bbfe77ca27a81b5f377d_ai_generated_gemini-1.5-pro-002,2,312
200–400,news-766b9e4a0b12bbfe77ca27a81b5f377d,news-766b9e4a0b12bbfe77ca27a81b5f377d_ai_generated_gemini-1.5-pro-002_THEN_gpt-3.5-turbo,2,313
200–400,news-766b9e4a0b12bbfe77ca27a81b5f377d,news-766b9e4a0b12bbfe77ca27a81b5f377d_human_ai_polished_claude-3-5-sonnet-20241022,1,317
200–400,news-766b9e4a0b12bbfe77ca27a81b5f377d,news-766b9e4a0b12bbfe77ca27a81b5f377d_human_written,0,310
0–200,news-773a11453204380344e43dd568bef9cf,news-773a11453204380344e43dd568bef9cf_ai_generated_qwen2.5-72b-instruct,2,70
0–200,news-773a11453204380344e43dd568bef9cf,news-773a11453204380344e43dd568bef9cf_ai_humanized_tool,3,84
0–200,news-773a11453204380344e43dd568bef9cf,news-773a11453204380344e43dd568bef9cf_human_ai_polished_gpt-4o-2024-11-20,1,69
0–200,news-773a11453204380344e43dd568bef9cf,news-773a11453204380344e43dd568bef9cf_human_written,0,67
200–400,news-7853d2e7dd636b46b71fce58b93f7b69,news-7853d2e7dd636b46b71fce58b93f7b69_ai_generated_claude-3-5-sonnet-20241022,2,362
200–400,news-7853d2e7dd636b46b71fce58b93f7b69,news-7853d2e7dd636b46b71fce58b93f7b69_ai_generated_claude-3-5-sonnet-20241022_THEN_gpt-3.5-turbo,2,359
400–600,news-7853d2e7dd636b46b71fce58b93f7b69,news-7853d2e7dd636b46b71fce58b93f7b69_human_ai_polished_gpt-4o-2024-11-20,1,409
400–600,news-7853d2e7dd636b46b71fce58b93f7b69,news-7853d2e7dd636b46b71fce58b93f7b69_human_written,0,421
200–400,news-78bca0599f7f85993756af87813bc661,news-78bca0599f7f85993756af87813bc661_ai_generated_claude-3-5-sonnet-20241022,2,388
200–400,news-78bca0599f7f85993756af87813bc661,news-78bca0599f7f85993756af87813bc661_ai_generated_claude-3-5-sonnet-20241022_THEN_claude-3-5-sonnet-20241022,2,395
200–400,news-78bca0599f7f85993756af87813bc661,news-78bca0599f7f85993756af87813bc661_human_ai_polished_gpt-4o-2024-11-20,1,372
200–400,news-78bca0599f7f85993756af87813bc661,news-78bca0599f7f85993756af87813bc661_human_written,0,379
200–400,news-7979ebf345a8dde02f5a67f1b717ac40,news-7979ebf345a8dde02f5a67f1b717ac40_ai_generated_qwen2.5-72b-instruct,2,366
200–400,news-7979ebf345a8dde02f5a67f1b717ac40,news-7979ebf345a8dde02f5a67f1b717ac40_ai_generated_qwen2.5-72b-instruct_THEN_claude-3-5-sonnet-20241022,2,399
200–400,news-7979ebf345a8dde02f5a67f1b717ac40,news-7979ebf345a8dde02f5a67f1b717ac40_human_ai_polished_claude-3-5-sonnet-20241022,1,368
200–400,news-7979ebf345a8dde02f5a67f1b717ac40,news-7979ebf345a8dde02f5a67f1b717ac40_human_written,0,376
200–400,news-7a14933d4840032b76d2045f75615a18,news-7a14933d4840032b76d2045f75615a18_ai_generated_llama-3.3-70b-instruct,2,330
200–400,news-7a14933d4840032b76d2045f75615a18,news-7a14933d4840032b76d2045f75615a18_ai_generated_llama-3.3-70b-instruct_THEN_gpt-4o-2024-11-20,2,331
200–400,news-7a14933d4840032b76d2045f75615a18,news-7a14933d4840032b76d2045f75615a18_human_ai_polished_gemini-1.5-pro-002,1,342
200–400,news-7a14933d4840032b76d2045f75615a18,news-7a14933d4840032b76d2045f75615a18_human_written,0,330
200–400,news-7b0b54181f61a639112dd8bf8f71f9c7,news-7b0b54181f61a639112dd8bf8f71f9c7_ai_generated_claude-3-5-sonnet-20241022,2,302
200–400,news-7b0b54181f61a639112dd8bf8f71f9c7,news-7b0b54181f61a639112dd8bf8f71f9c7_ai_generated_claude-3-5-sonnet-20241022_THEN_gpt-3.5-turbo,2,291
200–400,news-7b0b54181f61a639112dd8bf8f71f9c7,news-7b0b54181f61a639112dd8bf8f71f9c7_human_ai_polished_gpt-4o-2024-11-20,1,252
200–400,news-7b0b54181f61a639112dd8bf8f71f9c7,news-7b0b54181f61a639112dd8bf8f71f9c7_human_written,0,268
600–800,news-7b287a6330fd69377ca7ba8a34944f2c,news-7b287a6330fd69377ca7ba8a34944f2c_ai_generated_gemini-1.5-pro-002,2,753
600–800,news-7b287a6330fd69377ca7ba8a34944f2c,news-7b287a6330fd69377ca7ba8a34944f2c_ai_generated_gemini-1.5-pro-002_THEN_gemini-1.5-pro-002,2,727
600–800,news-7b287a6330fd69377ca7ba8a34944f2c,news-7b287a6330fd69377ca7ba8a34944f2c_human_ai_polished_gpt-4o-2024-11-20,1,761
800+,news-7b287a6330fd69377ca7ba8a34944f2c,news-7b287a6330fd69377ca7ba8a34944f2c_human_written,0,1051
200–400,news-7ba7d0ce42b09f340cc6ee6eb083f689,news-7ba7d0ce42b09f340cc6ee6eb083f689_ai_generated_llama-3.3-70b-instruct,2,363
200–400,news-7ba7d0ce42b09f340cc6ee6eb083f689,news-7ba7d0ce42b09f340cc6ee6eb083f689_ai_generated_llama-3.3-70b-instruct_THEN_gpt-3.5-turbo,2,390
200–400,news-7ba7d0ce42b09f340cc6ee6eb083f689,news-7ba7d0ce42b09f340cc6ee6eb083f689_human_ai_polished_claude-3-5-sonnet-20241022,1,394
200–400,news-7ba7d0ce42b09f340cc6ee6eb083f689,news-7ba7d0ce42b09f340cc6ee6eb083f689_human_written,0,379
400–600,news-7eb077e1dafa5f89bf0a16a91429e957,news-7eb077e1dafa5f89bf0a16a91429e957_ai_generated_claude-3-5-sonnet-20241022,2,526
400–600,news-7eb077e1dafa5f89bf0a16a91429e957,news-7eb077e1dafa5f89bf0a16a91429e957_ai_humanized_tool,3,544
400–600,news-7eb077e1dafa5f89bf0a16a91429e957,news-7eb077e1dafa5f89bf0a16a91429e957_human_ai_polished_gpt-4o-2024-11-20,1,527
400–600,news-7eb077e1dafa5f89bf0a16a91429e957,news-7eb077e1dafa5f89bf0a16a91429e957_human_written,0,543
200–400,news-7ffb737e2a88854c32fa7de47b9d5b06,news-7ffb737e2a88854c32fa7de47b9d5b06_ai_generated_llama-3.3-70b-instruct,2,273
200–400,news-7ffb737e2a88854c32fa7de47b9d5b06,news-7ffb737e2a88854c32fa7de47b9d5b06_ai_humanized_human,3,311
200–400,news-7ffb737e2a88854c32fa7de47b9d5b06,news-7ffb737e2a88854c32fa7de47b9d5b06_human_ai_polished_gpt-3.5-turbo,1,290
200–400,news-7ffb737e2a88854c32fa7de47b9d5b06,news-7ffb737e2a88854c32fa7de47b9d5b06_human_written,0,296
200–400,news-80a94f4504001bf13728861793e427c6,news-80a94f4504001bf13728861793e427c6_ai_generated_gpt-3.5-turbo,2,393
200–400,news-80a94f4504001bf13728861793e427c6,news-80a94f4504001bf13728861793e427c6_ai_generated_gpt-3.5-turbo_THEN_gpt-4o-2024-11-20,2,386
200–400,news-80a94f4504001bf13728861793e427c6,news-80a94f4504001bf13728861793e427c6_human_ai_polished_gpt-4o-2024-11-20,1,392
200–400,news-80a94f4504001bf13728861793e427c6,news-80a94f4504001bf13728861793e427c6_human_written,0,385
400–600,news-817e9697c36f311297647ee215fd5fd7,news-817e9697c36f311297647ee215fd5fd7_ai_generated_qwen2.5-72b-instruct,2,469
400–600,news-817e9697c36f311297647ee215fd5fd7,news-817e9697c36f311297647ee215fd5fd7_ai_generated_qwen2.5-72b-instruct_THEN_gpt-4o-2024-11-20,2,446
200–400,news-817e9697c36f311297647ee215fd5fd7,news-817e9697c36f311297647ee215fd5fd7_human_ai_polished_gpt-3.5-turbo,1,383
400–600,news-817e9697c36f311297647ee215fd5fd7,news-817e9697c36f311297647ee215fd5fd7_human_written,0,407
600–800,news-83e143d98c15af5c3ca0eeaddb2d3ad4,news-83e143d98c15af5c3ca0eeaddb2d3ad4_ai_generated_qwen2.5-72b-instruct,2,673
600–800,news-83e143d98c15af5c3ca0eeaddb2d3ad4,news-83e143d98c15af5c3ca0eeaddb2d3ad4_ai_generated_qwen2.5-72b-instruct_THEN_claude-3-5-sonnet-20241022,2,706
600–800,news-83e143d98c15af5c3ca0eeaddb2d3ad4,news-83e143d98c15af5c3ca0eeaddb2d3ad4_human_ai_polished_gpt-4o-2024-11-20,1,683
600–800,news-83e143d98c15af5c3ca0eeaddb2d3ad4,news-83e143d98c15af5c3ca0eeaddb2d3ad4_human_written,0,653
400–600,news-89655acb6bb1c23a99ca0b483bef227c,news-89655acb6bb1c23a99ca0b483bef227c_ai_generated_llama-3.3-70b-instruct,2,477
400–600,news-89655acb6bb1c23a99ca0b483bef227c,news-89655acb6bb1c23a99ca0b483bef227c_ai_generated_llama-3.3-70b-instruct_THEN_gemini-1.5-pro-002,2,493
400–600,news-89655acb6bb1c23a99ca0b483bef227c,news-89655acb6bb1c23a99ca0b483bef227c_human_ai_polished_gpt-4o-2024-11-20,1,516
400–600,news-89655acb6bb1c23a99ca0b483bef227c,news-89655acb6bb1c23a99ca0b483bef227c_human_written,0,516
400–600,news-897899f0456a925f29270141c1f6f5a6,news-897899f0456a925f29270141c1f6f5a6_ai_generated_gpt-3.5-turbo,2,494
400–600,news-897899f0456a925f29270141c1f6f5a6,news-897899f0456a925f29270141c1f6f5a6_ai_humanized_tool,3,559
400–600,news-897899f0456a925f29270141c1f6f5a6,news-897899f0456a925f29270141c1f6f5a6_human_ai_polished_gpt-3.5-turbo,1,510
400–600,news-897899f0456a925f29270141c1f6f5a6,news-897899f0456a925f29270141c1f6f5a6_human_written,0,528
400–600,news-899fa30cc9da40432d2f1016e10dd817,news-899fa30cc9da40432d2f1016e10dd817_ai_generated_gpt-3.5-turbo,2,561
400–600,news-899fa30cc9da40432d2f1016e10dd817,news-899fa30cc9da40432d2f1016e10dd817_ai_generated_gpt-3.5-turbo_THEN_gemini-1.5-pro-002,2,579
600–800,news-899fa30cc9da40432d2f1016e10dd817,news-899fa30cc9da40432d2f1016e10dd817_human_ai_polished_gpt-3.5-turbo,1,618
600–800,news-899fa30cc9da40432d2f1016e10dd817,news-899fa30cc9da40432d2f1016e10dd817_human_written,0,650
400–600,news-8c084cca6df64d4a33bfd5156e55a161,news-8c084cca6df64d4a33bfd5156e55a161_ai_generated_gpt-4o-2024-11-20,2,403
200–400,news-8c084cca6df64d4a33bfd5156e55a161,news-8c084cca6df64d4a33bfd5156e55a161_ai_humanized_tool,3,393
200–400,news-8c084cca6df64d4a33bfd5156e55a161,news-8c084cca6df64d4a33bfd5156e55a161_human_ai_polished_gemini-1.5-pro-002,1,391
400–600,news-8c084cca6df64d4a33bfd5156e55a161,news-8c084cca6df64d4a33bfd5156e55a161_human_written,0,403
400–600,news-8d37a446cded7f21866d3bcc142e328a,news-8d37a446cded7f21866d3bcc142e328a_ai_generated_gemini-1.5-pro-002,2,474
400–600,news-8d37a446cded7f21866d3bcc142e328a,news-8d37a446cded7f21866d3bcc142e328a_ai_humanized_tool,3,468
400–600,news-8d37a446cded7f21866d3bcc142e328a,news-8d37a446cded7f21866d3bcc142e328a_human_ai_polished_gpt-4o-2024-11-20,1,448
400–600,news-8d37a446cded7f21866d3bcc142e328a,news-8d37a446cded7f21866d3bcc142e328a_human_written,0,476
200–400,news-8d636ad143aae96c32c181dd9a25fa26,news-8d636ad143aae96c32c181dd9a25fa26_ai_generated_claude-3-5-sonnet-20241022,2,358
200–400,news-8d636ad143aae96c32c181dd9a25fa26,news-8d636ad143aae96c32c181dd9a25fa26_ai_generated_claude-3-5-sonnet-20241022_THEN_gemini-1.5-pro-002,2,326
200–400,news-8d636ad143aae96c32c181dd9a25fa26,news-8d636ad143aae96c32c181dd9a25fa26_human_ai_polished_claude-3-5-sonnet-20241022,1,372
200–400,news-8d636ad143aae96c32c181dd9a25fa26,news-8d636ad143aae96c32c181dd9a25fa26_human_written,0,381
0–200,news-8e18bd2de0db6cececb6c70aadef8e6f,news-8e18bd2de0db6cececb6c70aadef8e6f_ai_generated_gpt-3.5-turbo,2,86
0–200,news-8e18bd2de0db6cececb6c70aadef8e6f,news-8e18bd2de0db6cececb6c70aadef8e6f_ai_humanized_human,3,94
0–200,news-8e18bd2de0db6cececb6c70aadef8e6f,news-8e18bd2de0db6cececb6c70aadef8e6f_human_ai_polished_gpt-3.5-turbo,1,95
0–200,news-8e18bd2de0db6cececb6c70aadef8e6f,news-8e18bd2de0db6cececb6c70aadef8e6f_human_written,0,90
0–200,news-8eca0014994607936d6cdef6fd79c6f3,news-8eca0014994607936d6cdef6fd79c6f3_ai_generated_gemini-1.5-pro-002,2,183
200–400,news-8eca0014994607936d6cdef6fd79c6f3,news-8eca0014994607936d6cdef6fd79c6f3_ai_generated_gemini-1.5-pro-002_THEN_gemini-1.5-pro-002,2,244
200–400,news-8eca0014994607936d6cdef6fd79c6f3,news-8eca0014994607936d6cdef6fd79c6f3_human_ai_polished_gpt-4o-2024-11-20,1,201
200–400,news-8eca0014994607936d6cdef6fd79c6f3,news-8eca0014994607936d6cdef6fd79c6f3_human_written,0,214
400–600,news-8ee1b338e48ff36256d2ca281e4cc6c1,news-8ee1b338e48ff36256d2ca281e4cc6c1_ai_generated_llama-3.3-70b-instruct,2,426
400–600,news-8ee1b338e48ff36256d2ca281e4cc6c1,news-8ee1b338e48ff36256d2ca281e4cc6c1_ai_generated_llama-3.3-70b-instruct_THEN_claude-3-5-sonnet-20241022,2,444
400–600,news-8ee1b338e48ff36256d2ca281e4cc6c1,news-8ee1b338e48ff36256d2ca281e4cc6c1_human_ai_polished_gemini-1.5-pro-002,1,453
400–600,news-8ee1b338e48ff36256d2ca281e4cc6c1,news-8ee1b338e48ff36256d2ca281e4cc6c1_human_written,0,446
200–400,news-8f716801ddb5b1a96c928e1482ae080c,news-8f716801ddb5b1a96c928e1482ae080c_ai_generated_llama-3.3-70b-instruct,2,362
200–400,news-8f716801ddb5b1a96c928e1482ae080c,news-8f716801ddb5b1a96c928e1482ae080c_ai_generated_llama-3.3-70b-instruct_THEN_gemini-1.5-pro-002,2,374
200–400,news-8f716801ddb5b1a96c928e1482ae080c,news-8f716801ddb5b1a96c928e1482ae080c_human_ai_polished_gpt-4o-2024-11-20,1,361
400–600,news-8f716801ddb5b1a96c928e1482ae080c,news-8f716801ddb5b1a96c928e1482ae080c_human_written,0,401
200–400,news-91bb3f2ec885744a11a1f4ab92023b85,news-91bb3f2ec885744a11a1f4ab92023b85_ai_generated_gpt-3.5-turbo,2,299
200–400,news-91bb3f2ec885744a11a1f4ab92023b85,news-91bb3f2ec885744a11a1f4ab92023b85_ai_humanized_tool,3,296
200–400,news-91bb3f2ec885744a11a1f4ab92023b85,news-91bb3f2ec885744a11a1f4ab92023b85_human_ai_polished_gpt-3.5-turbo,1,360
200–400,news-91bb3f2ec885744a11a1f4ab92023b85,news-91bb3f2ec885744a11a1f4ab92023b85_human_written,0,366
600–800,news-944debdf202d81150a1a2b10588adf92,news-944debdf202d81150a1a2b10588adf92_ai_generated_gpt-3.5-turbo,2,744
600–800,news-944debdf202d81150a1a2b10588adf92,news-944debdf202d81150a1a2b10588adf92_ai_humanized_tool,3,671
600–800,news-944debdf202d81150a1a2b10588adf92,news-944debdf202d81150a1a2b10588adf92_human_ai_polished_gemini-1.5-pro-002,1,768
800+,news-944debdf202d81150a1a2b10588adf92,news-944debdf202d81150a1a2b10588adf92_human_written,0,828
200–400,news-9548f093138087dc365d6f2c7de0bbf3,news-9548f093138087dc365d6f2c7de0bbf3_ai_generated_gpt-4o-2024-11-20,2,232
200–400,news-9548f093138087dc365d6f2c7de0bbf3,news-9548f093138087dc365d6f2c7de0bbf3_ai_humanized_tool,3,239
200–400,news-9548f093138087dc365d6f2c7de0bbf3,news-9548f093138087dc365d6f2c7de0bbf3_human_ai_polished_gemini-1.5-pro-002,1,257
200–400,news-9548f093138087dc365d6f2c7de0bbf3,news-9548f093138087dc365d6f2c7de0bbf3_human_written,0,241
400–600,news-956a6512d8d24702e2b8f854c8ed0a65,news-956a6512d8d24702e2b8f854c8ed0a65_ai_generated_llama-3.3-70b-instruct,2,582
600–800,news-956a6512d8d24702e2b8f854c8ed0a65,news-956a6512d8d24702e2b8f854c8ed0a65_ai_generated_llama-3.3-70b-instruct_THEN_claude-3-5-sonnet-20241022,2,619
600–800,news-956a6512d8d24702e2b8f854c8ed0a65,news-956a6512d8d24702e2b8f854c8ed0a65_human_ai_polished_claude-3-5-sonnet-20241022,1,670
600–800,news-956a6512d8d24702e2b8f854c8ed0a65,news-956a6512d8d24702e2b8f854c8ed0a65_human_written,0,663
600–800,news-95911fedc0890b0051bd43f1a25a9570,news-95911fedc0890b0051bd43f1a25a9570_ai_generated_gemini-1.5-pro-002,2,712
600–800,news-95911fedc0890b0051bd43f1a25a9570,news-95911fedc0890b0051bd43f1a25a9570_ai_generated_gemini-1.5-pro-002_THEN_gpt-4o-2024-11-20,2,685
600–800,news-95911fedc0890b0051bd43f1a25a9570,news-95911fedc0890b0051bd43f1a25a9570_human_ai_polished_gpt-4o-2024-11-20,1,761
600–800,news-95911fedc0890b0051bd43f1a25a9570,news-95911fedc0890b0051bd43f1a25a9570_human_written,0,743
800+,news-96307949e5001e8b6f6bef1d9ed5b058,news-96307949e5001e8b6f6bef1d9ed5b058_ai_generated_llama-3.3-70b-instruct,2,972
600–800,news-96307949e5001e8b6f6bef1d9ed5b058,news-96307949e5001e8b6f6bef1d9ed5b058_ai_generated_llama-3.3-70b-instruct_THEN_claude-3-5-sonnet-20241022,2,793
800+,news-96307949e5001e8b6f6bef1d9ed5b058,news-96307949e5001e8b6f6bef1d9ed5b058_human_ai_polished_gpt-3.5-turbo,1,1020
800+,news-96307949e5001e8b6f6bef1d9ed5b058,news-96307949e5001e8b6f6bef1d9ed5b058_human_written,0,1008
0–200,news-96cdded9cbb09d84e074057c78691987,news-96cdded9cbb09d84e074057c78691987_ai_generated_gpt-3.5-turbo,2,166
200–400,news-96cdded9cbb09d84e074057c78691987,news-96cdded9cbb09d84e074057c78691987_ai_generated_gpt-3.5-turbo_THEN_claude-3-5-sonnet-20241022,2,208
0–200,news-96cdded9cbb09d84e074057c78691987,news-96cdded9cbb09d84e074057c78691987_human_ai_polished_gemini-1.5-pro-002,1,143
0–200,news-96cdded9cbb09d84e074057c78691987,news-96cdded9cbb09d84e074057c78691987_human_written,0,163
0–200,news-99f554200d36c415aad554b54ec83755,news-99f554200d36c415aad554b54ec83755_ai_generated_gemini-1.5-pro-002,2,169
0–200,news-99f554200d36c415aad554b54ec83755,news-99f554200d36c415aad554b54ec83755_ai_generated_gemini-1.5-pro-002_THEN_gpt-4o-2024-11-20,2,160
0–200,news-99f554200d36c415aad554b54ec83755,news-99f554200d36c415aad554b54ec83755_human_ai_polished_gpt-4o-2024-11-20,1,170
0–200,news-99f554200d36c415aad554b54ec83755,news-99f554200d36c415aad554b54ec83755_human_written,0,191
0–200,news-9a21907b6e9211ec7bb48e98ec98df76,news-9a21907b6e9211ec7bb48e98ec98df76_ai_generated_gpt-3.5-turbo,2,138
0–200,news-9a21907b6e9211ec7bb48e98ec98df76,news-9a21907b6e9211ec7bb48e98ec98df76_ai_generated_gpt-3.5-turbo_THEN_gpt-4o-2024-11-20,2,151
0–200,news-9a21907b6e9211ec7bb48e98ec98df76,news-9a21907b6e9211ec7bb48e98ec98df76_human_ai_polished_claude-3-5-sonnet-20241022,1,126
0–200,news-9a21907b6e9211ec7bb48e98ec98df76,news-9a21907b6e9211ec7bb48e98ec98df76_human_written,0,138
400–600,news-9a823c8c180ee785c6c9363fc3b87788,news-9a823c8c180ee785c6c9363fc3b87788_ai_generated_claude-3-5-sonnet-20241022,2,438
400–600,news-9a823c8c180ee785c6c9363fc3b87788,news-9a823c8c180ee785c6c9363fc3b87788_ai_generated_claude-3-5-sonnet-20241022_THEN_gpt-4o-2024-11-20,2,477
400–600,news-9a823c8c180ee785c6c9363fc3b87788,news-9a823c8c180ee785c6c9363fc3b87788_human_ai_polished_gpt-3.5-turbo,1,452
400–600,news-9a823c8c180ee785c6c9363fc3b87788,news-9a823c8c180ee785c6c9363fc3b87788_human_written,0,455
400–600,news-9dda716d4ae1e407ab87d4a2bdb8a84a,news-9dda716d4ae1e407ab87d4a2bdb8a84a_ai_generated_gpt-3.5-turbo,2,471
400–600,news-9dda716d4ae1e407ab87d4a2bdb8a84a,news-9dda716d4ae1e407ab87d4a2bdb8a84a_ai_generated_gpt-3.5-turbo_THEN_gemini-1.5-pro-002,2,519
400–600,news-9dda716d4ae1e407ab87d4a2bdb8a84a,news-9dda716d4ae1e407ab87d4a2bdb8a84a_human_ai_polished_claude-3-5-sonnet-20241022,1,495
400–600,news-9dda716d4ae1e407ab87d4a2bdb8a84a,news-9dda716d4ae1e407ab87d4a2bdb8a84a_human_written,0,485
200–400,news-9f4f003a98053eb21e616916e5801497,news-9f4f003a98053eb21e616916e5801497_ai_generated_claude-3-5-sonnet-20241022,2,336
200–400,news-9f4f003a98053eb21e616916e5801497,news-9f4f003a98053eb21e616916e5801497_ai_humanized_tool,3,396
200–400,news-9f4f003a98053eb21e616916e5801497,news-9f4f003a98053eb21e616916e5801497_human_ai_polished_claude-3-5-sonnet-20241022,1,359
200–400,news-9f4f003a98053eb21e616916e5801497,news-9f4f003a98053eb21e616916e5801497_human_written,0,344
800+,news-9fd4aebe6ddbfda0a4b13d41eaedfba1,news-9fd4aebe6ddbfda0a4b13d41eaedfba1_ai_generated_gpt-4o-2024-11-20,2,1240
800+,news-9fd4aebe6ddbfda0a4b13d41eaedfba1,news-9fd4aebe6ddbfda0a4b13d41eaedfba1_ai_generated_gpt-4o-2024-11-20_THEN_gpt-3.5-turbo,2,1134
800+,news-9fd4aebe6ddbfda0a4b13d41eaedfba1,news-9fd4aebe6ddbfda0a4b13d41eaedfba1_human_ai_polished_gpt-4o-2024-11-20,1,1315
800+,news-9fd4aebe6ddbfda0a4b13d41eaedfba1,news-9fd4aebe6ddbfda0a4b13d41eaedfba1_human_written,0,1264
400–600,news-a1f11a0b0bfc73ca513a575c44306afd,news-a1f11a0b0bfc73ca513a575c44306afd_ai_generated_qwen2.5-72b-instruct,2,591
600–800,news-a1f11a0b0bfc73ca513a575c44306afd,news-a1f11a0b0bfc73ca513a575c44306afd_ai_generated_qwen2.5-72b-instruct_THEN_gpt-3.5-turbo,2,619
600–800,news-a1f11a0b0bfc73ca513a575c44306afd,news-a1f11a0b0bfc73ca513a575c44306afd_human_ai_polished_gpt-3.5-turbo,1,627
600–800,news-a1f11a0b0bfc73ca513a575c44306afd,news-a1f11a0b0bfc73ca513a575c44306afd_human_written,0,627
400–600,news-a3561bced812729eb8484cdb304abdce,news-a3561bced812729eb8484cdb304abdce_ai_generated_gpt-4o-2024-11-20,2,517
400–600,news-a3561bced812729eb8484cdb304abdce,news-a3561bced812729eb8484cdb304abdce_ai_generated_gpt-4o-2024-11-20_THEN_claude-3-5-sonnet-20241022,2,549
400–600,news-a3561bced812729eb8484cdb304abdce,news-a3561bced812729eb8484cdb304abdce_human_ai_polished_gpt-3.5-turbo,1,542
400–600,news-a3561bced812729eb8484cdb304abdce,news-a3561bced812729eb8484cdb304abdce_human_written,0,548
0–200,news-a40a16bda8b3ba587a03a3a569aabdc5,news-a40a16bda8b3ba587a03a3a569aabdc5_ai_generated_gemini-1.5-pro-002,2,171
0–200,news-a40a16bda8b3ba587a03a3a569aabdc5,news-a40a16bda8b3ba587a03a3a569aabdc5_ai_generated_gemini-1.5-pro-002_THEN_claude-3-5-sonnet-20241022,2,183
0–200,news-a40a16bda8b3ba587a03a3a569aabdc5,news-a40a16bda8b3ba587a03a3a569aabdc5_human_ai_polished_gpt-4o-2024-11-20,1,113
0–200,news-a40a16bda8b3ba587a03a3a569aabdc5,news-a40a16bda8b3ba587a03a3a569aabdc5_human_written,0,107
200–400,news-a6809d2e349c02fa2ac7714817ce4c1d,news-a6809d2e349c02fa2ac7714817ce4c1d_ai_generated_llama-3.3-70b-instruct,2,303
200–400,news-a6809d2e349c02fa2ac7714817ce4c1d,news-a6809d2e349c02fa2ac7714817ce4c1d_ai_generated_llama-3.3-70b-instruct_THEN_claude-3-5-sonnet-20241022,2,292
200–400,news-a6809d2e349c02fa2ac7714817ce4c1d,news-a6809d2e349c02fa2ac7714817ce4c1d_human_ai_polished_gpt-4o-2024-11-20,1,253
200–400,news-a6809d2e349c02fa2ac7714817ce4c1d,news-a6809d2e349c02fa2ac7714817ce4c1d_human_written,0,309
200–400,news-a825282c9f19471e12e35bbe9f4e8316,news-a825282c9f19471e12e35bbe9f4e8316_ai_generated_claude-3-5-sonnet-20241022,2,201
200–400,news-a825282c9f19471e12e35bbe9f4e8316,news-a825282c9f19471e12e35bbe9f4e8316_ai_humanized_tool,3,211
200–400,news-a825282c9f19471e12e35bbe9f4e8316,news-a825282c9f19471e12e35bbe9f4e8316_human_ai_polished_gpt-4o-2024-11-20,1,202
200–400,news-a825282c9f19471e12e35bbe9f4e8316,news-a825282c9f19471e12e35bbe9f4e8316_human_written,0,206
200–400,news-a8e2fc1f397d6b645f9a6d02aae3f967,news-a8e2fc1f397d6b645f9a6d02aae3f967_ai_generated_gpt-4o-2024-11-20,2,243
200–400,news-a8e2fc1f397d6b645f9a6d02aae3f967,news-a8e2fc1f397d6b645f9a6d02aae3f967_ai_humanized_tool,3,268
800+,news-a8e2fc1f397d6b645f9a6d02aae3f967,news-a8e2fc1f397d6b645f9a6d02aae3f967_human_ai_polished_gemini-1.5-pro-002,1,865
800+,news-a8e2fc1f397d6b645f9a6d02aae3f967,news-a8e2fc1f397d6b645f9a6d02aae3f967_human_written,0,851
0–200,news-a91099c54f5ca6fa6131173840f86f2a,news-a91099c54f5ca6fa6131173840f86f2a_ai_generated_claude-3-5-sonnet-20241022,2,126
0–200,news-a91099c54f5ca6fa6131173840f86f2a,news-a91099c54f5ca6fa6131173840f86f2a_ai_generated_claude-3-5-sonnet-20241022_THEN_gemini-1.5-pro-002,2,94
0–200,news-a91099c54f5ca6fa6131173840f86f2a,news-a91099c54f5ca6fa6131173840f86f2a_human_ai_polished_gpt-4o-2024-11-20,1,111
0–200,news-a91099c54f5ca6fa6131173840f86f2a,news-a91099c54f5ca6fa6131173840f86f2a_human_written,0,116
400–600,news-ab22927ea2ddf660545716db44494b4a,news-ab22927ea2ddf660545716db44494b4a_ai_generated_gemini-1.5-pro-002,2,485
400–600,news-ab22927ea2ddf660545716db44494b4a,news-ab22927ea2ddf660545716db44494b4a_ai_humanized_human,3,517
400–600,news-ab22927ea2ddf660545716db44494b4a,news-ab22927ea2ddf660545716db44494b4a_human_ai_polished_gemini-1.5-pro-002,1,591
400–600,news-ab22927ea2ddf660545716db44494b4a,news-ab22927ea2ddf660545716db44494b4a_human_written,0,554
200–400,news-abdc0187a741ddd70b73beaea21ff70f,news-abdc0187a741ddd70b73beaea21ff70f_ai_generated_llama-3.3-70b-instruct,2,338
200–400,news-abdc0187a741ddd70b73beaea21ff70f,news-abdc0187a741ddd70b73beaea21ff70f_ai_humanized_tool,3,328
400–600,news-abdc0187a741ddd70b73beaea21ff70f,news-abdc0187a741ddd70b73beaea21ff70f_human_ai_polished_gemini-1.5-pro-002,1,416
400–600,news-abdc0187a741ddd70b73beaea21ff70f,news-abdc0187a741ddd70b73beaea21ff70f_human_written,0,432
200–400,news-ac14eeaec1c82279bbfa8f29d88026c6,news-ac14eeaec1c82279bbfa8f29d88026c6_ai_generated_llama-3.3-70b-instruct,2,387
200–400,news-ac14eeaec1c82279bbfa8f29d88026c6,news-ac14eeaec1c82279bbfa8f29d88026c6_ai_generated_llama-3.3-70b-instruct_THEN_gemini-1.5-pro-002,2,376
200–400,news-ac14eeaec1c82279bbfa8f29d88026c6,news-ac14eeaec1c82279bbfa8f29d88026c6_human_ai_polished_gpt-4o-2024-11-20,1,399
400–600,news-ac14eeaec1c82279bbfa8f29d88026c6,news-ac14eeaec1c82279bbfa8f29d88026c6_human_written,0,412
400–600,news-acb07cc8b5d677989e2fe6ddfc667ba3,news-acb07cc8b5d677989e2fe6ddfc667ba3_ai_generated_claude-3-5-sonnet-20241022,2,542
400–600,news-acb07cc8b5d677989e2fe6ddfc667ba3,news-acb07cc8b5d677989e2fe6ddfc667ba3_ai_generated_claude-3-5-sonnet-20241022_THEN_gpt-4o-2024-11-20,2,550
400–600,news-acb07cc8b5d677989e2fe6ddfc667ba3,news-acb07cc8b5d677989e2fe6ddfc667ba3_human_ai_polished_gpt-4o-2024-11-20,1,517
400–600,news-acb07cc8b5d677989e2fe6ddfc667ba3,news-acb07cc8b5d677989e2fe6ddfc667ba3_human_written,0,572
200–400,news-ad19da593f37ef76d1fbdabc95aee1cf,news-ad19da593f37ef76d1fbdabc95aee1cf_ai_generated_qwen2.5-72b-instruct,2,266
200–400,news-ad19da593f37ef76d1fbdabc95aee1cf,news-ad19da593f37ef76d1fbdabc95aee1cf_ai_generated_qwen2.5-72b-instruct_THEN_gemini-1.5-pro-002,2,275
200–400,news-ad19da593f37ef76d1fbdabc95aee1cf,news-ad19da593f37ef76d1fbdabc95aee1cf_human_ai_polished_gemini-1.5-pro-002,1,287
200–400,news-ad19da593f37ef76d1fbdabc95aee1cf,news-ad19da593f37ef76d1fbdabc95aee1cf_human_written,0,280
200–400,news-af5065f8e1fc75d2c0f71444c03f1781,news-af5065f8e1fc75d2c0f71444c03f1781_ai_generated_claude-3-5-sonnet-20241022,2,240
200–400,news-af5065f8e1fc75d2c0f71444c03f1781,news-af5065f8e1fc75d2c0f71444c03f1781_ai_generated_claude-3-5-sonnet-20241022_THEN_claude-3-5-sonnet-20241022,2,238
200–400,news-af5065f8e1fc75d2c0f71444c03f1781,news-af5065f8e1fc75d2c0f71444c03f1781_human_ai_polished_gpt-4o-2024-11-20,1,242
200–400,news-af5065f8e1fc75d2c0f71444c03f1781,news-af5065f8e1fc75d2c0f71444c03f1781_human_written,0,216
200–400,news-af577dd738c9694c28bda20cfc947fa6,news-af577dd738c9694c28bda20cfc947fa6_ai_generated_gpt-4o-2024-11-20,2,275
200–400,news-af577dd738c9694c28bda20cfc947fa6,news-af577dd738c9694c28bda20cfc947fa6_ai_humanized_tool,3,226
200–400,news-af577dd738c9694c28bda20cfc947fa6,news-af577dd738c9694c28bda20cfc947fa6_human_ai_polished_claude-3-5-sonnet-20241022,1,277
200–400,news-af577dd738c9694c28bda20cfc947fa6,news-af577dd738c9694c28bda20cfc947fa6_human_written,0,280
200–400,news-b0fb41da32cd042a4f2a03e6df33f939,news-b0fb41da32cd042a4f2a03e6df33f939_ai_generated_gemini-1.5-pro-002,2,314
200–400,news-b0fb41da32cd042a4f2a03e6df33f939,news-b0fb41da32cd042a4f2a03e6df33f939_ai_generated_gemini-1.5-pro-002_THEN_gemini-1.5-pro-002,2,320
200–400,news-b0fb41da32cd042a4f2a03e6df33f939,news-b0fb41da32cd042a4f2a03e6df33f939_human_ai_polished_gpt-3.5-turbo,1,333
200–400,news-b0fb41da32cd042a4f2a03e6df33f939,news-b0fb41da32cd042a4f2a03e6df33f939_human_written,0,313
800+,news-b195a8d1596495789f6c3b068b8c574f,news-b195a8d1596495789f6c3b068b8c574f_ai_generated_qwen2.5-72b-instruct,2,852
800+,news-b195a8d1596495789f6c3b068b8c574f,news-b195a8d1596495789f6c3b068b8c574f_ai_generated_qwen2.5-72b-instruct_THEN_gpt-4o-2024-11-20,2,954
800+,news-b195a8d1596495789f6c3b068b8c574f,news-b195a8d1596495789f6c3b068b8c574f_human_ai_polished_gemini-1.5-pro-002,1,883
800+,news-b195a8d1596495789f6c3b068b8c574f,news-b195a8d1596495789f6c3b068b8c574f_human_written,0,954
200–400,news-b20d9343342a735c4d124d16d0560e93,news-b20d9343342a735c4d124d16d0560e93_ai_generated_llama-3.3-70b-instruct,2,345
200–400,news-b20d9343342a735c4d124d16d0560e93,news-b20d9343342a735c4d124d16d0560e93_ai_generated_llama-3.3-70b-instruct_THEN_gemini-1.5-pro-002,2,376
200–400,news-b20d9343342a735c4d124d16d0560e93,news-b20d9343342a735c4d124d16d0560e93_human_ai_polished_claude-3-5-sonnet-20241022,1,367
200–400,news-b20d9343342a735c4d124d16d0560e93,news-b20d9343342a735c4d124d16d0560e93_human_written,0,355
200–400,news-b343b950d5c520ed36f4c004f712c9a5,news-b343b950d5c520ed36f4c004f712c9a5_ai_generated_gemini-1.5-pro-002,2,370
400–600,news-b343b950d5c520ed36f4c004f712c9a5,news-b343b950d5c520ed36f4c004f712c9a5_ai_humanized_human,3,422
400–600,news-b343b950d5c520ed36f4c004f712c9a5,news-b343b950d5c520ed36f4c004f712c9a5_human_ai_polished_gemini-1.5-pro-002,1,430
200–400,news-b343b950d5c520ed36f4c004f712c9a5,news-b343b950d5c520ed36f4c004f712c9a5_human_written,0,396
200–400,news-b52eeb49f1a15fb3bcbc3cd0e5896591,news-b52eeb49f1a15fb3bcbc3cd0e5896591_ai_generated_gemini-1.5-pro-002,2,395
400–600,news-b52eeb49f1a15fb3bcbc3cd0e5896591,news-b52eeb49f1a15fb3bcbc3cd0e5896591_ai_generated_gemini-1.5-pro-002_THEN_claude-3-5-sonnet-20241022,2,403
400–600,news-b52eeb49f1a15fb3bcbc3cd0e5896591,news-b52eeb49f1a15fb3bcbc3cd0e5896591_human_ai_polished_claude-3-5-sonnet-20241022,1,525
400–600,news-b52eeb49f1a15fb3bcbc3cd0e5896591,news-b52eeb49f1a15fb3bcbc3cd0e5896591_human_written,0,463
0–200,news-b6e8ebbbe038596c1bd64353dd76c9fd,news-b6e8ebbbe038596c1bd64353dd76c9fd_ai_generated_qwen2.5-72b-instruct,2,143
0–200,news-b6e8ebbbe038596c1bd64353dd76c9fd,news-b6e8ebbbe038596c1bd64353dd76c9fd_ai_humanized_tool,3,175
0–200,news-b6e8ebbbe038596c1bd64353dd76c9fd,news-b6e8ebbbe038596c1bd64353dd76c9fd_human_ai_polished_gpt-4o-2024-11-20,1,164
0–200,news-b6e8ebbbe038596c1bd64353dd76c9fd,news-b6e8ebbbe038596c1bd64353dd76c9fd_human_written,0,163
400–600,news-b7d22dd505619f6fbb02a2ef8fa59813,news-b7d22dd505619f6fbb02a2ef8fa59813_ai_generated_claude-3-5-sonnet-20241022,2,422
200–400,news-b7d22dd505619f6fbb02a2ef8fa59813,news-b7d22dd505619f6fbb02a2ef8fa59813_ai_humanized_tool,3,383
200–400,news-b7d22dd505619f6fbb02a2ef8fa59813,news-b7d22dd505619f6fbb02a2ef8fa59813_human_ai_polished_claude-3-5-sonnet-20241022,1,396
400–600,news-b7d22dd505619f6fbb02a2ef8fa59813,news-b7d22dd505619f6fbb02a2ef8fa59813_human_written,0,429
0–200,news-b808cde9c9086c04f29e90de26fd1383,news-b808cde9c9086c04f29e90de26fd1383_ai_generated_gemini-1.5-pro-002,2,111
0–200,news-b808cde9c9086c04f29e90de26fd1383,news-b808cde9c9086c04f29e90de26fd1383_ai_generated_gemini-1.5-pro-002_THEN_claude-3-5-sonnet-20241022,2,119
0–200,news-b808cde9c9086c04f29e90de26fd1383,news-b808cde9c9086c04f29e90de26fd1383_human_ai_polished_claude-3-5-sonnet-20241022,1,124
0–200,news-b808cde9c9086c04f29e90de26fd1383,news-b808cde9c9086c04f29e90de26fd1383_human_written,0,124
200–400,news-b853cae57d080d35e8c552b8fae0dc6e,news-b853cae57d080d35e8c552b8fae0dc6e_ai_generated_llama-3.3-70b-instruct,2,267
200–400,news-b853cae57d080d35e8c552b8fae0dc6e,news-b853cae57d080d35e8c552b8fae0dc6e_ai_generated_llama-3.3-70b-instruct_THEN_gpt-4o-2024-11-20,2,261
200–400,news-b853cae57d080d35e8c552b8fae0dc6e,news-b853cae57d080d35e8c552b8fae0dc6e_human_ai_polished_claude-3-5-sonnet-20241022,1,318
200–400,news-b853cae57d080d35e8c552b8fae0dc6e,news-b853cae57d080d35e8c552b8fae0dc6e_human_written,0,293
200–400,news-bba10862f0faf1f5975c80cdee1cb5d6,news-bba10862f0faf1f5975c80cdee1cb5d6_ai_generated_gpt-4o-2024-11-20,2,221
200–400,news-bba10862f0faf1f5975c80cdee1cb5d6,news-bba10862f0faf1f5975c80cdee1cb5d6_ai_generated_gpt-4o-2024-11-20_THEN_gemini-1.5-pro-002,2,223
200–400,news-bba10862f0faf1f5975c80cdee1cb5d6,news-bba10862f0faf1f5975c80cdee1cb5d6_human_ai_polished_gpt-3.5-turbo,1,238
200–400,news-bba10862f0faf1f5975c80cdee1cb5d6,news-bba10862f0faf1f5975c80cdee1cb5d6_human_written,0,230
400–600,news-bc08bf783add4fa5bd6b6f27b57b2b38,news-bc08bf783add4fa5bd6b6f27b57b2b38_ai_generated_gemini-1.5-pro-002,2,554
400–600,news-bc08bf783add4fa5bd6b6f27b57b2b38,news-bc08bf783add4fa5bd6b6f27b57b2b38_ai_generated_gemini-1.5-pro-002_THEN_gpt-4o-2024-11-20,2,546
400–600,news-bc08bf783add4fa5bd6b6f27b57b2b38,news-bc08bf783add4fa5bd6b6f27b57b2b38_human_ai_polished_gemini-1.5-pro-002,1,559
400–600,news-bc08bf783add4fa5bd6b6f27b57b2b38,news-bc08bf783add4fa5bd6b6f27b57b2b38_human_written,0,545
400–600,news-bc27eb9ba90e1fce6396a18c84d8786d,news-bc27eb9ba90e1fce6396a18c84d8786d_ai_generated_qwen2.5-72b-instruct,2,516
400–600,news-bc27eb9ba90e1fce6396a18c84d8786d,news-bc27eb9ba90e1fce6396a18c84d8786d_ai_generated_qwen2.5-72b-instruct_THEN_claude-3-5-sonnet-20241022,2,551
400–600,news-bc27eb9ba90e1fce6396a18c84d8786d,news-bc27eb9ba90e1fce6396a18c84d8786d_human_ai_polished_claude-3-5-sonnet-20241022,1,548
400–600,news-bc27eb9ba90e1fce6396a18c84d8786d,news-bc27eb9ba90e1fce6396a18c84d8786d_human_written,0,543
800+,news-bfceb6fea03af729357b468a4b48cad2,news-bfceb6fea03af729357b468a4b48cad2_ai_generated_gemini-1.5-pro-002,2,966
800+,news-bfceb6fea03af729357b468a4b48cad2,news-bfceb6fea03af729357b468a4b48cad2_ai_humanized_tool,3,956
800+,news-bfceb6fea03af729357b468a4b48cad2,news-bfceb6fea03af729357b468a4b48cad2_human_ai_polished_gpt-4o-2024-11-20,1,1113
800+,news-bfceb6fea03af729357b468a4b48cad2,news-bfceb6fea03af729357b468a4b48cad2_human_written,0,1127
200–400,news-c1300d44648331bbae7b9ea479a554d7,news-c1300d44648331bbae7b9ea479a554d7_ai_generated_gemini-1.5-pro-002,2,383
200–400,news-c1300d44648331bbae7b9ea479a554d7,news-c1300d44648331bbae7b9ea479a554d7_ai_generated_gemini-1.5-pro-002_THEN_gemini-1.5-pro-002,2,393
400–600,news-c1300d44648331bbae7b9ea479a554d7,news-c1300d44648331bbae7b9ea479a554d7_human_ai_polished_gpt-3.5-turbo,1,428
400–600,news-c1300d44648331bbae7b9ea479a554d7,news-c1300d44648331bbae7b9ea479a554d7_human_written,0,437
400–600,news-c2d5908b03b7039244507df0ab7b486b,news-c2d5908b03b7039244507df0ab7b486b_ai_generated_claude-3-5-sonnet-20241022,2,443
200–400,news-c2d5908b03b7039244507df0ab7b486b,news-c2d5908b03b7039244507df0ab7b486b_ai_generated_claude-3-5-sonnet-20241022_THEN_gpt-3.5-turbo,2,353
200–400,news-c2d5908b03b7039244507df0ab7b486b,news-c2d5908b03b7039244507df0ab7b486b_human_ai_polished_gpt-4o-2024-11-20,1,388
400–600,news-c2d5908b03b7039244507df0ab7b486b,news-c2d5908b03b7039244507df0ab7b486b_human_written,0,424
400–600,news-c4e509e8385e8b0d2f5756c025b0bbea,news-c4e509e8385e8b0d2f5756c025b0bbea_ai_generated_qwen2.5-72b-instruct,2,468
400–600,news-c4e509e8385e8b0d2f5756c025b0bbea,news-c4e509e8385e8b0d2f5756c025b0bbea_ai_generated_qwen2.5-72b-instruct_THEN_claude-3-5-sonnet-20241022,2,506
400–600,news-c4e509e8385e8b0d2f5756c025b0bbea,news-c4e509e8385e8b0d2f5756c025b0bbea_human_ai_polished_gpt-4o-2024-11-20,1,487
400–600,news-c4e509e8385e8b0d2f5756c025b0bbea,news-c4e509e8385e8b0d2f5756c025b0bbea_human_written,0,494
200–400,news-c50fbdda6c65660b51c9ab1f245712dc,news-c50fbdda6c65660b51c9ab1f245712dc_ai_generated_qwen2.5-72b-instruct,2,291
200–400,news-c50fbdda6c65660b51c9ab1f245712dc,news-c50fbdda6c65660b51c9ab1f245712dc_ai_humanized_tool,3,284
200–400,news-c50fbdda6c65660b51c9ab1f245712dc,news-c50fbdda6c65660b51c9ab1f245712dc_human_ai_polished_claude-3-5-sonnet-20241022,1,310
200–400,news-c50fbdda6c65660b51c9ab1f245712dc,news-c50fbdda6c65660b51c9ab1f245712dc_human_written,0,320
200–400,news-c5b60bfe0b49da71361a919484c55b2f,news-c5b60bfe0b49da71361a919484c55b2f_ai_generated_claude-3-5-sonnet-20241022,2,394
400–600,news-c5b60bfe0b49da71361a919484c55b2f,news-c5b60bfe0b49da71361a919484c55b2f_ai_generated_claude-3-5-sonnet-20241022_THEN_gpt-4o-2024-11-20,2,407
400–600,news-c5b60bfe0b49da71361a919484c55b2f,news-c5b60bfe0b49da71361a919484c55b2f_human_ai_polished_gpt-3.5-turbo,1,410
400–600,news-c5b60bfe0b49da71361a919484c55b2f,news-c5b60bfe0b49da71361a919484c55b2f_human_written,0,407
400–600,news-c694e8d001578b620da3a5c049b7947c,news-c694e8d001578b620da3a5c049b7947c_ai_generated_claude-3-5-sonnet-20241022,2,558
200–400,news-c694e8d001578b620da3a5c049b7947c,news-c694e8d001578b620da3a5c049b7947c_ai_humanized_tool,3,346
400–600,news-c694e8d001578b620da3a5c049b7947c,news-c694e8d001578b620da3a5c049b7947c_human_ai_polished_gemini-1.5-pro-002,1,529
400–600,news-c694e8d001578b620da3a5c049b7947c,news-c694e8d001578b620da3a5c049b7947c_human_written,0,557
200–400,news-c75a2837d0450219fa76b779bad8514f,news-c75a2837d0450219fa76b779bad8514f_ai_generated_llama-3.3-70b-instruct,2,300
200–400,news-c75a2837d0450219fa76b779bad8514f,news-c75a2837d0450219fa76b779bad8514f_ai_generated_llama-3.3-70b-instruct_THEN_gpt-4o-2024-11-20,2,312
200–400,news-c75a2837d0450219fa76b779bad8514f,news-c75a2837d0450219fa76b779bad8514f_human_ai_polished_claude-3-5-sonnet-20241022,1,305
200–400,news-c75a2837d0450219fa76b779bad8514f,news-c75a2837d0450219fa76b779bad8514f_human_written,0,307
200–400,news-cb17d010f9e57a7f914022f8bb24767b,news-cb17d010f9e57a7f914022f8bb24767b_ai_generated_gpt-4o-2024-11-20,2,204
800+,news-cb17d010f9e57a7f914022f8bb24767b,news-cb17d010f9e57a7f914022f8bb24767b_ai_generated_gpt-4o-2024-11-20_THEN_gpt-3.5-turbo,2,1213
800+,news-cb17d010f9e57a7f914022f8bb24767b,news-cb17d010f9e57a7f914022f8bb24767b_human_ai_polished_gpt-4o-2024-11-20,1,1097
800+,news-cb17d010f9e57a7f914022f8bb24767b,news-cb17d010f9e57a7f914022f8bb24767b_human_written,0,1060
200–400,news-cb65ed09d40942388f8bfa3c47660f2c,news-cb65ed09d40942388f8bfa3c47660f2c_ai_generated_qwen2.5-72b-instruct,2,343
200–400,news-cb65ed09d40942388f8bfa3c47660f2c,news-cb65ed09d40942388f8bfa3c47660f2c_ai_generated_qwen2.5-72b-instruct_THEN_gemini-1.5-pro-002,2,351
200–400,news-cb65ed09d40942388f8bfa3c47660f2c,news-cb65ed09d40942388f8bfa3c47660f2c_human_ai_polished_gpt-4o-2024-11-20,1,376
200–400,news-cb65ed09d40942388f8bfa3c47660f2c,news-cb65ed09d40942388f8bfa3c47660f2c_human_written,0,331
0–200,news-cc91ffc0dc4d715312a45687a592a929,news-cc91ffc0dc4d715312a45687a592a929_ai_generated_claude-3-5-sonnet-20241022,2,43
0–200,news-cc91ffc0dc4d715312a45687a592a929,news-cc91ffc0dc4d715312a45687a592a929_ai_generated_claude-3-5-sonnet-20241022_THEN_gemini-1.5-pro-002,2,25
0–200,news-cc91ffc0dc4d715312a45687a592a929,news-cc91ffc0dc4d715312a45687a592a929_human_ai_polished_gpt-3.5-turbo,1,67
0–200,news-cc91ffc0dc4d715312a45687a592a929,news-cc91ffc0dc4d715312a45687a592a929_human_written,0,74
200–400,news-cd81db425524a17ad7c90fa61e98aaf7,news-cd81db425524a17ad7c90fa61e98aaf7_ai_generated_claude-3-5-sonnet-20241022,2,377
200–400,news-cd81db425524a17ad7c90fa61e98aaf7,news-cd81db425524a17ad7c90fa61e98aaf7_ai_generated_claude-3-5-sonnet-20241022_THEN_claude-3-5-sonnet-20241022,2,389
200–400,news-cd81db425524a17ad7c90fa61e98aaf7,news-cd81db425524a17ad7c90fa61e98aaf7_human_ai_polished_gpt-4o-2024-11-20,1,381
200–400,news-cd81db425524a17ad7c90fa61e98aaf7,news-cd81db425524a17ad7c90fa61e98aaf7_human_written,0,382
200–400,news-ceeb473bee678eb379ac30d2f7cc91fa,news-ceeb473bee678eb379ac30d2f7cc91fa_ai_generated_claude-3-5-sonnet-20241022,2,344
200–400,news-ceeb473bee678eb379ac30d2f7cc91fa,news-ceeb473bee678eb379ac30d2f7cc91fa_ai_generated_claude-3-5-sonnet-20241022_THEN_gpt-3.5-turbo,2,356
200–400,news-ceeb473bee678eb379ac30d2f7cc91fa,news-ceeb473bee678eb379ac30d2f7cc91fa_human_ai_polished_gpt-3.5-turbo,1,353
200–400,news-ceeb473bee678eb379ac30d2f7cc91fa,news-ceeb473bee678eb379ac30d2f7cc91fa_human_written,0,313
200–400,news-cf4f293b1467f057766d1fd3f80834c5,news-cf4f293b1467f057766d1fd3f80834c5_ai_generated_claude-3-5-sonnet-20241022,2,288
200–400,news-cf4f293b1467f057766d1fd3f80834c5,news-cf4f293b1467f057766d1fd3f80834c5_ai_generated_claude-3-5-sonnet-20241022_THEN_gpt-3.5-turbo,2,267
200–400,news-cf4f293b1467f057766d1fd3f80834c5,news-cf4f293b1467f057766d1fd3f80834c5_human_ai_polished_gpt-3.5-turbo,1,256
200–400,news-cf4f293b1467f057766d1fd3f80834c5,news-cf4f293b1467f057766d1fd3f80834c5_human_written,0,272
400–600,news-cf94a5b7891b6333f7fdc5995cc1a09c,news-cf94a5b7891b6333f7fdc5995cc1a09c_ai_generated_llama-3.3-70b-instruct,2,510
400–600,news-cf94a5b7891b6333f7fdc5995cc1a09c,news-cf94a5b7891b6333f7fdc5995cc1a09c_ai_generated_llama-3.3-70b-instruct_THEN_gpt-3.5-turbo,2,571
400–600,news-cf94a5b7891b6333f7fdc5995cc1a09c,news-cf94a5b7891b6333f7fdc5995cc1a09c_human_ai_polished_gemini-1.5-pro-002,1,562
400–600,news-cf94a5b7891b6333f7fdc5995cc1a09c,news-cf94a5b7891b6333f7fdc5995cc1a09c_human_written,0,509
0–200,news-d0043888ffca4666cb0cca8f489b7851,news-d0043888ffca4666cb0cca8f489b7851_ai_generated_claude-3-5-sonnet-20241022,2,163
0–200,news-d0043888ffca4666cb0cca8f489b7851,news-d0043888ffca4666cb0cca8f489b7851_ai_generated_claude-3-5-sonnet-20241022_THEN_gpt-3.5-turbo,2,164
0–200,news-d0043888ffca4666cb0cca8f489b7851,news-d0043888ffca4666cb0cca8f489b7851_human_ai_polished_gpt-4o-2024-11-20,1,156
0–200,news-d0043888ffca4666cb0cca8f489b7851,news-d0043888ffca4666cb0cca8f489b7851_human_written,0,174
0–200,news-d071037130de5632e93f1dbece8b574c,news-d071037130de5632e93f1dbece8b574c_ai_generated_qwen2.5-72b-instruct,2,181
0–200,news-d071037130de5632e93f1dbece8b574c,news-d071037130de5632e93f1dbece8b574c_ai_generated_qwen2.5-72b-instruct_THEN_gpt-3.5-turbo,2,191
200–400,news-d071037130de5632e93f1dbece8b574c,news-d071037130de5632e93f1dbece8b574c_human_ai_polished_gemini-1.5-pro-002,1,206
200–400,news-d071037130de5632e93f1dbece8b574c,news-d071037130de5632e93f1dbece8b574c_human_written,0,211
400–600,news-d0de09eac5aea0545e4ca11a36042a7c,news-d0de09eac5aea0545e4ca11a36042a7c_ai_generated_claude-3-5-sonnet-20241022,2,408
400–600,news-d0de09eac5aea0545e4ca11a36042a7c,news-d0de09eac5aea0545e4ca11a36042a7c_ai_generated_claude-3-5-sonnet-20241022_THEN_gpt-4o-2024-11-20,2,412
400–600,news-d0de09eac5aea0545e4ca11a36042a7c,news-d0de09eac5aea0545e4ca11a36042a7c_human_ai_polished_gpt-4o-2024-11-20,1,421
400–600,news-d0de09eac5aea0545e4ca11a36042a7c,news-d0de09eac5aea0545e4ca11a36042a7c_human_written,0,431
400–600,news-d1d5bec382eb77e1f668b6a3a7c3d83f,news-d1d5bec382eb77e1f668b6a3a7c3d83f_ai_generated_gpt-3.5-turbo,2,526
400–600,news-d1d5bec382eb77e1f668b6a3a7c3d83f,news-d1d5bec382eb77e1f668b6a3a7c3d83f_ai_generated_gpt-3.5-turbo_THEN_claude-3-5-sonnet-20241022,2,510
400–600,news-d1d5bec382eb77e1f668b6a3a7c3d83f,news-d1d5bec382eb77e1f668b6a3a7c3d83f_human_ai_polished_claude-3-5-sonnet-20241022,1,525
400–600,news-d1d5bec382eb77e1f668b6a3a7c3d83f,news-d1d5bec382eb77e1f668b6a3a7c3d83f_human_written,0,449
400–600,news-d4555b9672883596fa6d849b1127c6ef,news-d4555b9672883596fa6d849b1127c6ef_ai_generated_gpt-3.5-turbo,2,416
400–600,news-d4555b9672883596fa6d849b1127c6ef,news-d4555b9672883596fa6d849b1127c6ef_ai_generated_gpt-3.5-turbo_THEN_gpt-4o-2024-11-20,2,438
400–600,news-d4555b9672883596fa6d849b1127c6ef,news-d4555b9672883596fa6d849b1127c6ef_human_ai_polished_gpt-3.5-turbo,1,440
400–600,news-d4555b9672883596fa6d849b1127c6ef,news-d4555b9672883596fa6d849b1127c6ef_human_written,0,463
200–400,news-d4ad71e0d5ba949bc236df301aeb3470,news-d4ad71e0d5ba949bc236df301aeb3470_ai_generated_claude-3-5-sonnet-20241022,2,392
400–600,news-d4ad71e0d5ba949bc236df301aeb3470,news-d4ad71e0d5ba949bc236df301aeb3470_ai_generated_claude-3-5-sonnet-20241022_THEN_claude-3-5-sonnet-20241022,2,407
200–400,news-d4ad71e0d5ba949bc236df301aeb3470,news-d4ad71e0d5ba949bc236df301aeb3470_human_ai_polished_gpt-3.5-turbo,1,381
200–400,news-d4ad71e0d5ba949bc236df301aeb3470,news-d4ad71e0d5ba949bc236df301aeb3470_human_written,0,393
400–600,news-d4c93d17655e1610767089564dfa6d0e,news-d4c93d17655e1610767089564dfa6d0e_ai_generated_gemini-1.5-pro-002,2,400
400–600,news-d4c93d17655e1610767089564dfa6d0e,news-d4c93d17655e1610767089564dfa6d0e_ai_generated_gemini-1.5-pro-002_THEN_gpt-3.5-turbo,2,448
400–600,news-d4c93d17655e1610767089564dfa6d0e,news-d4c93d17655e1610767089564dfa6d0e_human_ai_polished_claude-3-5-sonnet-20241022,1,407
200–400,news-d4c93d17655e1610767089564dfa6d0e,news-d4c93d17655e1610767089564dfa6d0e_human_written,0,397
200–400,news-d73229f30276bc42ec2daec451d07cc0,news-d73229f30276bc42ec2daec451d07cc0_ai_generated_gpt-4o-2024-11-20,2,320
200–400,news-d73229f30276bc42ec2daec451d07cc0,news-d73229f30276bc42ec2daec451d07cc0_ai_generated_gpt-4o-2024-11-20_THEN_gpt-3.5-turbo,2,336
200–400,news-d73229f30276bc42ec2daec451d07cc0,news-d73229f30276bc42ec2daec451d07cc0_human_ai_polished_gemini-1.5-pro-002,1,313
200–400,news-d73229f30276bc42ec2daec451d07cc0,news-d73229f30276bc42ec2daec451d07cc0_human_written,0,317
400–600,news-d88f72f071766d61da5add63d9710d7b,news-d88f72f071766d61da5add63d9710d7b_ai_generated_qwen2.5-72b-instruct,2,413
400–600,news-d88f72f071766d61da5add63d9710d7b,news-d88f72f071766d61da5add63d9710d7b_ai_generated_qwen2.5-72b-instruct_THEN_gemini-1.5-pro-002,2,438
400–600,news-d88f72f071766d61da5add63d9710d7b,news-d88f72f071766d61da5add63d9710d7b_human_ai_polished_gemini-1.5-pro-002,1,417
400–600,news-d88f72f071766d61da5add63d9710d7b,news-d88f72f071766d61da5add63d9710d7b_human_written,0,415
200–400,news-da8afe77874965dbfa2925d0c546023e,news-da8afe77874965dbfa2925d0c546023e_ai_generated_gpt-4o-2024-11-20,2,312
200–400,news-da8afe77874965dbfa2925d0c546023e,news-da8afe77874965dbfa2925d0c546023e_ai_generated_gpt-4o-2024-11-20_THEN_gemini-1.5-pro-002,2,327
200–400,news-da8afe77874965dbfa2925d0c546023e,news-da8afe77874965dbfa2925d0c546023e_human_ai_polished_gpt-3.5-turbo,1,305
200–400,news-da8afe77874965dbfa2925d0c546023e,news-da8afe77874965dbfa2925d0c546023e_human_written,0,303
0–200,news-db05cb4eb50400cf6af4c49bfe1d53f3,news-db05cb4eb50400cf6af4c49bfe1d53f3_ai_generated_qwen2.5-72b-instruct,2,159
0–200,news-db05cb4eb50400cf6af4c49bfe1d53f3,news-db05cb4eb50400cf6af4c49bfe1d53f3_ai_generated_qwen2.5-72b-instruct_THEN_gemini-1.5-pro-002,2,183
0–200,news-db05cb4eb50400cf6af4c49bfe1d53f3,news-db05cb4eb50400cf6af4c49bfe1d53f3_human_ai_polished_gpt-4o-2024-11-20,1,149
0–200,news-db05cb4eb50400cf6af4c49bfe1d53f3,news-db05cb4eb50400cf6af4c49bfe1d53f3_human_written,0,149
800+,news-dc8c1e10820da732ff60da1325aa4fa8,news-dc8c1e10820da732ff60da1325aa4fa8_ai_generated_gemini-1.5-pro-002,2,844
800+,news-dc8c1e10820da732ff60da1325aa4fa8,news-dc8c1e10820da732ff60da1325aa4fa8_ai_generated_gemini-1.5-pro-002_THEN_gemini-1.5-pro-002,2,844
800+,news-dc8c1e10820da732ff60da1325aa4fa8,news-dc8c1e10820da732ff60da1325aa4fa8_human_ai_polished_claude-3-5-sonnet-20241022,1,835
800+,news-dc8c1e10820da732ff60da1325aa4fa8,news-dc8c1e10820da732ff60da1325aa4fa8_human_written,0,898
400–600,news-e29d783f550539df3463396cdd318648,news-e29d783f550539df3463396cdd318648_ai_generated_gpt-3.5-turbo,2,457
400–600,news-e29d783f550539df3463396cdd318648,news-e29d783f550539df3463396cdd318648_ai_generated_gpt-3.5-turbo_THEN_claude-3-5-sonnet-20241022,2,430
400–600,news-e29d783f550539df3463396cdd318648,news-e29d783f550539df3463396cdd318648_human_ai_polished_gpt-4o-2024-11-20,1,467
400–600,news-e29d783f550539df3463396cdd318648,news-e29d783f550539df3463396cdd318648_human_written,0,478
200–400,news-e2dd4f48e8a20fbbe5272276dce840a6,news-e2dd4f48e8a20fbbe5272276dce840a6_ai_generated_gpt-4o-2024-11-20,2,313
200–400,news-e2dd4f48e8a20fbbe5272276dce840a6,news-e2dd4f48e8a20fbbe5272276dce840a6_ai_generated_gpt-4o-2024-11-20_THEN_claude-3-5-sonnet-20241022,2,350
200–400,news-e2dd4f48e8a20fbbe5272276dce840a6,news-e2dd4f48e8a20fbbe5272276dce840a6_human_ai_polished_claude-3-5-sonnet-20241022,1,332
200–400,news-e2dd4f48e8a20fbbe5272276dce840a6,news-e2dd4f48e8a20fbbe5272276dce840a6_human_written,0,361
200–400,news-e326b0c2a4e5ddd4b7dbcac370a78e27,news-e326b0c2a4e5ddd4b7dbcac370a78e27_ai_generated_claude-3-5-sonnet-20241022,2,373
200–400,news-e326b0c2a4e5ddd4b7dbcac370a78e27,news-e326b0c2a4e5ddd4b7dbcac370a78e27_ai_generated_claude-3-5-sonnet-20241022_THEN_gemini-1.5-pro-002,2,362
200–400,news-e326b0c2a4e5ddd4b7dbcac370a78e27,news-e326b0c2a4e5ddd4b7dbcac370a78e27_human_ai_polished_claude-3-5-sonnet-20241022,1,367
200–400,news-e326b0c2a4e5ddd4b7dbcac370a78e27,news-e326b0c2a4e5ddd4b7dbcac370a78e27_human_written,0,344
200–400,news-e532a05dfc4d13cbad29acb2145f1e59,news-e532a05dfc4d13cbad29acb2145f1e59_ai_generated_gpt-4o-2024-11-20,2,384
400–600,news-e532a05dfc4d13cbad29acb2145f1e59,news-e532a05dfc4d13cbad29acb2145f1e59_ai_generated_gpt-4o-2024-11-20_THEN_gemini-1.5-pro-002,2,411
200–400,news-e532a05dfc4d13cbad29acb2145f1e59,news-e532a05dfc4d13cbad29acb2145f1e59_human_ai_polished_gpt-4o-2024-11-20,1,394
200–400,news-e532a05dfc4d13cbad29acb2145f1e59,news-e532a05dfc4d13cbad29acb2145f1e59_human_written,0,399
200–400,news-ebbabe61a584ad42cd5089ec5825ea20,news-ebbabe61a584ad42cd5089ec5825ea20_ai_generated_gemini-1.5-pro-002,2,256
0–200,news-ebbabe61a584ad42cd5089ec5825ea20,news-ebbabe61a584ad42cd5089ec5825ea20_ai_humanized_tool,3,194
200–400,news-ebbabe61a584ad42cd5089ec5825ea20,news-ebbabe61a584ad42cd5089ec5825ea20_human_ai_polished_gpt-3.5-turbo,1,250
200–400,news-ebbabe61a584ad42cd5089ec5825ea20,news-ebbabe61a584ad42cd5089ec5825ea20_human_written,0,219
0–200,news-ec8490a77c07ef4320419fcd30d3dc16,news-ec8490a77c07ef4320419fcd30d3dc16_ai_generated_gpt-4o-2024-11-20,2,160
0–200,news-ec8490a77c07ef4320419fcd30d3dc16,news-ec8490a77c07ef4320419fcd30d3dc16_ai_generated_gpt-4o-2024-11-20_THEN_gemini-1.5-pro-002,2,175
200–400,news-ec8490a77c07ef4320419fcd30d3dc16,news-ec8490a77c07ef4320419fcd30d3dc16_human_ai_polished_claude-3-5-sonnet-20241022,1,232
200–400,news-ec8490a77c07ef4320419fcd30d3dc16,news-ec8490a77c07ef4320419fcd30d3dc16_human_written,0,209
200–400,news-ec973185b1773a1d1e198e0bd3f8cfb5,news-ec973185b1773a1d1e198e0bd3f8cfb5_ai_generated_llama-3.3-70b-instruct,2,364
200–400,news-ec973185b1773a1d1e198e0bd3f8cfb5,news-ec973185b1773a1d1e198e0bd3f8cfb5_ai_generated_llama-3.3-70b-instruct_THEN_gpt-3.5-turbo,2,365
200–400,news-ec973185b1773a1d1e198e0bd3f8cfb5,news-ec973185b1773a1d1e198e0bd3f8cfb5_human_ai_polished_gemini-1.5-pro-002,1,398
200–400,news-ec973185b1773a1d1e198e0bd3f8cfb5,news-ec973185b1773a1d1e198e0bd3f8cfb5_human_written,0,342
0–200,news-ed301dd4ee61f4b8df9834a854a58c85,news-ed301dd4ee61f4b8df9834a854a58c85_ai_generated_gemini-1.5-pro-002,2,175
200–400,news-ed301dd4ee61f4b8df9834a854a58c85,news-ed301dd4ee61f4b8df9834a854a58c85_ai_humanized_human,3,205
0–200,news-ed301dd4ee61f4b8df9834a854a58c85,news-ed301dd4ee61f4b8df9834a854a58c85_human_ai_polished_gpt-3.5-turbo,1,192
200–400,news-ed301dd4ee61f4b8df9834a854a58c85,news-ed301dd4ee61f4b8df9834a854a58c85_human_written,0,215
200–400,news-efc0bef0acbb6b8b59a7a685725e315b,news-efc0bef0acbb6b8b59a7a685725e315b_ai_generated_llama-3.3-70b-instruct,2,229
200–400,news-efc0bef0acbb6b8b59a7a685725e315b,news-efc0bef0acbb6b8b59a7a685725e315b_ai_humanized_tool,3,248
200–400,news-efc0bef0acbb6b8b59a7a685725e315b,news-efc0bef0acbb6b8b59a7a685725e315b_human_ai_polished_gpt-3.5-turbo,1,314
0–200,news-efc0bef0acbb6b8b59a7a685725e315b,news-efc0bef0acbb6b8b59a7a685725e315b_human_written,0,184
400–600,news-f07e2d494b1c27a67d9a979d1dbca366,news-f07e2d494b1c27a67d9a979d1dbca366_ai_generated_claude-3-5-sonnet-20241022,2,504
400–600,news-f07e2d494b1c27a67d9a979d1dbca366,news-f07e2d494b1c27a67d9a979d1dbca366_ai_generated_claude-3-5-sonnet-20241022_THEN_gpt-3.5-turbo,2,522
400–600,news-f07e2d494b1c27a67d9a979d1dbca366,news-f07e2d494b1c27a67d9a979d1dbca366_human_ai_polished_gpt-3.5-turbo,1,519
400–600,news-f07e2d494b1c27a67d9a979d1dbca366,news-f07e2d494b1c27a67d9a979d1dbca366_human_written,0,534
200–400,news-f234b51eeb41f5b2b1b22472258d801e,news-f234b51eeb41f5b2b1b22472258d801e_ai_generated_gemini-1.5-pro-002,2,315
200–400,news-f234b51eeb41f5b2b1b22472258d801e,news-f234b51eeb41f5b2b1b22472258d801e_ai_generated_gemini-1.5-pro-002_THEN_gpt-3.5-turbo,2,340
200–400,news-f234b51eeb41f5b2b1b22472258d801e,news-f234b51eeb41f5b2b1b22472258d801e_human_ai_polished_gemini-1.5-pro-002,1,319
200–400,news-f234b51eeb41f5b2b1b22472258d801e,news-f234b51eeb41f5b2b1b22472258d801e_human_written,0,281
200–400,news-f3a16896a93328dae99fa0bb5feb95b7,news-f3a16896a93328dae99fa0bb5feb95b7_ai_generated_claude-3-5-sonnet-20241022,2,345
200–400,news-f3a16896a93328dae99fa0bb5feb95b7,news-f3a16896a93328dae99fa0bb5feb95b7_ai_humanized_human,3,356
200–400,news-f3a16896a93328dae99fa0bb5feb95b7,news-f3a16896a93328dae99fa0bb5feb95b7_human_ai_polished_gpt-3.5-turbo,1,327
200–400,news-f3a16896a93328dae99fa0bb5feb95b7,news-f3a16896a93328dae99fa0bb5feb95b7_human_written,0,335
200–400,news-f3cfda0670297b02e03dd66840a87a9f,news-f3cfda0670297b02e03dd66840a87a9f_ai_generated_gpt-3.5-turbo,2,207
200–400,news-f3cfda0670297b02e03dd66840a87a9f,news-f3cfda0670297b02e03dd66840a87a9f_ai_generated_gpt-3.5-turbo_THEN_gemini-1.5-pro-002,2,202
200–400,news-f3cfda0670297b02e03dd66840a87a9f,news-f3cfda0670297b02e03dd66840a87a9f_human_ai_polished_gpt-3.5-turbo,1,227
200–400,news-f3cfda0670297b02e03dd66840a87a9f,news-f3cfda0670297b02e03dd66840a87a9f_human_written,0,215
600–800,news-f3ebec49611c45b4132569b5658ecf0e,news-f3ebec49611c45b4132569b5658ecf0e_ai_generated_gemini-1.5-pro-002,2,679
600–800,news-f3ebec49611c45b4132569b5658ecf0e,news-f3ebec49611c45b4132569b5658ecf0e_ai_humanized_tool,3,758
600–800,news-f3ebec49611c45b4132569b5658ecf0e,news-f3ebec49611c45b4132569b5658ecf0e_human_ai_polished_gpt-4o-2024-11-20,1,655
800+,news-f3ebec49611c45b4132569b5658ecf0e,news-f3ebec49611c45b4132569b5658ecf0e_human_written,0,875
200–400,news-f5f08f5ce4e2eac44227566e1acf9732,news-f5f08f5ce4e2eac44227566e1acf9732_ai_generated_gpt-3.5-turbo,2,331
200–400,news-f5f08f5ce4e2eac44227566e1acf9732,news-f5f08f5ce4e2eac44227566e1acf9732_ai_humanized_tool,3,301
200–400,news-f5f08f5ce4e2eac44227566e1acf9732,news-f5f08f5ce4e2eac44227566e1acf9732_human_ai_polished_gemini-1.5-pro-002,1,339
200–400,news-f5f08f5ce4e2eac44227566e1acf9732,news-f5f08f5ce4e2eac44227566e1acf9732_human_written,0,340
400–600,news-f65a8e00fb499f1f1ba3425db4900522,news-f65a8e00fb499f1f1ba3425db4900522_ai_generated_gpt-3.5-turbo,2,474
400–600,news-f65a8e00fb499f1f1ba3425db4900522,news-f65a8e00fb499f1f1ba3425db4900522_ai_humanized_tool,3,404
400–600,news-f65a8e00fb499f1f1ba3425db4900522,news-f65a8e00fb499f1f1ba3425db4900522_human_ai_polished_gpt-3.5-turbo,1,481
400–600,news-f65a8e00fb499f1f1ba3425db4900522,news-f65a8e00fb499f1f1ba3425db4900522_human_written,0,527
400–600,news-f69a17cf7ca3b54dc7cb9eb34e45ecdb,news-f69a17cf7ca3b54dc7cb9eb34e45ecdb_ai_generated_gpt-3.5-turbo,2,402
400–600,news-f69a17cf7ca3b54dc7cb9eb34e45ecdb,news-f69a17cf7ca3b54dc7cb9eb34e45ecdb_ai_humanized_human,3,412
400–600,news-f69a17cf7ca3b54dc7cb9eb34e45ecdb,news-f69a17cf7ca3b54dc7cb9eb34e45ecdb_human_ai_polished_claude-3-5-sonnet-20241022,1,424
400–600,news-f69a17cf7ca3b54dc7cb9eb34e45ecdb,news-f69a17cf7ca3b54dc7cb9eb34e45ecdb_human_written,0,429
200–400,news-f86aef773bca65244861c0d60dc0c1fb,news-f86aef773bca65244861c0d60dc0c1fb_ai_generated_gpt-4o-2024-11-20,2,280
200–400,news-f86aef773bca65244861c0d60dc0c1fb,news-f86aef773bca65244861c0d60dc0c1fb_ai_humanized_tool,3,320
400–600,news-f86aef773bca65244861c0d60dc0c1fb,news-f86aef773bca65244861c0d60dc0c1fb_human_ai_polished_gemini-1.5-pro-002,1,440
400–600,news-f86aef773bca65244861c0d60dc0c1fb,news-f86aef773bca65244861c0d60dc0c1fb_human_written,0,437
200–400,news-f8a121b82135ae8483f53817e7c3abe4,news-f8a121b82135ae8483f53817e7c3abe4_ai_generated_gpt-3.5-turbo,2,252
200–400,news-f8a121b82135ae8483f53817e7c3abe4,news-f8a121b82135ae8483f53817e7c3abe4_ai_generated_gpt-3.5-turbo_THEN_gpt-3.5-turbo,2,238
200–400,news-f8a121b82135ae8483f53817e7c3abe4,news-f8a121b82135ae8483f53817e7c3abe4_human_ai_polished_gemini-1.5-pro-002,1,341
200–400,news-f8a121b82135ae8483f53817e7c3abe4,news-f8a121b82135ae8483f53817e7c3abe4_human_written,0,322
400–600,news-f940002541f3768366bbfab6f30246f4,news-f940002541f3768366bbfab6f30246f4_ai_generated_gpt-4o-2024-11-20,2,402
200–400,news-f940002541f3768366bbfab6f30246f4,news-f940002541f3768366bbfab6f30246f4_ai_generated_gpt-4o-2024-11-20_THEN_claude-3-5-sonnet-20241022,2,364
200–400,news-f940002541f3768366bbfab6f30246f4,news-f940002541f3768366bbfab6f30246f4_human_ai_polished_gpt-4o-2024-11-20,1,383
200–400,news-f940002541f3768366bbfab6f30246f4,news-f940002541f3768366bbfab6f30246f4_human_written,0,383
0–200,news-fa0bf86fa783a23d6a8f45baec5134b1,news-fa0bf86fa783a23d6a8f45baec5134b1_ai_generated_claude-3-5-sonnet-20241022,2,158
0–200,news-fa0bf86fa783a23d6a8f45baec5134b1,news-fa0bf86fa783a23d6a8f45baec5134b1_ai_generated_claude-3-5-sonnet-20241022_THEN_gemini-1.5-pro-002,2,150
0–200,news-fa0bf86fa783a23d6a8f45baec5134b1,news-fa0bf86fa783a23d6a8f45baec5134b1_human_ai_polished_gemini-1.5-pro-002,1,135
0–200,news-fa0bf86fa783a23d6a8f45baec5134b1,news-fa0bf86fa783a23d6a8f45baec5134b1_human_written,0,161
200–400,news-fb9ed956a298be2ad59c0b2523e7eea8,news-fb9ed956a298be2ad59c0b2523e7eea8_ai_generated_gpt-4o-2024-11-20,2,257
200–400,news-fb9ed956a298be2ad59c0b2523e7eea8,news-fb9ed956a298be2ad59c0b2523e7eea8_ai_humanized_tool,3,292
200–400,news-fb9ed956a298be2ad59c0b2523e7eea8,news-fb9ed956a298be2ad59c0b2523e7eea8_human_ai_polished_gpt-3.5-turbo,1,275
200–400,news-fb9ed956a298be2ad59c0b2523e7eea8,news-fb9ed956a298be2ad59c0b2523e7eea8_human_written,0,206
200–400,news-fba256bf18a9164c5a113854c72761d2,news-fba256bf18a9164c5a113854c72761d2_ai_generated_gemini-1.5-pro-002,2,277
200–400,news-fba256bf18a9164c5a113854c72761d2,news-fba256bf18a9164c5a113854c72761d2_ai_humanized_human,3,289
200–400,news-fba256bf18a9164c5a113854c72761d2,news-fba256bf18a9164c5a113854c72761d2_human_ai_polished_gpt-3.5-turbo,1,269
200–400,news-fba256bf18a9164c5a113854c72761d2,news-fba256bf18a9164c5a113854c72761d2_human_written,0,265
200–400,news-fbff6437b077e587ba20308d9193a051,news-fbff6437b077e587ba20308d9193a051_ai_generated_gpt-4o-2024-11-20,2,396
400–600,news-fbff6437b077e587ba20308d9193a051,news-fbff6437b077e587ba20308d9193a051_ai_generated_gpt-4o-2024-11-20_THEN_gemini-1.5-pro-002,2,408
400–600,news-fbff6437b077e587ba20308d9193a051,news-fbff6437b077e587ba20308d9193a051_human_ai_polished_claude-3-5-sonnet-20241022,1,434
400–600,news-fbff6437b077e587ba20308d9193a051,news-fbff6437b077e587ba20308d9193a051_human_written,0,456
0–200,news-fe18b96c726f513ff117a2dae77f9db9,news-fe18b96c726f513ff117a2dae77f9db9_ai_generated_gemini-1.5-pro-002,2,190
200–400,news-fe18b96c726f513ff117a2dae77f9db9,news-fe18b96c726f513ff117a2dae77f9db9_ai_humanized_human,3,213
200–400,news-fe18b96c726f513ff117a2dae77f9db9,news-fe18b96c726f513ff117a2dae77f9db9_human_ai_polished_gemini-1.5-pro-002,1,222
200–400,news-fe18b96c726f513ff117a2dae77f9db9,news-fe18b96c726f513ff117a2dae77f9db9_human_written,0,232
600–800,news-fef216e40a89229df1ed5be9a6d752d4,news-fef216e40a89229df1ed5be9a6d752d4_ai_generated_gemini-1.5-pro-002,2,641
600–800,news-fef216e40a89229df1ed5be9a6d752d4,news-fef216e40a89229df1ed5be9a6d752d4_ai_generated_gemini-1.5-pro-002_THEN_gpt-3.5-turbo,2,703
600–800,news-fef216e40a89229df1ed5be9a6d752d4,news-fef216e40a89229df1ed5be9a6d752d4_human_ai_polished_claude-3-5-sonnet-20241022,1,691
600–800,news-fef216e40a89229df1ed5be9a6d752d4,news-fef216e40a89229df1ed5be9a6d752d4_human_written,0,679
400–600,writing-test10097,writing-test10097_ai_generated_gpt-3.5-turbo,2,423
400–600,writing-test10097,writing-test10097_ai_humanized_tool,3,462
400–600,writing-test10097,writing-test10097_human_ai_polished_claude-3-5-sonnet-20241022,1,422
400–600,writing-test10097,writing-test10097_human_written,0,417
200–400,writing-test1009,writing-test1009_ai_generated_llama-3.3-70b-instruct,2,381
200–400,writing-test1009,writing-test1009_ai_generated_llama-3.3-70b-instruct_THEN_gemini-1.5-pro-002,2,389
200–400,writing-test1009,writing-test1009_human_ai_polished_claude-3-5-sonnet-20241022,1,376
200–400,writing-test1009,writing-test1009_human_written,0,379
200–400,writing-test10507,writing-test10507_ai_generated_qwen2.5-72b-instruct,2,217
0–200,writing-test10507,writing-test10507_ai_generated_qwen2.5-72b-instruct_THEN_gemini-1.5-pro-002,2,198
200–400,writing-test10507,writing-test10507_human_ai_polished_gpt-4o-2024-11-20,1,202
200–400,writing-test10507,writing-test10507_human_written,0,223
0–200,writing-test10632,writing-test10632_ai_generated_llama-3.3-70b-instruct,2,179
0–200,writing-test10632,writing-test10632_ai_generated_llama-3.3-70b-instruct_THEN_gpt-4o-2024-11-20,2,185
0–200,writing-test10632,writing-test10632_human_ai_polished_gpt-4o-2024-11-20,1,178
0–200,writing-test10632,writing-test10632_human_written,0,175
400–600,writing-test10777,writing-test10777_ai_generated_gemini-1.5-pro-002,2,442
200–400,writing-test10777,writing-test10777_ai_generated_gemini-1.5-pro-002_THEN_claude-3-5-sonnet-20241022,2,385
400–600,writing-test10777,writing-test10777_human_ai_polished_gemini-1.5-pro-002,1,413
400–600,writing-test10777,writing-test10777_human_written,0,402
800+,writing-test10883,writing-test10883_ai_generated_gpt-4o-2024-11-20,2,856
800+,writing-test10883,writing-test10883_ai_humanized_tool,3,1037
800+,writing-test10883,writing-test10883_human_ai_polished_gemini-1.5-pro-002,1,918
800+,writing-test10883,writing-test10883_human_written,0,879
400–600,writing-test10996,writing-test10996_ai_generated_gpt-4o-2024-11-20,2,481
400–600,writing-test10996,writing-test10996_ai_humanized_human,3,472
400–600,writing-test10996,writing-test10996_human_ai_polished_claude-3-5-sonnet-20241022,1,456
400–600,writing-test10996,writing-test10996_human_written,0,451
200–400,writing-test11161,writing-test11161_ai_generated_claude-3-5-sonnet-20241022,2,285
200–400,writing-test11161,writing-test11161_ai_generated_claude-3-5-sonnet-20241022_THEN_gpt-3.5-turbo,2,294
0–200,writing-test11161,writing-test11161_human_ai_polished_gpt-4o-2024-11-20,1,186
200–400,writing-test11161,writing-test11161_human_written,0,278
400–600,writing-test11238,writing-test11238_ai_generated_gpt-4o-2024-11-20,2,496
400–600,writing-test11238,writing-test11238_ai_generated_gpt-4o-2024-11-20_THEN_gpt-3.5-turbo,2,500
0–200,writing-test11238,writing-test11238_human_ai_polished_gpt-4o-2024-11-20,1,197
400–600,writing-test11238,writing-test11238_human_written,0,456
0–200,writing-test11243,writing-test11243_ai_generated_gpt-4o-2024-11-20,2,160
0–200,writing-test11243,writing-test11243_ai_generated_gpt-4o-2024-11-20_THEN_gemini-1.5-pro-002,2,176
0–200,writing-test11243,writing-test11243_human_ai_polished_claude-3-5-sonnet-20241022,1,169
0–200,writing-test11243,writing-test11243_human_written,0,178
400–600,writing-test11606,writing-test11606_ai_generated_gpt-4o-2024-11-20,2,595
600–800,writing-test11606,writing-test11606_ai_humanized_tool,3,687
400–600,writing-test11606,writing-test11606_human_ai_polished_claude-3-5-sonnet-20241022,1,564
400–600,writing-test11606,writing-test11606_human_written,0,575
400–600,writing-test11769,writing-test11769_ai_generated_claude-3-5-sonnet-20241022,2,440
400–600,writing-test11769,writing-test11769_ai_generated_claude-3-5-sonnet-20241022_THEN_gpt-3.5-turbo,2,504
400–600,writing-test11769,writing-test11769_human_ai_polished_gpt-4o-2024-11-20,1,470
400–600,writing-test11769,writing-test11769_human_written,0,457
0–200,writing-test12062,writing-test12062_ai_generated_qwen2.5-72b-instruct,2,157
0–200,writing-test12062,writing-test12062_ai_generated_qwen2.5-72b-instruct_THEN_gemini-1.5-pro-002,2,182
0–200,writing-test12062,writing-test12062_human_ai_polished_gemini-1.5-pro-002,1,180
0–200,writing-test12062,writing-test12062_human_written,0,170
200–400,writing-test12278,writing-test12278_ai_generated_gpt-4o-2024-11-20,2,327
200–400,writing-test12278,writing-test12278_ai_generated_gpt-4o-2024-11-20_THEN_gemini-1.5-pro-002,2,352
200–400,writing-test12278,writing-test12278_human_ai_polished_gemini-1.5-pro-002,1,315
200–400,writing-test12278,writing-test12278_human_written,0,310
600–800,writing-test12304,writing-test12304_ai_generated_claude-3-5-sonnet-20241022,2,696
600–800,writing-test12304,writing-test12304_ai_generated_claude-3-5-sonnet-20241022_THEN_claude-3-5-sonnet-20241022,2,773
600–800,writing-test12304,writing-test12304_human_ai_polished_claude-3-5-sonnet-20241022,1,739
600–800,writing-test12304,writing-test12304_human_written,0,735
800+,writing-test12349,writing-test12349_ai_generated_qwen2.5-72b-instruct,2,983
800+,writing-test12349,writing-test12349_ai_humanized_human,3,1060
800+,writing-test12349,writing-test12349_human_ai_polished_claude-3-5-sonnet-20241022,1,1018
800+,writing-test12349,writing-test12349_human_written,0,1029
200–400,writing-test1267,writing-test1267_ai_generated_gpt-4o-2024-11-20,2,249
200–400,writing-test1267,writing-test1267_ai_generated_gpt-4o-2024-11-20_THEN_gemini-1.5-pro-002,2,260
200–400,writing-test1267,writing-test1267_human_ai_polished_gemini-1.5-pro-002,1,230
200–400,writing-test1267,writing-test1267_human_written,0,220
200–400,writing-test12951,writing-test12951_ai_generated_gpt-4o-2024-11-20,2,384
400–600,writing-test12951,writing-test12951_ai_generated_gpt-4o-2024-11-20_THEN_gpt-3.5-turbo,2,403
200–400,writing-test12951,writing-test12951_human_ai_polished_claude-3-5-sonnet-20241022,1,343
200–400,writing-test12951,writing-test12951_human_written,0,330
0–200,writing-test13021,writing-test13021_ai_generated_gpt-4o-2024-11-20,2,195
0–200,writing-test13021,writing-test13021_ai_humanized_human,3,183
0–200,writing-test13021,writing-test13021_human_ai_polished_gpt-3.5-turbo,1,173
0–200,writing-test13021,writing-test13021_human_written,0,166
600–800,writing-test1305,writing-test1305_ai_generated_gemini-1.5-pro-002,2,752
800+,writing-test1305,writing-test1305_ai_generated_gemini-1.5-pro-002_THEN_gpt-4o-2024-11-20,2,812
600–800,writing-test1305,writing-test1305_human_ai_polished_gemini-1.5-pro-002,1,724
600–800,writing-test1305,writing-test1305_human_written,0,692
400–600,writing-test13279,writing-test13279_ai_generated_gpt-4o-2024-11-20,2,528
400–600,writing-test13279,writing-test13279_ai_generated_gpt-4o-2024-11-20_THEN_gemini-1.5-pro-002,2,532
400–600,writing-test13279,writing-test13279_human_ai_polished_claude-3-5-sonnet-20241022,1,515
400–600,writing-test13279,writing-test13279_human_written,0,496
200–400,writing-test13466,writing-test13466_ai_generated_gpt-3.5-turbo,2,237
200–400,writing-test13466,writing-test13466_ai_generated_gpt-3.5-turbo_THEN_gpt-4o-2024-11-20,2,273
200–400,writing-test13466,writing-test13466_human_ai_polished_claude-3-5-sonnet-20241022,1,246
200–400,writing-test13466,writing-test13466_human_written,0,233
400–600,writing-test13468,writing-test13468_ai_generated_claude-3-5-sonnet-20241022,2,523
400–600,writing-test13468,writing-test13468_ai_generated_claude-3-5-sonnet-20241022_THEN_claude-3-5-sonnet-20241022,2,488
400–600,writing-test13468,writing-test13468_human_ai_polished_claude-3-5-sonnet-20241022,1,513
400–600,writing-test13468,writing-test13468_human_written,0,532
400–600,writing-test13499,writing-test13499_ai_generated_gpt-3.5-turbo,2,531
400–600,writing-test13499,writing-test13499_ai_generated_gpt-3.5-turbo_THEN_claude-3-5-sonnet-20241022,2,508
200–400,writing-test13499,writing-test13499_human_ai_polished_gpt-4o-2024-11-20,1,387
400–600,writing-test13499,writing-test13499_human_written,0,492
200–400,writing-test13612,writing-test13612_ai_generated_gpt-3.5-turbo,2,386
400–600,writing-test13612,writing-test13612_ai_generated_gpt-3.5-turbo_THEN_gemini-1.5-pro-002,2,469
400–600,writing-test13612,writing-test13612_human_ai_polished_gpt-3.5-turbo,1,436
400–600,writing-test13612,writing-test13612_human_written,0,457
200–400,writing-test13713,writing-test13713_ai_generated_gpt-3.5-turbo,2,290
200–400,writing-test13713,writing-test13713_ai_humanized_tool,3,255
200–400,writing-test13713,writing-test13713_human_ai_polished_gpt-4o-2024-11-20,1,268
200–400,writing-test13713,writing-test13713_human_written,0,279
400–600,writing-test13749,writing-test13749_ai_generated_llama-3.3-70b-instruct,2,418
400–600,writing-test13749,writing-test13749_ai_humanized_human,3,548
400–600,writing-test13749,writing-test13749_human_ai_polished_gpt-3.5-turbo,1,477
400–600,writing-test13749,writing-test13749_human_written,0,499
200–400,writing-test13869,writing-test13869_ai_generated_qwen2.5-72b-instruct,2,376
400–600,writing-test13869,writing-test13869_ai_humanized_tool,3,457
200–400,writing-test13869,writing-test13869_human_ai_polished_gemini-1.5-pro-002,1,362
200–400,writing-test13869,writing-test13869_human_written,0,351
800+,writing-test138,writing-test138_ai_generated_claude-3-5-sonnet-20241022,2,1154
800+,writing-test138,writing-test138_ai_generated_claude-3-5-sonnet-20241022_THEN_gemini-1.5-pro-002,2,1336
800+,writing-test138,writing-test138_human_ai_polished_gpt-4o-2024-11-20,1,1180
800+,writing-test138,writing-test138_human_written,0,1216
400–600,writing-test13930,writing-test13930_ai_generated_gpt-3.5-turbo,2,471
400–600,writing-test13930,writing-test13930_ai_humanized_tool,3,492
400–600,writing-test13930,writing-test13930_human_ai_polished_claude-3-5-sonnet-20241022,1,535
400–600,writing-test13930,writing-test13930_human_written,0,524
200–400,writing-test13997,writing-test13997_ai_generated_qwen2.5-72b-instruct,2,373
200–400,writing-test13997,writing-test13997_ai_humanized_tool,3,323
200–400,writing-test13997,writing-test13997_human_ai_polished_gpt-4o-2024-11-20,1,321
200–400,writing-test13997,writing-test13997_human_written,0,387
400–600,writing-test1412,writing-test1412_ai_generated_claude-3-5-sonnet-20241022,2,527
400–600,writing-test1412,writing-test1412_ai_generated_claude-3-5-sonnet-20241022_THEN_claude-3-5-sonnet-20241022,2,573
400–600,writing-test1412,writing-test1412_human_ai_polished_gpt-4o-2024-11-20,1,525
400–600,writing-test1412,writing-test1412_human_written,0,547
400–600,writing-test1419,writing-test1419_ai_generated_gpt-4o-2024-11-20,2,401
400–600,writing-test1419,writing-test1419_ai_generated_gpt-4o-2024-11-20_THEN_claude-3-5-sonnet-20241022,2,412
200–400,writing-test1419,writing-test1419_human_ai_polished_claude-3-5-sonnet-20241022,1,389
0–200,writing-test1419,writing-test1419_human_written,0,169
0–200,writing-test14401,writing-test14401_ai_generated_claude-3-5-sonnet-20241022,2,196
200–400,writing-test14401,writing-test14401_ai_generated_claude-3-5-sonnet-20241022_THEN_claude-3-5-sonnet-20241022,2,213
0–200,writing-test14401,writing-test14401_human_ai_polished_gpt-3.5-turbo,1,198
0–200,writing-test14401,writing-test14401_human_written,0,196
200–400,writing-test1446,writing-test1446_ai_generated_gemini-1.5-pro-002,2,214
200–400,writing-test1446,writing-test1446_ai_humanized_tool,3,252
0–200,writing-test1446,writing-test1446_human_ai_polished_gemini-1.5-pro-002,1,195
200–400,writing-test1446,writing-test1446_human_written,0,200
400–600,writing-test14517,writing-test14517_ai_generated_llama-3.3-70b-instruct,2,566
600–800,writing-test14517,writing-test14517_ai_humanized_tool,3,669
600–800,writing-test14517,writing-test14517_human_ai_polished_gemini-1.5-pro-002,1,603
400–600,writing-test14517,writing-test14517_human_written,0,585
0–200,writing-test14738,writing-test14738_ai_generated_gemini-1.5-pro-002,2,143
0–200,writing-test14738,writing-test14738_ai_generated_gemini-1.5-pro-002_THEN_gpt-3.5-turbo,2,136
0–200,writing-test14738,writing-test14738_human_ai_polished_claude-3-5-sonnet-20241022,1,126
0–200,writing-test14738,writing-test14738_human_written,0,136
0–200,writing-test14839,writing-test14839_ai_generated_llama-3.3-70b-instruct,2,125
0–200,writing-test14839,writing-test14839_ai_generated_llama-3.3-70b-instruct_THEN_gpt-4o-2024-11-20,2,142
0–200,writing-test14839,writing-test14839_human_ai_polished_claude-3-5-sonnet-20241022,1,148
0–200,writing-test14839,writing-test14839_human_written,0,163
200–400,writing-test15024,writing-test15024_ai_generated_gpt-3.5-turbo,2,352
400–600,writing-test15024,writing-test15024_ai_generated_gpt-3.5-turbo_THEN_gpt-3.5-turbo,2,418
200–400,writing-test15024,writing-test15024_human_ai_polished_gemini-1.5-pro-002,1,348
200–400,writing-test15024,writing-test15024_human_written,0,346
400–600,writing-test15053,writing-test15053_ai_generated_gpt-3.5-turbo,2,466
400–600,writing-test15053,writing-test15053_ai_generated_gpt-3.5-turbo_THEN_gemini-1.5-pro-002,2,512
200–400,writing-test15053,writing-test15053_human_ai_polished_gpt-4o-2024-11-20,1,217
400–600,writing-test15053,writing-test15053_human_written,0,480
0–200,writing-test1592,writing-test1592_ai_generated_claude-3-5-sonnet-20241022,2,187
200–400,writing-test1592,writing-test1592_ai_generated_claude-3-5-sonnet-20241022_THEN_claude-3-5-sonnet-20241022,2,201
200–400,writing-test1592,writing-test1592_human_ai_polished_gpt-4o-2024-11-20,1,207
200–400,writing-test1592,writing-test1592_human_written,0,229
400–600,writing-test1650,writing-test1650_ai_generated_qwen2.5-72b-instruct,2,474
400–600,writing-test1650,writing-test1650_ai_generated_qwen2.5-72b-instruct_THEN_gemini-1.5-pro-002,2,491
400–600,writing-test1650,writing-test1650_human_ai_polished_claude-3-5-sonnet-20241022,1,465
400–600,writing-test1650,writing-test1650_human_written,0,451
400–600,writing-test2292,writing-test2292_ai_generated_llama-3.3-70b-instruct,2,434
400–600,writing-test2292,writing-test2292_ai_humanized_human,3,444
400–600,writing-test2292,writing-test2292_human_ai_polished_gemini-1.5-pro-002,1,447
400–600,writing-test2292,writing-test2292_human_written,0,445
0–200,writing-test2387,writing-test2387_ai_generated_qwen2.5-72b-instruct,2,173
200–400,writing-test2387,writing-test2387_ai_humanized_tool,3,211
0–200,writing-test2387,writing-test2387_human_ai_polished_gpt-3.5-turbo,1,177
0–200,writing-test2387,writing-test2387_human_written,0,185
600–800,writing-test244,writing-test244_ai_generated_gemini-1.5-pro-002,2,694
600–800,writing-test244,writing-test244_ai_generated_gemini-1.5-pro-002_THEN_gemini-1.5-pro-002,2,704
600–800,writing-test244,writing-test244_human_ai_polished_gpt-4o-2024-11-20,1,669
600–800,writing-test244,writing-test244_human_written,0,672
600–800,writing-test2505,writing-test2505_ai_generated_gemini-1.5-pro-002,2,686
600–800,writing-test2505,writing-test2505_ai_generated_gemini-1.5-pro-002_THEN_claude-3-5-sonnet-20241022,2,671
600–800,writing-test2505,writing-test2505_human_ai_polished_gpt-3.5-turbo,1,608
600–800,writing-test2505,writing-test2505_human_written,0,643
400–600,writing-test279,writing-test279_ai_generated_gemini-1.5-pro-002,2,512
400–600,writing-test279,writing-test279_ai_generated_gemini-1.5-pro-002_THEN_claude-3-5-sonnet-20241022,2,479
400–600,writing-test279,writing-test279_human_ai_polished_gemini-1.5-pro-002,1,497
400–600,writing-test279,writing-test279_human_written,0,493
600–800,writing-test2888,writing-test2888_ai_generated_gemini-1.5-pro-002,2,621
600–800,writing-test2888,writing-test2888_ai_generated_gemini-1.5-pro-002_THEN_claude-3-5-sonnet-20241022,2,607
600–800,writing-test2888,writing-test2888_human_ai_polished_gemini-1.5-pro-002,1,609
600–800,writing-test2888,writing-test2888_human_written,0,615
800+,writing-test3173,writing-test3173_ai_generated_claude-3-5-sonnet-20241022,2,881
800+,writing-test3173,writing-test3173_ai_generated_claude-3-5-sonnet-20241022_THEN_gemini-1.5-pro-002,2,971
800+,writing-test3173,writing-test3173_human_ai_polished_claude-3-5-sonnet-20241022,1,899
800+,writing-test3173,writing-test3173_human_written,0,888
0–200,writing-test3281,writing-test3281_ai_generated_claude-3-5-sonnet-20241022,2,116
0–200,writing-test3281,writing-test3281_ai_humanized_tool,3,112
0–200,writing-test3281,writing-test3281_human_ai_polished_gpt-4o-2024-11-20,1,102
0–200,writing-test3281,writing-test3281_human_written,0,77
600–800,writing-test3614,writing-test3614_ai_generated_gemini-1.5-pro-002,2,642
400–600,writing-test3614,writing-test3614_ai_generated_gemini-1.5-pro-002_THEN_claude-3-5-sonnet-20241022,2,582
200–400,writing-test3614,writing-test3614_human_ai_polished_gpt-4o-2024-11-20,1,318
400–600,writing-test3614,writing-test3614_human_written,0,581
400–600,writing-test3636,writing-test3636_ai_generated_gemini-1.5-pro-002,2,559
400–600,writing-test3636,writing-test3636_ai_generated_gemini-1.5-pro-002_THEN_gpt-3.5-turbo,2,597
200–400,writing-test3636,writing-test3636_human_ai_polished_gpt-4o-2024-11-20,1,302
400–600,writing-test3636,writing-test3636_human_written,0,568
200–400,writing-test3656,writing-test3656_ai_generated_qwen2.5-72b-instruct,2,229
200–400,writing-test3656,writing-test3656_ai_generated_qwen2.5-72b-instruct_THEN_gemini-1.5-pro-002,2,234
200–400,writing-test3656,writing-test3656_human_ai_polished_gpt-4o-2024-11-20,1,225
200–400,writing-test3656,writing-test3656_human_written,0,217
600–800,writing-test3717,writing-test3717_ai_generated_qwen2.5-72b-instruct,2,695
600–800,writing-test3717,writing-test3717_ai_generated_qwen2.5-72b-instruct_THEN_gpt-4o-2024-11-20,2,750
600–800,writing-test3717,writing-test3717_human_ai_polished_gpt-4o-2024-11-20,1,723
600–800,writing-test3717,writing-test3717_human_written,0,769
200–400,writing-test3754,writing-test3754_ai_generated_gemini-1.5-pro-002,2,347
200–400,writing-test3754,writing-test3754_ai_generated_gemini-1.5-pro-002_THEN_claude-3-5-sonnet-20241022,2,319
200–400,writing-test3754,writing-test3754_human_ai_polished_gemini-1.5-pro-002,1,334
200–400,writing-test3754,writing-test3754_human_written,0,311
0–200,writing-test3783,writing-test3783_ai_generated_llama-3.3-70b-instruct,2,199
200–400,writing-test3783,writing-test3783_ai_generated_llama-3.3-70b-instruct_THEN_claude-3-5-sonnet-20241022,2,228
200–400,writing-test3783,writing-test3783_human_ai_polished_gpt-3.5-turbo,1,205
0–200,writing-test3783,writing-test3783_human_written,0,197
200–400,writing-test3820,writing-test3820_ai_generated_llama-3.3-70b-instruct,2,365
200–400,writing-test3820,writing-test3820_ai_humanized_tool,3,306
200–400,writing-test3820,writing-test3820_human_ai_polished_claude-3-5-sonnet-20241022,1,349
200–400,writing-test3820,writing-test3820_human_written,0,346
200–400,writing-test3862,writing-test3862_ai_generated_gpt-4o-2024-11-20,2,356
200–400,writing-test3862,writing-test3862_ai_generated_gpt-4o-2024-11-20_THEN_gpt-3.5-turbo,2,378
200–400,writing-test3862,writing-test3862_human_ai_polished_gpt-4o-2024-11-20,1,316
200–400,writing-test3862,writing-test3862_human_written,0,321
200–400,writing-test3961,writing-test3961_ai_generated_qwen2.5-72b-instruct,2,252
200–400,writing-test3961,writing-test3961_ai_humanized_human,3,238
200–400,writing-test3961,writing-test3961_human_ai_polished_gpt-3.5-turbo,1,249
200–400,writing-test3961,writing-test3961_human_written,0,270
600–800,writing-test4179,writing-test4179_ai_generated_gemini-1.5-pro-002,2,754
600–800,writing-test4179,writing-test4179_ai_humanized_human,3,779
600–800,writing-test4179,writing-test4179_human_ai_polished_gemini-1.5-pro-002,1,759
600–800,writing-test4179,writing-test4179_human_written,0,750
400–600,writing-test419,writing-test419_ai_generated_gemini-1.5-pro-002,2,462
400–600,writing-test419,writing-test419_ai_generated_gemini-1.5-pro-002_THEN_gpt-3.5-turbo,2,458
400–600,writing-test419,writing-test419_human_ai_polished_gemini-1.5-pro-002,1,458
400–600,writing-test419,writing-test419_human_written,0,460
400–600,writing-test4239,writing-test4239_ai_generated_claude-3-5-sonnet-20241022,2,482
400–600,writing-test4239,writing-test4239_ai_generated_claude-3-5-sonnet-20241022_THEN_gemini-1.5-pro-002,2,528
400–600,writing-test4239,writing-test4239_human_ai_polished_gpt-3.5-turbo,1,442
200–400,writing-test4239,writing-test4239_human_written,0,397
600–800,writing-test4712,writing-test4712_ai_generated_claude-3-5-sonnet-20241022,2,688
600–800,writing-test4712,writing-test4712_ai_generated_claude-3-5-sonnet-20241022_THEN_gemini-1.5-pro-002,2,700
600–800,writing-test4712,writing-test4712_human_ai_polished_gemini-1.5-pro-002,1,662
600–800,writing-test4712,writing-test4712_human_written,0,662
0–200,writing-test4835,writing-test4835_ai_generated_gemini-1.5-pro-002,2,173
0–200,writing-test4835,writing-test4835_ai_generated_gemini-1.5-pro-002_THEN_gpt-3.5-turbo,2,192
0–200,writing-test4835,writing-test4835_human_ai_polished_gpt-3.5-turbo,1,181
0–200,writing-test4835,writing-test4835_human_written,0,179
0–200,writing-test494,writing-test494_ai_generated_gpt-3.5-turbo,2,162
0–200,writing-test494,writing-test494_ai_generated_gpt-3.5-turbo_THEN_gemini-1.5-pro-002,2,166
0–200,writing-test494,writing-test494_human_ai_polished_gpt-3.5-turbo,1,150
0–200,writing-test494,writing-test494_human_written,0,159
400–600,writing-test5004,writing-test5004_ai_generated_claude-3-5-sonnet-20241022,2,522
400–600,writing-test5004,writing-test5004_ai_generated_claude-3-5-sonnet-20241022_THEN_claude-3-5-sonnet-20241022,2,524
400–600,writing-test5004,writing-test5004_human_ai_polished_claude-3-5-sonnet-20241022,1,515
400–600,writing-test5004,writing-test5004_human_written,0,526
0–200,writing-test5167,writing-test5167_ai_generated_qwen2.5-72b-instruct,2,170
0–200,writing-test5167,writing-test5167_ai_generated_qwen2.5-72b-instruct_THEN_gpt-3.5-turbo,2,187
0–200,writing-test5167,writing-test5167_human_ai_polished_gpt-4o-2024-11-20,1,152
0–200,writing-test5167,writing-test5167_human_written,0,158
400–600,writing-test5210,writing-test5210_ai_generated_gemini-1.5-pro-002,2,457
400–600,writing-test5210,writing-test5210_ai_generated_gemini-1.5-pro-002_THEN_gpt-4o-2024-11-20,2,498
400–600,writing-test5210,writing-test5210_human_ai_polished_gemini-1.5-pro-002,1,427
400–600,writing-test5210,writing-test5210_human_written,0,403
600–800,writing-test5233,writing-test5233_ai_generated_gemini-1.5-pro-002,2,677
600–800,writing-test5233,writing-test5233_ai_generated_gemini-1.5-pro-002_THEN_gemini-1.5-pro-002,2,729
600–800,writing-test5233,writing-test5233_human_ai_polished_claude-3-5-sonnet-20241022,1,688
600–800,writing-test5233,writing-test5233_human_written,0,626
0–200,writing-test5387,writing-test5387_ai_generated_gpt-3.5-turbo,2,165
0–200,writing-test5387,writing-test5387_ai_humanized_human,3,178
0–200,writing-test5387,writing-test5387_human_ai_polished_gpt-4o-2024-11-20,1,161
0–200,writing-test5387,writing-test5387_human_written,0,153
400–600,writing-test545,writing-test545_ai_generated_claude-3-5-sonnet-20241022,2,495
400–600,writing-test545,writing-test545_ai_generated_claude-3-5-sonnet-20241022_THEN_gemini-1.5-pro-002,2,497
400–600,writing-test545,writing-test545_human_ai_polished_claude-3-5-sonnet-20241022,1,487
400–600,writing-test545,writing-test545_human_written,0,479
200–400,writing-test5783,writing-test5783_ai_generated_gpt-3.5-turbo,2,246
200–400,writing-test5783,writing-test5783_ai_humanized_human,3,254
200–400,writing-test5783,writing-test5783_human_ai_polished_gemini-1.5-pro-002,1,266
200–400,writing-test5783,writing-test5783_human_written,0,243
0–200,writing-test6199,writing-test6199_ai_generated_qwen2.5-72b-instruct,2,192
0–200,writing-test6199,writing-test6199_ai_generated_qwen2.5-72b-instruct_THEN_claude-3-5-sonnet-20241022,2,194
0–200,writing-test6199,writing-test6199_human_ai_polished_gemini-1.5-pro-002,1,197
0–200,writing-test6199,writing-test6199_human_written,0,181
400–600,writing-test6453,writing-test6453_ai_generated_gpt-3.5-turbo,2,529
400–600,writing-test6453,writing-test6453_ai_humanized_tool,3,489
400–600,writing-test6453,writing-test6453_human_ai_polished_claude-3-5-sonnet-20241022,1,507
400–600,writing-test6453,writing-test6453_human_written,0,536
400–600,writing-test7143,writing-test7143_ai_generated_llama-3.3-70b-instruct,2,532
600–800,writing-test7143,writing-test7143_ai_generated_llama-3.3-70b-instruct_THEN_gpt-3.5-turbo,2,613
400–600,writing-test7143,writing-test7143_human_ai_polished_claude-3-5-sonnet-20241022,1,575
400–600,writing-test7143,writing-test7143_human_written,0,570
200–400,writing-test7775,writing-test7775_ai_generated_llama-3.3-70b-instruct,2,326
200–400,writing-test7775,writing-test7775_ai_humanized_tool,3,299
200–400,writing-test7775,writing-test7775_human_ai_polished_gpt-3.5-turbo,1,302
200–400,writing-test7775,writing-test7775_human_written,0,326
200–400,writing-test7902,writing-test7902_ai_generated_claude-3-5-sonnet-20241022,2,306
200–400,writing-test7902,writing-test7902_ai_generated_claude-3-5-sonnet-20241022_THEN_gemini-1.5-pro-002,2,298
200–400,writing-test7902,writing-test7902_human_ai_polished_gemini-1.5-pro-002,1,311
200–400,writing-test7902,writing-test7902_human_written,0,325
800+,writing-test7954,writing-test7954_ai_generated_claude-3-5-sonnet-20241022,2,920
600–800,writing-test7954,writing-test7954_ai_humanized_tool,3,790
800+,writing-test7954,writing-test7954_human_ai_polished_claude-3-5-sonnet-20241022,1,945
800+,writing-test7954,writing-test7954_human_written,0,922
600–800,writing-test8135,writing-test8135_ai_generated_gpt-4o-2024-11-20,2,646
400–600,writing-test8135,writing-test8135_ai_generated_gpt-4o-2024-11-20_THEN_gpt-3.5-turbo,2,574
600–800,writing-test8135,writing-test8135_human_ai_polished_claude-3-5-sonnet-20241022,1,608
600–800,writing-test8135,writing-test8135_human_written,0,603
0–200,writing-test8153,writing-test8153_ai_generated_gemini-1.5-pro-002,2,172
0–200,writing-test8153,writing-test8153_ai_generated_gemini-1.5-pro-002_THEN_gpt-3.5-turbo,2,139
0–200,writing-test8153,writing-test8153_human_ai_polished_gpt-4o-2024-11-20,1,136
0–200,writing-test8153,writing-test8153_human_written,0,136
200–400,writing-test8284,writing-test8284_ai_generated_qwen2.5-72b-instruct,2,372
600–800,writing-test8284,writing-test8284_ai_generated_qwen2.5-72b-instruct_THEN_claude-3-5-sonnet-20241022,2,692
600–800,writing-test8284,writing-test8284_human_ai_polished_claude-3-5-sonnet-20241022,1,637
600–800,writing-test8284,writing-test8284_human_written,0,643
400–600,writing-test8330,writing-test8330_ai_generated_gemini-1.5-pro-002,2,469
400–600,writing-test8330,writing-test8330_ai_generated_gemini-1.5-pro-002_THEN_claude-3-5-sonnet-20241022,2,495
400–600,writing-test8330,writing-test8330_human_ai_polished_claude-3-5-sonnet-20241022,1,427
400–600,writing-test8330,writing-test8330_human_written,0,471
200–400,writing-test834,writing-test834_ai_generated_qwen2.5-72b-instruct,2,243
200–400,writing-test834,writing-test834_ai_generated_qwen2.5-72b-instruct_THEN_gemini-1.5-pro-002,2,241
200–400,writing-test834,writing-test834_human_ai_polished_gemini-1.5-pro-002,1,229
200–400,writing-test834,writing-test834_human_written,0,239
600–800,writing-test8407,writing-test8407_ai_generated_gpt-3.5-turbo,2,629
600–800,writing-test8407,writing-test8407_ai_generated_gpt-3.5-turbo_THEN_gpt-3.5-turbo,2,710
600–800,writing-test8407,writing-test8407_human_ai_polished_gemini-1.5-pro-002,1,678
600–800,writing-test8407,writing-test8407_human_written,0,648
400–600,writing-test8586,writing-test8586_ai_generated_llama-3.3-70b-instruct,2,557
400–600,writing-test8586,writing-test8586_ai_humanized_human,3,405
600–800,writing-test8586,writing-test8586_human_ai_polished_claude-3-5-sonnet-20241022,1,772
800+,writing-test8586,writing-test8586_human_written,0,801
800+,writing-test8668,writing-test8668_ai_generated_gemini-1.5-pro-002,2,859
800+,writing-test8668,writing-test8668_ai_generated_gemini-1.5-pro-002_THEN_gemini-1.5-pro-002,2,892
800+,writing-test8668,writing-test8668_human_ai_polished_claude-3-5-sonnet-20241022,1,861
800+,writing-test8668,writing-test8668_human_written,0,834
0–200,writing-test8740,writing-test8740_ai_generated_claude-3-5-sonnet-20241022,2,127
0–200,writing-test8740,writing-test8740_ai_generated_claude-3-5-sonnet-20241022_THEN_gpt-4o-2024-11-20,2,129
0–200,writing-test8740,writing-test8740_human_ai_polished_gpt-4o-2024-11-20,1,129
0–200,writing-test8740,writing-test8740_human_written,0,139
200–400,writing-test878,writing-test878_ai_generated_claude-3-5-sonnet-20241022,2,244
200–400,writing-test878,writing-test878_ai_humanized_tool,3,216
200–400,writing-test878,writing-test878_human_ai_polished_claude-3-5-sonnet-20241022,1,231
200–400,writing-test878,writing-test878_human_written,0,262
0–200,writing-test8796,writing-test8796_ai_generated_claude-3-5-sonnet-20241022,2,129
0–200,writing-test8796,writing-test8796_ai_generated_claude-3-5-sonnet-20241022_THEN_gpt-3.5-turbo,2,131
0–200,writing-test8796,writing-test8796_human_ai_polished_gpt-4o-2024-11-20,1,108
0–200,writing-test8796,writing-test8796_human_written,0,118
400–600,writing-test8851,writing-test8851_ai_generated_qwen2.5-72b-instruct,2,516
400–600,writing-test8851,writing-test8851_ai_generated_qwen2.5-72b-instruct_THEN_gpt-3.5-turbo,2,529
400–600,writing-test8851,writing-test8851_human_ai_polished_gemini-1.5-pro-002,1,519
400–600,writing-test8851,writing-test8851_human_written,0,493
200–400,writing-test9130,writing-test9130_ai_generated_gpt-4o-2024-11-20,2,358
400–600,writing-test9130,writing-test9130_ai_generated_gpt-4o-2024-11-20_THEN_gemini-1.5-pro-002,2,563
400–600,writing-test9130,writing-test9130_human_ai_polished_gemini-1.5-pro-002,1,544
400–600,writing-test9130,writing-test9130_human_written,0,563
200–400,writing-test9234,writing-test9234_ai_generated_gpt-4o-2024-11-20,2,217
0–200,writing-test9234,writing-test9234_ai_generated_gpt-4o-2024-11-20_THEN_claude-3-5-sonnet-20241022,2,197
200–400,writing-test9234,writing-test9234_human_ai_polished_gpt-3.5-turbo,1,210
200–400,writing-test9234,writing-test9234_human_written,0,206
400–600,writing-test9257,writing-test9257_ai_generated_gemini-1.5-pro-002,2,483
400–600,writing-test9257,writing-test9257_ai_generated_gemini-1.5-pro-002_THEN_claude-3-5-sonnet-20241022,2,473
400–600,writing-test9257,writing-test9257_human_ai_polished_gemini-1.5-pro-002,1,413
400–600,writing-test9257,writing-test9257_human_written,0,499
200–400,writing-test9345,writing-test9345_ai_generated_gpt-3.5-turbo,2,210
200–400,writing-test9345,writing-test9345_ai_generated_gpt-3.5-turbo_THEN_claude-3-5-sonnet-20241022,2,254
200–400,writing-test9345,writing-test9345_human_ai_polished_gemini-1.5-pro-002,1,223
200–400,writing-test9345,writing-test9345_human_written,0,224
800+,writing-test9440,writing-test9440_ai_generated_qwen2.5-72b-instruct,2,957
800+,writing-test9440,writing-test9440_ai_generated_qwen2.5-72b-instruct_THEN_gemini-1.5-pro-002,2,1029
800+,writing-test9440,writing-test9440_human_ai_polished_gemini-1.5-pro-002,1,982
800+,writing-test9440,writing-test9440_human_written,0,1006
400–600,writing-test9455,writing-test9455_ai_generated_gemini-1.5-pro-002,2,483
400–600,writing-test9455,writing-test9455_ai_generated_gemini-1.5-pro-002_THEN_gemini-1.5-pro-002,2,481
400–600,writing-test9455,writing-test9455_human_ai_polished_gpt-3.5-turbo,1,436
400–600,writing-test9455,writing-test9455_human_written,0,455
400–600,writing-test9593,writing-test9593_ai_generated_llama-3.3-70b-instruct,2,487
400–600,writing-test9593,writing-test9593_ai_generated_llama-3.3-70b-instruct_THEN_gemini-1.5-pro-002,2,536
400–600,writing-test9593,writing-test9593_human_ai_polished_gemini-1.5-pro-002,1,489
400–600,writing-test9593,writing-test9593_human_written,0,475
400–600,writing-test9601,writing-test9601_ai_generated_gemini-1.5-pro-002,2,472
400–600,writing-test9601,writing-test9601_ai_generated_gemini-1.5-pro-002_THEN_gpt-3.5-turbo,2,491
400–600,writing-test9601,writing-test9601_human_ai_polished_gemini-1.5-pro-002,1,465
400–600,writing-test9601,writing-test9601_human_written,0,436
400–600,writing-test9632,writing-test9632_ai_generated_gpt-4o-2024-11-20,2,518
400–600,writing-test9632,writing-test9632_ai_humanized_tool,3,411
400–600,writing-test9632,writing-test9632_human_ai_polished_gemini-1.5-pro-002,1,483
400–600,writing-test9632,writing-test9632_human_written,0,450
200–400,writing-test9862,writing-test9862_ai_generated_gpt-3.5-turbo,2,227
200–400,writing-test9862,writing-test9862_ai_generated_gpt-3.5-turbo_THEN_gpt-3.5-turbo,2,248
200–400,writing-test9862,writing-test9862_human_ai_polished_gpt-3.5-turbo,1,226
200–400,writing-test9862,writing-test9862_human_written,0,241
200–400,writing-test99,writing-test99_ai_generated_llama-3.3-70b-instruct,2,293
200–400,writing-test99,writing-test99_ai_generated_llama-3.3-70b-instruct_THEN_claude-3-5-sonnet-20241022,2,304
200–400,writing-test99,writing-test99_human_ai_polished_gemini-1.5-pro-002,1,315
200–400,writing-test99,writing-test99_human_written,0,308
200–400,writing-valid10072,writing-valid10072_ai_generated_gemini-1.5-pro-002,2,387
200–400,writing-valid10072,writing-valid10072_ai_humanized_tool,3,333
200–400,writing-valid10072,writing-valid10072_human_ai_polished_gpt-3.5-turbo,1,357
200–400,writing-valid10072,writing-valid10072_human_written,0,350
200–400,writing-valid1011,writing-valid1011_ai_generated_gemini-1.5-pro-002,2,230
200–400,writing-valid1011,writing-valid1011_ai_humanized_tool,3,227
200–400,writing-valid1011,writing-valid1011_human_ai_polished_gpt-4o-2024-11-20,1,225
200–400,writing-valid1011,writing-valid1011_human_written,0,202
0–200,writing-valid10146,writing-valid10146_ai_generated_claude-3-5-sonnet-20241022,2,193
200–400,writing-valid10146,writing-valid10146_ai_humanized_tool,3,203
0–200,writing-valid10146,writing-valid10146_human_ai_polished_gemini-1.5-pro-002,1,189
0–200,writing-valid10146,writing-valid10146_human_written,0,179
400–600,writing-valid10215,writing-valid10215_ai_generated_gpt-3.5-turbo,2,421
400–600,writing-valid10215,writing-valid10215_ai_generated_gpt-3.5-turbo_THEN_gpt-3.5-turbo,2,508
400–600,writing-valid10215,writing-valid10215_human_ai_polished_gpt-4o-2024-11-20,1,420
400–600,writing-valid10215,writing-valid10215_human_written,0,456
400–600,writing-valid10257,writing-valid10257_ai_generated_gpt-4o-2024-11-20,2,415
600–800,writing-valid10257,writing-valid10257_ai_generated_gpt-4o-2024-11-20_THEN_gpt-4o-2024-11-20,2,682
600–800,writing-valid10257,writing-valid10257_human_ai_polished_claude-3-5-sonnet-20241022,1,694
600–800,writing-valid10257,writing-valid10257_human_written,0,654
400–600,writing-valid10407,writing-valid10407_ai_generated_qwen2.5-72b-instruct,2,532
600–800,writing-valid10407,writing-valid10407_ai_generated_qwen2.5-72b-instruct_THEN_gemini-1.5-pro-002,2,605
600–800,writing-valid10407,writing-valid10407_human_ai_polished_gemini-1.5-pro-002,1,625
400–600,writing-valid10407,writing-valid10407_human_written,0,582
400–600,writing-valid10435,writing-valid10435_ai_generated_llama-3.3-70b-instruct,2,405
400–600,writing-valid10435,writing-valid10435_ai_generated_llama-3.3-70b-instruct_THEN_gpt-3.5-turbo,2,473
400–600,writing-valid10435,writing-valid10435_human_ai_polished_gemini-1.5-pro-002,1,453
400–600,writing-valid10435,writing-valid10435_human_written,0,441
200–400,writing-valid10467,writing-valid10467_ai_generated_gpt-3.5-turbo,2,326
200–400,writing-valid10467,writing-valid10467_ai_generated_gpt-3.5-turbo_THEN_gpt-3.5-turbo,2,326
200–400,writing-valid10467,writing-valid10467_human_ai_polished_gpt-3.5-turbo,1,315
200–400,writing-valid10467,writing-valid10467_human_written,0,312
400–600,writing-valid10625,writing-valid10625_ai_generated_gpt-3.5-turbo,2,459
400–600,writing-valid10625,writing-valid10625_ai_humanized_tool,3,418
400–600,writing-valid10625,writing-valid10625_human_ai_polished_gemini-1.5-pro-002,1,501
400–600,writing-valid10625,writing-valid10625_human_written,0,474
400–600,writing-valid10675,writing-valid10675_ai_generated_gemini-1.5-pro-002,2,540
600–800,writing-valid10675,writing-valid10675_ai_generated_gemini-1.5-pro-002_THEN_claude-3-5-sonnet-20241022,2,607
400–600,writing-valid10675,writing-valid10675_human_ai_polished_claude-3-5-sonnet-20241022,1,515
400–600,writing-valid10675,writing-valid10675_human_written,0,517
800+,writing-valid10805,writing-valid10805_ai_generated_claude-3-5-sonnet-20241022,2,1187
800+,writing-valid10805,writing-valid10805_ai_generated_claude-3-5-sonnet-20241022_THEN_gemini-1.5-pro-002,2,1277
800+,writing-valid10805,writing-valid10805_human_ai_polished_gpt-4o-2024-11-20,1,1278
800+,writing-valid10805,writing-valid10805_human_written,0,1275
200–400,writing-valid11308,writing-valid11308_ai_generated_gpt-3.5-turbo,2,281
200–400,writing-valid11308,writing-valid11308_ai_generated_gpt-3.5-turbo_THEN_claude-3-5-sonnet-20241022,2,328
200–400,writing-valid11308,writing-valid11308_human_ai_polished_claude-3-5-sonnet-20241022,1,301
200–400,writing-valid11308,writing-valid11308_human_written,0,274
600–800,writing-valid11459,writing-valid11459_ai_generated_gpt-3.5-turbo,2,608
600–800,writing-valid11459,writing-valid11459_ai_generated_gpt-3.5-turbo_THEN_gemini-1.5-pro-002,2,627
600–800,writing-valid11459,writing-valid11459_human_ai_polished_gemini-1.5-pro-002,1,628
600–800,writing-valid11459,writing-valid11459_human_written,0,635
0–200,writing-valid11567,writing-valid11567_ai_generated_gpt-3.5-turbo,2,194
200–400,writing-valid11567,writing-valid11567_ai_generated_gpt-3.5-turbo_THEN_gpt-3.5-turbo,2,206
0–200,writing-valid11567,writing-valid11567_human_ai_polished_gpt-3.5-turbo,1,192
0–200,writing-valid11567,writing-valid11567_human_written,0,194
800+,writing-valid11676,writing-valid11676_ai_generated_claude-3-5-sonnet-20241022,2,879
800+,writing-valid11676,writing-valid11676_ai_generated_claude-3-5-sonnet-20241022_THEN_gpt-3.5-turbo,2,1029
800+,writing-valid11676,writing-valid11676_human_ai_polished_gpt-3.5-turbo,1,981
800+,writing-valid11676,writing-valid11676_human_written,0,977
200–400,writing-valid11684,writing-valid11684_ai_generated_gemini-1.5-pro-002,2,204
200–400,writing-valid11684,writing-valid11684_ai_generated_gemini-1.5-pro-002_THEN_claude-3-5-sonnet-20241022,2,202
200–400,writing-valid11684,writing-valid11684_human_ai_polished_gemini-1.5-pro-002,1,210
200–400,writing-valid11684,writing-valid11684_human_written,0,203
400–600,writing-valid11694,writing-valid11694_ai_generated_claude-3-5-sonnet-20241022,2,598
400–600,writing-valid11694,writing-valid11694_ai_humanized_tool,3,482
600–800,writing-valid11694,writing-valid11694_human_ai_polished_gemini-1.5-pro-002,1,658
600–800,writing-valid11694,writing-valid11694_human_written,0,633
200–400,writing-valid11750,writing-valid11750_ai_generated_gpt-3.5-turbo,2,389
400–600,writing-valid11750,writing-valid11750_ai_generated_gpt-3.5-turbo_THEN_gpt-3.5-turbo,2,401
200–400,writing-valid11750,writing-valid11750_human_ai_polished_gpt-3.5-turbo,1,381
200–400,writing-valid11750,writing-valid11750_human_written,0,373
200–400,writing-valid12238,writing-valid12238_ai_generated_qwen2.5-72b-instruct,2,360
200–400,writing-valid12238,writing-valid12238_ai_generated_qwen2.5-72b-instruct_THEN_claude-3-5-sonnet-20241022,2,343
200–400,writing-valid12238,writing-valid12238_human_ai_polished_gpt-3.5-turbo,1,259
200–400,writing-valid12238,writing-valid12238_human_written,0,399
800+,writing-valid12479,writing-valid12479_ai_generated_qwen2.5-72b-instruct,2,860
800+,writing-valid12479,writing-valid12479_ai_generated_qwen2.5-72b-instruct_THEN_gpt-3.5-turbo,2,961
800+,writing-valid12479,writing-valid12479_human_ai_polished_gemini-1.5-pro-002,1,890
800+,writing-valid12479,writing-valid12479_human_written,0,906
400–600,writing-valid12499,writing-valid12499_ai_generated_qwen2.5-72b-instruct,2,483
400–600,writing-valid12499,writing-valid12499_ai_generated_qwen2.5-72b-instruct_THEN_claude-3-5-sonnet-20241022,2,561
400–600,writing-valid12499,writing-valid12499_human_ai_polished_claude-3-5-sonnet-20241022,1,491
400–600,writing-valid12499,writing-valid12499_human_written,0,482
200–400,writing-valid12923,writing-valid12923_ai_generated_gpt-4o-2024-11-20,2,344
200–400,writing-valid12923,writing-valid12923_ai_humanized_tool,3,312
200–400,writing-valid12923,writing-valid12923_human_ai_polished_gpt-4o-2024-11-20,1,264
200–400,writing-valid12923,writing-valid12923_human_written,0,280
0–200,writing-valid12943,writing-valid12943_ai_generated_gemini-1.5-pro-002,2,180
0–200,writing-valid12943,writing-valid12943_ai_generated_gemini-1.5-pro-002_THEN_gpt-4o-2024-11-20,2,190
0–200,writing-valid12943,writing-valid12943_human_ai_polished_gemini-1.5-pro-002,1,171
0–200,writing-valid12943,writing-valid12943_human_written,0,166
200–400,writing-valid12994,writing-valid12994_ai_generated_gpt-3.5-turbo,2,357
400–600,writing-valid12994,writing-valid12994_ai_generated_gpt-3.5-turbo_THEN_gpt-3.5-turbo,2,429
200–400,writing-valid12994,writing-valid12994_human_ai_polished_gpt-3.5-turbo,1,259
200–400,writing-valid12994,writing-valid12994_human_written,0,395
600–800,writing-valid13095,writing-valid13095_ai_generated_claude-3-5-sonnet-20241022,2,633
600–800,writing-valid13095,writing-valid13095_ai_generated_claude-3-5-sonnet-20241022_THEN_claude-3-5-sonnet-20241022,2,700
600–800,writing-valid13095,writing-valid13095_human_ai_polished_gemini-1.5-pro-002,1,639
400–600,writing-valid13095,writing-valid13095_human_written,0,592
200–400,writing-valid1310,writing-valid1310_ai_generated_llama-3.3-70b-instruct,2,262
200–400,writing-valid1310,writing-valid1310_ai_humanized_tool,3,258
200–400,writing-valid1310,writing-valid1310_human_ai_polished_gpt-3.5-turbo,1,242
200–400,writing-valid1310,writing-valid1310_human_written,0,255
800+,writing-valid13211,writing-valid13211_ai_generated_llama-3.3-70b-instruct,2,1827
400–600,writing-valid13211,writing-valid13211_ai_generated_llama-3.3-70b-instruct_THEN_gpt-4o-2024-11-20,2,528
800+,writing-valid13211,writing-valid13211_human_ai_polished_gemini-1.5-pro-002,1,804
600–800,writing-valid13211,writing-valid13211_human_written,0,767
0–200,writing-valid13265,writing-valid13265_ai_generated_gemini-1.5-pro-002,2,71
0–200,writing-valid13265,writing-valid13265_ai_generated_gemini-1.5-pro-002_THEN_claude-3-5-sonnet-20241022,2,68
0–200,writing-valid13265,writing-valid13265_human_ai_polished_claude-3-5-sonnet-20241022,1,73
0–200,writing-valid13265,writing-valid13265_human_written,0,77
200–400,writing-valid13335,writing-valid13335_ai_generated_gpt-3.5-turbo,2,328
200–400,writing-valid13335,writing-valid13335_ai_generated_gpt-3.5-turbo_THEN_claude-3-5-sonnet-20241022,2,352
200–400,writing-valid13335,writing-valid13335_human_ai_polished_gpt-3.5-turbo,1,344
200–400,writing-valid13335,writing-valid13335_human_written,0,325
200–400,writing-valid13596,writing-valid13596_ai_generated_llama-3.3-70b-instruct,2,386
400–600,writing-valid13596,writing-valid13596_ai_generated_llama-3.3-70b-instruct_THEN_claude-3-5-sonnet-20241022,2,448
200–400,writing-valid13596,writing-valid13596_human_ai_polished_claude-3-5-sonnet-20241022,1,398
400–600,writing-valid13596,writing-valid13596_human_written,0,404
800+,writing-valid14028,writing-valid14028_ai_generated_qwen2.5-72b-instruct,2,803
800+,writing-valid14028,writing-valid14028_ai_generated_qwen2.5-72b-instruct_THEN_gpt-4o-2024-11-20,2,896
800+,writing-valid14028,writing-valid14028_human_ai_polished_gpt-3.5-turbo,1,804
800+,writing-valid14028,writing-valid14028_human_written,0,841
0–200,writing-valid14083,writing-valid14083_ai_generated_claude-3-5-sonnet-20241022,2,133
0–200,writing-valid14083,writing-valid14083_ai_generated_claude-3-5-sonnet-20241022_THEN_gpt-4o-2024-11-20,2,148
0–200,writing-valid14083,writing-valid14083_human_ai_polished_gpt-4o-2024-11-20,1,128
0–200,writing-valid14083,writing-valid14083_human_written,0,126
0–200,writing-valid14179,writing-valid14179_ai_generated_gpt-3.5-turbo,2,127
0–200,writing-valid14179,writing-valid14179_ai_generated_gpt-3.5-turbo_THEN_gpt-4o-2024-11-20,2,127
0–200,writing-valid14179,writing-valid14179_human_ai_polished_gpt-4o-2024-11-20,1,138
0–200,writing-valid14179,writing-valid14179_human_written,0,120
200–400,writing-valid14464,writing-valid14464_ai_generated_gemini-1.5-pro-002,2,379
200–400,writing-valid14464,writing-valid14464_ai_generated_gemini-1.5-pro-002_THEN_gpt-4o-2024-11-20,2,243
200–400,writing-valid14464,writing-valid14464_human_ai_polished_gpt-3.5-turbo,1,371
200–400,writing-valid14464,writing-valid14464_human_written,0,389
800+,writing-valid14816,writing-valid14816_ai_generated_gpt-4o-2024-11-20,2,1036
800+,writing-valid14816,writing-valid14816_ai_generated_gpt-4o-2024-11-20_THEN_gpt-3.5-turbo,2,1155
800+,writing-valid14816,writing-valid14816_human_ai_polished_gemini-1.5-pro-002,1,982
800+,writing-valid14816,writing-valid14816_human_written,0,959
200–400,writing-valid14914,writing-valid14914_ai_generated_llama-3.3-70b-instruct,2,261
200–400,writing-valid14914,writing-valid14914_ai_humanized_tool,3,289
200–400,writing-valid14914,writing-valid14914_human_ai_polished_gpt-4o-2024-11-20,1,245
200–400,writing-valid14914,writing-valid14914_human_written,0,274
400–600,writing-valid15109,writing-valid15109_ai_generated_gemini-1.5-pro-002,2,570
600–800,writing-valid15109,writing-valid15109_ai_generated_gemini-1.5-pro-002_THEN_gpt-4o-2024-11-20,2,664
400–600,writing-valid15109,writing-valid15109_human_ai_polished_gpt-3.5-turbo,1,544
400–600,writing-valid15109,writing-valid15109_human_written,0,547
200–400,writing-valid15344,writing-valid15344_ai_generated_llama-3.3-70b-instruct,2,372
200–400,writing-valid15344,writing-valid15344_ai_humanized_tool,3,372
200–400,writing-valid15344,writing-valid15344_human_ai_polished_gpt-3.5-turbo,1,360
200–400,writing-valid15344,writing-valid15344_human_written,0,366
400–600,writing-valid1534,writing-valid1534_ai_generated_gpt-4o-2024-11-20,2,411
200–400,writing-valid1534,writing-valid1534_ai_humanized_tool,3,335
400–600,writing-valid1534,writing-valid1534_human_ai_polished_gpt-3.5-turbo,1,406
200–400,writing-valid1534,writing-valid1534_human_written,0,379
200–400,writing-valid15505,writing-valid15505_ai_generated_gemini-1.5-pro-002,2,288
200–400,writing-valid15505,writing-valid15505_ai_generated_gemini-1.5-pro-002_THEN_gpt-3.5-turbo,2,259
200–400,writing-valid15505,writing-valid15505_human_ai_polished_claude-3-5-sonnet-20241022,1,248
200–400,writing-valid15505,writing-valid15505_human_written,0,238
200–400,writing-valid15534,writing-valid15534_ai_generated_gemini-1.5-pro-002,2,366
200–400,writing-valid15534,writing-valid15534_ai_generated_gemini-1.5-pro-002_THEN_gemini-1.5-pro-002,2,385
200–400,writing-valid15534,writing-valid15534_human_ai_polished_gemini-1.5-pro-002,1,351
200–400,writing-valid15534,writing-valid15534_human_written,0,338
800+,writing-valid1564,writing-valid1564_ai_generated_claude-3-5-sonnet-20241022,2,1180
800+,writing-valid1564,writing-valid1564_ai_generated_claude-3-5-sonnet-20241022_THEN_gemini-1.5-pro-002,2,1315
800+,writing-valid1564,writing-valid1564_human_ai_polished_gpt-4o-2024-11-20,1,1176
800+,writing-valid1564,writing-valid1564_human_written,0,1201
600–800,writing-valid2068,writing-valid2068_ai_generated_llama-3.3-70b-instruct,2,600
600–800,writing-valid2068,writing-valid2068_ai_generated_llama-3.3-70b-instruct_THEN_gpt-4o-2024-11-20,2,705
600–800,writing-valid2068,writing-valid2068_human_ai_polished_gpt-3.5-turbo,1,624
400–600,writing-valid2068,writing-valid2068_human_written,0,597
200–400,writing-valid2160,writing-valid2160_ai_generated_gpt-4o-2024-11-20,2,343
200–400,writing-valid2160,writing-valid2160_ai_generated_gpt-4o-2024-11-20_THEN_gpt-3.5-turbo,2,357
200–400,writing-valid2160,writing-valid2160_human_ai_polished_gemini-1.5-pro-002,1,323
200–400,writing-valid2160,writing-valid2160_human_written,0,335
0–200,writing-valid2320,writing-valid2320_ai_generated_qwen2.5-72b-instruct,2,157
0–200,writing-valid2320,writing-valid2320_ai_generated_qwen2.5-72b-instruct_THEN_gemini-1.5-pro-002,2,135
0–200,writing-valid2320,writing-valid2320_human_ai_polished_gpt-3.5-turbo,1,153
0–200,writing-valid2320,writing-valid2320_human_written,0,150
200–400,writing-valid2450,writing-valid2450_ai_generated_gemini-1.5-pro-002,2,326
200–400,writing-valid2450,writing-valid2450_ai_generated_gemini-1.5-pro-002_THEN_gpt-3.5-turbo,2,319
200–400,writing-valid2450,writing-valid2450_human_ai_polished_claude-3-5-sonnet-20241022,1,319
200–400,writing-valid2450,writing-valid2450_human_written,0,303
400–600,writing-valid2473,writing-valid2473_ai_generated_claude-3-5-sonnet-20241022,2,403
200–400,writing-valid2473,writing-valid2473_ai_humanized_tool,3,358
400–600,writing-valid2473,writing-valid2473_human_ai_polished_gpt-3.5-turbo,1,401
400–600,writing-valid2473,writing-valid2473_human_written,0,406
200–400,writing-valid2576,writing-valid2576_ai_generated_llama-3.3-70b-instruct,2,287
200–400,writing-valid2576,writing-valid2576_ai_generated_llama-3.3-70b-instruct_THEN_claude-3-5-sonnet-20241022,2,293
200–400,writing-valid2576,writing-valid2576_human_ai_polished_claude-3-5-sonnet-20241022,1,287
200–400,writing-valid2576,writing-valid2576_human_written,0,289
200–400,writing-valid2636,writing-valid2636_ai_generated_gpt-3.5-turbo,2,322
200–400,writing-valid2636,writing-valid2636_ai_generated_gpt-3.5-turbo_THEN_gpt-3.5-turbo,2,341
200–400,writing-valid2636,writing-valid2636_human_ai_polished_gpt-3.5-turbo,1,331
200–400,writing-valid2636,writing-valid2636_human_written,0,327
200–400,writing-valid2641,writing-valid2641_ai_generated_gemini-1.5-pro-002,2,305
200–400,writing-valid2641,writing-valid2641_ai_generated_gemini-1.5-pro-002_THEN_gpt-3.5-turbo,2,313
200–400,writing-valid2641,writing-valid2641_human_ai_polished_claude-3-5-sonnet-20241022,1,263
200–400,writing-valid2641,writing-valid2641_human_written,0,266
600–800,writing-valid270,writing-valid270_ai_generated_llama-3.3-70b-instruct,2,617
600–800,writing-valid270,writing-valid270_ai_generated_llama-3.3-70b-instruct_THEN_gemini-1.5-pro-002,2,701
600–800,writing-valid270,writing-valid270_human_ai_polished_gemini-1.5-pro-002,1,636
600–800,writing-valid270,writing-valid270_human_written,0,602
0–200,writing-valid3023,writing-valid3023_ai_generated_qwen2.5-72b-instruct,2,149
0–200,writing-valid3023,writing-valid3023_ai_generated_qwen2.5-72b-instruct_THEN_gpt-4o-2024-11-20,2,163
0–200,writing-valid3023,writing-valid3023_human_ai_polished_gemini-1.5-pro-002,1,144
0–200,writing-valid3023,writing-valid3023_human_written,0,102
800+,writing-valid3454,writing-valid3454_ai_generated_gpt-3.5-turbo,2,1565
600–800,writing-valid3454,writing-valid3454_ai_generated_gpt-3.5-turbo_THEN_gpt-3.5-turbo,2,723
800+,writing-valid3454,writing-valid3454_human_ai_polished_gpt-3.5-turbo,1,1323
800+,writing-valid3454,writing-valid3454_human_written,0,1372
200–400,writing-valid3762,writing-valid3762_ai_generated_llama-3.3-70b-instruct,2,224
200–400,writing-valid3762,writing-valid3762_ai_generated_llama-3.3-70b-instruct_THEN_gemini-1.5-pro-002,2,211
0–200,writing-valid3762,writing-valid3762_human_ai_polished_gpt-4o-2024-11-20,1,174
0–200,writing-valid3762,writing-valid3762_human_written,0,154
200–400,writing-valid3868,writing-valid3868_ai_generated_qwen2.5-72b-instruct,2,398
400–600,writing-valid3868,writing-valid3868_ai_generated_qwen2.5-72b-instruct_THEN_gemini-1.5-pro-002,2,422
400–600,writing-valid3868,writing-valid3868_human_ai_polished_gpt-4o-2024-11-20,1,417
400–600,writing-valid3868,writing-valid3868_human_written,0,427
400–600,writing-valid404,writing-valid404_ai_generated_gpt-3.5-turbo,2,590
600–800,writing-valid404,writing-valid404_ai_generated_gpt-3.5-turbo_THEN_gemini-1.5-pro-002,2,699
600–800,writing-valid404,writing-valid404_human_ai_polished_claude-3-5-sonnet-20241022,1,676
600–800,writing-valid404,writing-valid404_human_written,0,644
400–600,writing-valid4146,writing-valid4146_ai_generated_gpt-3.5-turbo,2,412
400–600,writing-valid4146,writing-valid4146_ai_generated_gpt-3.5-turbo_THEN_gpt-4o-2024-11-20,2,466
400–600,writing-valid4146,writing-valid4146_human_ai_polished_gemini-1.5-pro-002,1,430
400–600,writing-valid4146,writing-valid4146_human_written,0,411
800+,writing-valid4171,writing-valid4171_ai_generated_gpt-4o-2024-11-20,2,1758
800+,writing-valid4171,writing-valid4171_ai_generated_gpt-4o-2024-11-20_THEN_claude-3-5-sonnet-20241022,2,1751
800+,writing-valid4171,writing-valid4171_human_ai_polished_gpt-3.5-turbo,1,1524
800+,writing-valid4171,writing-valid4171_human_written,0,1590
200–400,writing-valid4201,writing-valid4201_ai_generated_claude-3-5-sonnet-20241022,2,259
200–400,writing-valid4201,writing-valid4201_ai_humanized_tool,3,295
200–400,writing-valid4201,writing-valid4201_human_ai_polished_claude-3-5-sonnet-20241022,1,262
200–400,writing-valid4201,writing-valid4201_human_written,0,243
400–600,writing-valid4488,writing-valid4488_ai_generated_llama-3.3-70b-instruct,2,528
400–600,writing-valid4488,writing-valid4488_ai_humanized_tool,3,433
400–600,writing-valid4488,writing-valid4488_human_ai_polished_claude-3-5-sonnet-20241022,1,582
400–600,writing-valid4488,writing-valid4488_human_written,0,559
0–200,writing-valid4905,writing-valid4905_ai_generated_claude-3-5-sonnet-20241022,2,136
0–200,writing-valid4905,writing-valid4905_ai_generated_claude-3-5-sonnet-20241022_THEN_gemini-1.5-pro-002,2,134
0–200,writing-valid4905,writing-valid4905_human_ai_polished_gemini-1.5-pro-002,1,129
0–200,writing-valid4905,writing-valid4905_human_written,0,125
200–400,writing-valid5015,writing-valid5015_ai_generated_gpt-4o-2024-11-20,2,343
200–400,writing-valid5015,writing-valid5015_ai_generated_gpt-4o-2024-11-20_THEN_claude-3-5-sonnet-20241022,2,348
200–400,writing-valid5015,writing-valid5015_human_ai_polished_claude-3-5-sonnet-20241022,1,361
200–400,writing-valid5015,writing-valid5015_human_written,0,360
200–400,writing-valid5019,writing-valid5019_ai_generated_qwen2.5-72b-instruct,2,239
200–400,writing-valid5019,writing-valid5019_ai_humanized_tool,3,258
200–400,writing-valid5019,writing-valid5019_human_ai_polished_gemini-1.5-pro-002,1,248
0–200,writing-valid5019,writing-valid5019_human_written,0,184
800+,writing-valid5237,writing-valid5237_ai_generated_gpt-3.5-turbo,2,1097
400–600,writing-valid5237,writing-valid5237_ai_humanized_tool,3,592
800+,writing-valid5237,writing-valid5237_human_ai_polished_gemini-1.5-pro-002,1,1102
800+,writing-valid5237,writing-valid5237_human_written,0,1114
0–200,writing-valid5394,writing-valid5394_ai_generated_gpt-3.5-turbo,2,137
0–200,writing-valid5394,writing-valid5394_ai_generated_gpt-3.5-turbo_THEN_gemini-1.5-pro-002,2,148
0–200,writing-valid5394,writing-valid5394_human_ai_polished_gpt-3.5-turbo,1,146
0–200,writing-valid5394,writing-valid5394_human_written,0,155
200–400,writing-valid5724,writing-valid5724_ai_generated_gpt-4o-2024-11-20,2,213
200–400,writing-valid5724,writing-valid5724_ai_generated_gpt-4o-2024-11-20_THEN_gpt-4o-2024-11-20,2,224
200–400,writing-valid5724,writing-valid5724_human_ai_polished_gemini-1.5-pro-002,1,206
0–200,writing-valid5724,writing-valid5724_human_written,0,193
200–400,writing-valid578,writing-valid578_ai_generated_claude-3-5-sonnet-20241022,2,371
200–400,writing-valid578,writing-valid578_ai_generated_claude-3-5-sonnet-20241022_THEN_gpt-4o-2024-11-20,2,379
200–400,writing-valid578,writing-valid578_human_ai_polished_gemini-1.5-pro-002,1,371
200–400,writing-valid578,writing-valid578_human_written,0,365
400–600,writing-valid5895,writing-valid5895_ai_generated_claude-3-5-sonnet-20241022,2,498
400–600,writing-valid5895,writing-valid5895_ai_generated_claude-3-5-sonnet-20241022_THEN_gemini-1.5-pro-002,2,558
400–600,writing-valid5895,writing-valid5895_human_ai_polished_claude-3-5-sonnet-20241022,1,497
400–600,writing-valid5895,writing-valid5895_human_written,0,500
800+,writing-valid5900,writing-valid5900_ai_generated_claude-3-5-sonnet-20241022,2,1027
800+,writing-valid5900,writing-valid5900_ai_generated_claude-3-5-sonnet-20241022_THEN_gemini-1.5-pro-002,2,1054
800+,writing-valid5900,writing-valid5900_human_ai_polished_gpt-3.5-turbo,1,943
800+,writing-valid5900,writing-valid5900_human_written,0,989
800+,writing-valid5937,writing-valid5937_ai_generated_gemini-1.5-pro-002,2,1231
800+,writing-valid5937,writing-valid5937_ai_generated_gemini-1.5-pro-002_THEN_gpt-3.5-turbo,2,1970
800+,writing-valid5937,writing-valid5937_human_ai_polished_gpt-4o-2024-11-20,1,1122
800+,writing-valid5937,writing-valid5937_human_written,0,1251
200–400,writing-valid6069,writing-valid6069_ai_generated_llama-3.3-70b-instruct,2,254
200–400,writing-valid6069,writing-valid6069_ai_generated_llama-3.3-70b-instruct_THEN_gemini-1.5-pro-002,2,261
200–400,writing-valid6069,writing-valid6069_human_ai_polished_claude-3-5-sonnet-20241022,1,253
200–400,writing-valid6069,writing-valid6069_human_written,0,265
600–800,writing-valid6135,writing-valid6135_ai_generated_claude-3-5-sonnet-20241022,2,629
400–600,writing-valid6135,writing-valid6135_ai_humanized_tool,3,511
600–800,writing-valid6135,writing-valid6135_human_ai_polished_gpt-3.5-turbo,1,629
600–800,writing-valid6135,writing-valid6135_human_written,0,728
800+,writing-valid6276,writing-valid6276_ai_generated_qwen2.5-72b-instruct,2,879
800+,writing-valid6276,writing-valid6276_ai_generated_qwen2.5-72b-instruct_THEN_gemini-1.5-pro-002,2,886
800+,writing-valid6276,writing-valid6276_human_ai_polished_gemini-1.5-pro-002,1,825
800+,writing-valid6276,writing-valid6276_human_written,0,847
200–400,writing-valid6469,writing-valid6469_ai_generated_llama-3.3-70b-instruct,2,293
200–400,writing-valid6469,writing-valid6469_ai_generated_llama-3.3-70b-instruct_THEN_gpt-3.5-turbo,2,287
200–400,writing-valid6469,writing-valid6469_human_ai_polished_gpt-4o-2024-11-20,1,277
200–400,writing-valid6469,writing-valid6469_human_written,0,278
200–400,writing-valid6551,writing-valid6551_ai_generated_qwen2.5-72b-instruct,2,220
200–400,writing-valid6551,writing-valid6551_ai_humanized_tool,3,259
200–400,writing-valid6551,writing-valid6551_human_ai_polished_gpt-3.5-turbo,1,203
200–400,writing-valid6551,writing-valid6551_human_written,0,209
400–600,writing-valid6581,writing-valid6581_ai_generated_gemini-1.5-pro-002,2,434
200–400,writing-valid6581,writing-valid6581_ai_generated_gemini-1.5-pro-002_THEN_claude-3-5-sonnet-20241022,2,389
200–400,writing-valid6581,writing-valid6581_human_ai_polished_gpt-3.5-turbo,1,375
200–400,writing-valid6581,writing-valid6581_human_written,0,388
600–800,writing-valid6601,writing-valid6601_ai_generated_gpt-4o-2024-11-20,2,792
600–800,writing-valid6601,writing-valid6601_ai_generated_gpt-4o-2024-11-20_THEN_claude-3-5-sonnet-20241022,2,749
600–800,writing-valid6601,writing-valid6601_human_ai_polished_claude-3-5-sonnet-20241022,1,723
600–800,writing-valid6601,writing-valid6601_human_written,0,758
400–600,writing-valid661,writing-valid661_ai_generated_gemini-1.5-pro-002,2,531
200–400,writing-valid661,writing-valid661_ai_humanized_tool,3,342
400–600,writing-valid661,writing-valid661_human_ai_polished_gpt-3.5-turbo,1,483
400–600,writing-valid661,writing-valid661_human_written,0,463
200–400,writing-valid7363,writing-valid7363_ai_generated_gemini-1.5-pro-002,2,272
200–400,writing-valid7363,writing-valid7363_ai_generated_gemini-1.5-pro-002_THEN_gpt-3.5-turbo,2,275
0–200,writing-valid7363,writing-valid7363_human_ai_polished_gpt-3.5-turbo,1,140
200–400,writing-valid7363,writing-valid7363_human_written,0,258
400–600,writing-valid7515,writing-valid7515_ai_generated_llama-3.3-70b-instruct,2,432
400–600,writing-valid7515,writing-valid7515_ai_generated_llama-3.3-70b-instruct_THEN_gpt-4o-2024-11-20,2,483
400–600,writing-valid7515,writing-valid7515_human_ai_polished_gpt-3.5-turbo,1,466
400–600,writing-valid7515,writing-valid7515_human_written,0,486
200–400,writing-valid7537,writing-valid7537_ai_generated_llama-3.3-70b-instruct,2,218
200–400,writing-valid7537,writing-valid7537_ai_generated_llama-3.3-70b-instruct_THEN_gpt-4o-2024-11-20,2,251
200–400,writing-valid7537,writing-valid7537_human_ai_polished_gpt-4o-2024-11-20,1,213
200–400,writing-valid7537,writing-valid7537_human_written,0,219
400–600,writing-valid7557,writing-valid7557_ai_generated_gemini-1.5-pro-002,2,449
400–600,writing-valid7557,writing-valid7557_ai_generated_gemini-1.5-pro-002_THEN_gemini-1.5-pro-002,2,469
200–400,writing-valid7557,writing-valid7557_human_ai_polished_gpt-3.5-turbo,1,293
400–600,writing-valid7557,writing-valid7557_human_written,0,417
400–600,writing-valid7589,writing-valid7589_ai_generated_gpt-4o-2024-11-20,2,510
200–400,writing-valid7589,writing-valid7589_ai_humanized_tool,3,358
400–600,writing-valid7589,writing-valid7589_human_ai_polished_gpt-4o-2024-11-20,1,476
400–600,writing-valid7589,writing-valid7589_human_written,0,477
200–400,writing-valid7973,writing-valid7973_ai_generated_gpt-3.5-turbo,2,237
200–400,writing-valid7973,writing-valid7973_ai_humanized_tool,3,217
200–400,writing-valid7973,writing-valid7973_human_ai_polished_gpt-3.5-turbo,1,241
200–400,writing-valid7973,writing-valid7973_human_written,0,231
400–600,writing-valid7976,writing-valid7976_ai_generated_gemini-1.5-pro-002,2,538
400–600,writing-valid7976,writing-valid7976_ai_generated_gemini-1.5-pro-002_THEN_gpt-3.5-turbo,2,558
200–400,writing-valid7976,writing-valid7976_human_ai_polished_gpt-4o-2024-11-20,1,225
400–600,writing-valid7976,writing-valid7976_human_written,0,515
600–800,writing-valid8389,writing-valid8389_ai_generated_qwen2.5-72b-instruct,2,627
600–800,writing-valid8389,writing-valid8389_ai_generated_qwen2.5-72b-instruct_THEN_claude-3-5-sonnet-20241022,2,658
600–800,writing-valid8389,writing-valid8389_human_ai_polished_claude-3-5-sonnet-20241022,1,624
600–800,writing-valid8389,writing-valid8389_human_written,0,632
600–800,writing-valid8455,writing-valid8455_ai_generated_gpt-4o-2024-11-20,2,749
600–800,writing-valid8455,writing-valid8455_ai_generated_gpt-4o-2024-11-20_THEN_gpt-4o-2024-11-20,2,703
600–800,writing-valid8455,writing-valid8455_human_ai_polished_gemini-1.5-pro-002,1,747
600–800,writing-valid8455,writing-valid8455_human_written,0,724
200–400,writing-valid8486,writing-valid8486_ai_generated_gemini-1.5-pro-002,2,259
200–400,writing-valid8486,writing-valid8486_ai_generated_gemini-1.5-pro-002_THEN_claude-3-5-sonnet-20241022,2,266
200–400,writing-valid8486,writing-valid8486_human_ai_polished_claude-3-5-sonnet-20241022,1,256
200–400,writing-valid8486,writing-valid8486_human_written,0,239
400–600,writing-valid8550,writing-valid8550_ai_generated_gemini-1.5-pro-002,2,439
200–400,writing-valid8550,writing-valid8550_ai_generated_gemini-1.5-pro-002_THEN_claude-3-5-sonnet-20241022,2,377
200–400,writing-valid8550,writing-valid8550_human_ai_polished_gpt-4o-2024-11-20,1,365
400–600,writing-valid8550,writing-valid8550_human_written,0,404
400–600,writing-valid8619,writing-valid8619_ai_generated_qwen2.5-72b-instruct,2,420
400–600,writing-valid8619,writing-valid8619_ai_generated_qwen2.5-72b-instruct_THEN_gemini-1.5-pro-002,2,451
400–600,writing-valid8619,writing-valid8619_human_ai_polished_gpt-3.5-turbo,1,429
400–600,writing-valid8619,writing-valid8619_human_written,0,402
400–600,writing-valid8662,writing-valid8662_ai_generated_gemini-1.5-pro-002,2,548
600–800,writing-valid8662,writing-valid8662_ai_generated_gemini-1.5-pro-002_THEN_gpt-4o-2024-11-20,2,739
400–600,writing-valid8662,writing-valid8662_human_ai_polished_gemini-1.5-pro-002,1,550
400–600,writing-valid8662,writing-valid8662_human_written,0,546
400–600,writing-valid9082,writing-valid9082_ai_generated_claude-3-5-sonnet-20241022,2,577
400–600,writing-valid9082,writing-valid9082_ai_generated_claude-3-5-sonnet-20241022_THEN_claude-3-5-sonnet-20241022,2,599
400–600,writing-valid9082,writing-valid9082_human_ai_polished_claude-3-5-sonnet-20241022,1,542
400–600,writing-valid9082,writing-valid9082_human_written,0,555
200–400,writing-valid9087,writing-valid9087_ai_generated_llama-3.3-70b-instruct,2,357
200–400,writing-valid9087,writing-valid9087_ai_generated_llama-3.3-70b-instruct_THEN_gpt-4o-2024-11-20,2,351
200–400,writing-valid9087,writing-valid9087_human_ai_polished_gemini-1.5-pro-002,1,348
200–400,writing-valid9087,writing-valid9087_human_written,0,352
400–600,writing-valid9353,writing-valid9353_ai_generated_gemini-1.5-pro-002,2,442
400–600,writing-valid9353,writing-valid9353_ai_generated_gemini-1.5-pro-002_THEN_gemini-1.5-pro-002,2,460
400–600,writing-valid9353,writing-valid9353_human_ai_polished_gemini-1.5-pro-002,1,489
400–600,writing-valid9353,writing-valid9353_human_written,0,490
0–200,writing-valid9614,writing-valid9614_ai_generated_llama-3.3-70b-instruct,2,186
0–200,writing-valid9614,writing-valid9614_ai_generated_llama-3.3-70b-instruct_THEN_gpt-4o-2024-11-20,2,192
0–200,writing-valid9614,writing-valid9614_human_ai_polished_gpt-3.5-turbo,1,175
0–200,writing-valid9614,writing-valid9614_human_written,0,179
400–600,writing-valid9743,writing-valid9743_ai_generated_gpt-3.5-turbo,2,413
400–600,writing-valid9743,writing-valid9743_ai_generated_gpt-3.5-turbo_THEN_claude-3-5-sonnet-20241022,2,410
400–600,writing-valid9743,writing-valid9743_human_ai_polished_claude-3-5-sonnet-20241022,1,415
400–600,writing-valid9743,writing-valid9743_human_written,0,414
400–600,writing-valid9781,writing-valid9781_ai_generated_llama-3.3-70b-instruct,2,433
400–600,writing-valid9781,writing-valid9781_ai_generated_llama-3.3-70b-instruct_THEN_gpt-4o-2024-11-20,2,476
400–600,writing-valid9781,writing-valid9781_human_ai_polished_claude-3-5-sonnet-20241022,1,442
400–600,writing-valid9781,writing-valid9781_human_written,0,453
400–600,writing-valid980,writing-valid980_ai_generated_gemini-1.5-pro-002,2,496
400–600,writing-valid980,writing-valid980_ai_generated_gemini-1.5-pro-002_THEN_claude-3-5-sonnet-20241022,2,462
400–600,writing-valid980,writing-valid980_human_ai_polished_gemini-1.5-pro-002,1,484
400–600,writing-valid980,writing-valid980_human_written,0,486
0–200,writing-valid9836,writing-valid9836_ai_generated_claude-3-5-sonnet-20241022,2,182
200–400,writing-valid9836,writing-valid9836_ai_generated_claude-3-5-sonnet-20241022_THEN_claude-3-5-sonnet-20241022,2,208
0–200,writing-valid9836,writing-valid9836_human_ai_polished_gemini-1.5-pro-002,1,175
0–200,writing-valid9836,writing-valid9836_human_written,0,178
